ISO-10303-21;
HEADER;
FILE_DESCRIPTION (( 'STEP AP214' ),
    '1' );
FILE_NAME ('sensor_mount_assembly.STEP',
    '2026-08-06T09:41:50',
    ( '' ),
    ( '' ),
    'SwSTEP 2.0',
    'SolidWorks 2026',
    '' );
FILE_SCHEMA (( 'AUTOMOTIVE_DESIGN' ));
ENDSEC;

DATA;
#1 = EDGE_LOOP ( 'NONE', ( #1605, #30 ) ) ;
#2 = FACE_OUTER_BOUND ( 'NONE', #1240, .T. ) ;
#3 =( NAMED_UNIT ( * ) PLANE_ANGLE_UNIT ( ) SI_UNIT ( $, .RADIAN. ) );
#4 = DIRECTION ( 'NONE',  ( 0.8660254037844385966, 0.000000000000000000, -0.5000000000000000000 ) ) ;
#5 = ORIENTED_EDGE ( 'NONE', *, *, #1489, .T. ) ;
#6 = EDGE_CURVE ( 'NONE', #1423, #947, #1333, .T. ) ;
#7 = DIRECTION ( 'NONE',  ( -0.000000000000000000, -1.000000000000000000, -0.000000000000000000 ) ) ;
#8 = VERTEX_POINT ( 'NONE', #183 ) ;
#9 = AXIS2_PLACEMENT_3D ( 'NONE', #1306, #1635, #201 ) ;
#10 = ORIENTED_EDGE ( 'NONE', *, *, #652, .F. ) ;
#11 = DIRECTION ( 'NONE',  ( 1.000000000000000000, -0.000000000000000000, 0.000000000000000000 ) ) ;
#12 = CARTESIAN_POINT ( 'NONE',  ( 0.000000000000000000, 4.000000000000000000, 0.000000000000000000 ) ) ;
#13 = EDGE_CURVE ( 'NONE', #441, #2068, #1135, .T. ) ;
#14 = DIRECTION ( 'NONE',  ( 0.000000000000000000, 0.000000000000000000, -1.000000000000000000 ) ) ;
#15 = CARTESIAN_POINT ( 'NONE',  ( -11.25833063868068962, 0.000000000000000000, 6.500000224868111687 ) ) ;
#16 = AXIS2_PLACEMENT_3D ( 'NONE', #769, #1553, #1072 ) ;
#17 = VERTEX_POINT ( 'NONE', #1620 ) ;
#18 = VECTOR ( 'NONE', #751, 1000.000000000000000 ) ;
#19 = DIRECTION ( 'NONE',  ( 0.000000000000000000, 0.000000000000000000, 1.000000000000000000 ) ) ;
#20 = VERTEX_POINT ( 'NONE', #1372 ) ;
#21 = CARTESIAN_POINT ( 'NONE',  ( 2.416445510260037022E-15, 5.000000000000000000, 13.00000044973622160 ) ) ;
#22 = ORIENTED_EDGE ( 'NONE', *, *, #1717, .T. ) ;
#23 = CARTESIAN_POINT ( 'NONE',  ( -41.28425012924968485, 0.000000000000000000, -28.80229070387949619 ) ) ;
#24 = SURFACE_STYLE_USAGE ( .BOTH. , #1323 ) ;
#25 = PLANE ( 'NONE',  #1359 ) ;
#26 = EDGE_CURVE ( 'NONE', #1147, #881, #683, .T. ) ;
#27 = ORIENTED_EDGE ( 'NONE', *, *, #285, .F. ) ;
#28 = AXIS2_PLACEMENT_3D ( 'NONE', #1662, #1343, #1012 ) ;
#29 = DIRECTION ( 'NONE',  ( 1.000000000000000000, 0.000000000000000000, 0.000000000000000000 ) ) ;
#30 = ORIENTED_EDGE ( 'NONE', *, *, #1251, .F. ) ;
#31 = FACE_BOUND ( 'NONE', #1714, .T. ) ;
#32 = VECTOR ( 'NONE', #1395, 1000.000000000000000 ) ;
#33 =( NAMED_UNIT ( * ) PLANE_ANGLE_UNIT ( ) SI_UNIT ( $, .RADIAN. ) );
#34 = ADVANCED_FACE ( 'NONE', ( #709 ), #1169, .F. ) ;
#35 = CARTESIAN_POINT ( 'NONE',  ( -41.28425012924968485, 0.000000000000000000, -24.55229070387949974 ) ) ;
#36 = ORIENTED_EDGE ( 'NONE', *, *, #2033, .T. ) ;
#37 = DIRECTION ( 'NONE',  ( 0.000000000000000000, 1.000000000000000000, 0.000000000000000000 ) ) ;
#38 = DIRECTION ( 'NONE',  ( -0.000000000000000000, 1.000000000000000000, -0.000000000000000000 ) ) ;
#39 = DIRECTION ( 'NONE',  ( 0.000000000000000000, 0.000000000000000000, 1.000000000000000000 ) ) ;
#40 = EDGE_LOOP ( 'NONE', ( #1763, #178, #1279, #1900 ) ) ;
#41 = PRODUCT_DEFINITION_CONTEXT ( 'detailed design', #633, 'design' ) ;
#42 = VERTEX_POINT ( 'NONE', #1816 ) ;
#43 = EDGE_CURVE ( 'NONE', #1623, #612, #989, .T. ) ;
#44 = ADVANCED_FACE ( 'NONE', ( #1186 ), #529, .F. ) ;
#45 = DIRECTION ( 'NONE',  ( 0.000000000000000000, 0.000000000000000000, 1.000000000000000000 ) ) ;
#46 = CARTESIAN_POINT ( 'NONE',  ( 0.000000000000000000, 0.000000000000000000, 4.250000000000000000 ) ) ;
#47 = FILL_AREA_STYLE_COLOUR ( '', #1421 ) ;
#48 = VERTEX_POINT ( 'NONE', #1835 ) ;
#49 =( LENGTH_UNIT ( ) NAMED_UNIT ( * ) SI_UNIT ( .MILLI., .METRE. ) );
#50 = CIRCLE ( 'NONE', #241, 3.250000000000006217 ) ;
#51 = VERTEX_POINT ( 'NONE', #876 ) ;
#52 = ADVANCED_FACE ( 'NONE', ( #1519 ), #550, .F. ) ;
#53 = CIRCLE ( 'NONE', #1118, 4.000000000000000000 ) ;
#54 = LINE ( 'NONE', #835, #1727 ) ;
#55 = AXIS2_PLACEMENT_3D ( 'NONE', #208, #377, #365 ) ;
#56 = ADVANCED_BREP_SHAPE_REPRESENTATION ( '', ( #1788, #926 ), #1524 ) ;
#57 =( NAMED_UNIT ( * ) PLANE_ANGLE_UNIT ( ) SI_UNIT ( $, .RADIAN. ) );
#58 = CARTESIAN_POINT ( 'NONE',  ( 19.71574987075032226, 0.000000000000000000, 0.6977092961205009214 ) ) ;
#59 = PRODUCT_DEFINITION_CONTEXT ( 'detailed design', #1389, 'design' ) ;
#60 = VERTEX_POINT ( 'NONE', #1196 ) ;
#61 = UNCERTAINTY_MEASURE_WITH_UNIT (LENGTH_MEASURE( 1.000000000000000082E-05 ), #188, 'distance_accuracy_value', 'NONE');
#62 = VECTOR ( 'NONE', #2073, 1000.000000000000000 ) ;
#63 = AXIS2_PLACEMENT_3D ( 'NONE', #1529, #1357, #92 ) ;
#64 = EDGE_CURVE ( 'NONE', #869, #216, #521, .T. ) ;
#65 = LINE ( 'NONE', #1338, #409 ) ;
#66 = DIRECTION ( 'NONE',  ( 0.000000000000000000, 0.000000000000000000, 1.000000000000000000 ) ) ;
#67 = PRODUCT_RELATED_PRODUCT_CATEGORY ( 'part', '', ( #1663 ) ) ;
#68 = FACE_OUTER_BOUND ( 'NONE', #785, .T. ) ;
#69 = EDGE_CURVE ( 'NONE', #1827, #1446, #367, .T. ) ;
#70 = ORIENTED_EDGE ( 'NONE', *, *, #713, .T. ) ;
#71 = FACE_OUTER_BOUND ( 'NONE', #965, .T. ) ;
#72 = EDGE_LOOP ( 'NONE', ( #173, #2017, #894, #263 ) ) ;
#73 = DIRECTION ( 'NONE',  ( 0.000000000000000000, 1.000000000000000000, 0.000000000000000000 ) ) ;
#74 = LINE ( 'NONE', #1026, #1775 ) ;
#75 = AXIS2_PLACEMENT_3D ( 'NONE', #1426, #300, #1270 ) ;
#76 = EDGE_CURVE ( 'NONE', #1228, #1581, #1009, .T. ) ;
#77 = DIRECTION ( 'NONE',  ( 1.000000000000000000, 0.000000000000000000, -0.000000000000000000 ) ) ;
#78 = VERTEX_POINT ( 'NONE', #1659 ) ;
#79 = CARTESIAN_POINT ( 'NONE',  ( -52.28425012924968485, 0.000000000000000000, -49.80229070387950685 ) ) ;
#80 = EDGE_LOOP ( 'NONE', ( #473, #515, #398, #1039 ) ) ;
#81 = CARTESIAN_POINT ( 'NONE',  ( 0.000000000000000000, 0.000000000000000000, 4.250000000000000000 ) ) ;
#82 = SURFACE_SIDE_STYLE ('',( #1517 ) ) ;
#83 = LINE ( 'NONE', #708, #1220 ) ;
#84 = DIRECTION ( 'NONE',  ( 0.8660254037844385966, 0.000000000000000000, 0.4999999999999998890 ) ) ;
#85 = EDGE_CURVE ( 'NONE', #1916, #1461, #793, .T. ) ;
#86 = CIRCLE ( 'NONE', #2082, 8.000000000000000000 ) ;
#87 = ORIENTED_EDGE ( 'NONE', *, *, #1877, .F. ) ;
#88 = CARTESIAN_POINT ( 'NONE',  ( 14.87526427061310841, 0.000000000000000000, -9.919133192388997600 ) ) ;
#89 = FACE_OUTER_BOUND ( 'NONE', #1731, .T. ) ;
#90 = ORIENTED_EDGE ( 'NONE', *, *, #1211, .F. ) ;
#91 = DIRECTION ( 'NONE',  ( 0.000000000000000000, 1.000000000000000000, 0.000000000000000000 ) ) ;
#92 = DIRECTION ( 'NONE',  ( 0.000000000000000000, 0.000000000000000000, 1.000000000000000000 ) ) ;
#93 = AXIS2_PLACEMENT_3D ( 'NONE', #2003, #370, #539 ) ;
#94 = ORIENTED_EDGE ( 'NONE', *, *, #498, .T. ) ;
#95 = FACE_BOUND ( 'NONE', #449, .T. ) ;
#96 = CARTESIAN_POINT ( 'NONE',  ( 14.87526427061310841, 0.000000000000000000, -13.16913319238899938 ) ) ;
#97 = ORIENTED_EDGE ( 'NONE', *, *, #472, .T. ) ;
#98 = ORIENTED_EDGE ( 'NONE', *, *, #1349, .T. ) ;
#99 = EDGE_CURVE ( 'NONE', #1461, #1916, #139, .T. ) ;
#100 = LINE ( 'NONE', #729, #297 ) ;
#101 = EDGE_CURVE ( 'NONE', #407, #1595, #1037, .T. ) ;
#102 = ORIENTED_EDGE ( 'NONE', *, *, #1521, .T. ) ;
#103 = CARTESIAN_POINT ( 'NONE',  ( -41.28425012924968485, 14.00000000000000000, -24.55229070387949974 ) ) ;
#104 = DIRECTION ( 'NONE',  ( 0.000000000000000000, 0.000000000000000000, 1.000000000000000000 ) ) ;
#105 = PRESENTATION_LAYER_ASSIGNMENT (  '', '', ( #1003 ) ) ;
#106 = DIRECTION ( 'NONE',  ( 0.000000000000000000, 1.000000000000000000, 0.000000000000000000 ) ) ;
#107 = ORIENTED_EDGE ( 'NONE', *, *, #1443, .F. ) ;
#108 = DIRECTION ( 'NONE',  ( 0.000000000000000000, 0.000000000000000000, 1.000000000000000000 ) ) ;
#109 = DIRECTION ( 'NONE',  ( 0.000000000000000000, 1.000000000000000000, 0.000000000000000000 ) ) ;
#110 = VERTEX_POINT ( 'NONE', #886 ) ;
#111 = CIRCLE ( 'NONE', #1685, 11.99999999999999645 ) ;
#112 = VECTOR ( 'NONE', #899, 1000.000000000000000 ) ;
#113 = DIRECTION ( 'NONE',  ( 0.000000000000000000, 0.000000000000000000, -1.000000000000000000 ) ) ;
#114 = ORIENTED_EDGE ( 'NONE', *, *, #85, .T. ) ;
#115 = CARTESIAN_POINT ( 'NONE',  ( 14.87526427061310841, 0.000000000000000000, -16.41913319238900471 ) ) ;
#116 = CARTESIAN_POINT ( 'NONE',  ( -11.25833063868069317, 5.000000000000000000, -6.500000224868107246 ) ) ;
#117 = CARTESIAN_POINT ( 'NONE',  ( -66.28425012924968485, 8.000000000000000000, -59.55229070387950685 ) ) ;
#118 = AXIS2_PLACEMENT_3D ( 'NONE', #1181, #37, #205 ) ;
#119 = DIRECTION ( 'NONE',  ( 0.000000000000000000, 0.000000000000000000, 1.000000000000000000 ) ) ;
#120 = ORIENTED_EDGE ( 'NONE', *, *, #1877, .T. ) ;
#121 = CARTESIAN_POINT ( 'NONE',  ( -66.28425012924969906, 0.000000000000000000, 10.44770929612050203 ) ) ;
#122 = ORIENTED_EDGE ( 'NONE', *, *, #476, .F. ) ;
#123 = ADVANCED_FACE ( 'NONE', ( #1532 ), #212, .F. ) ;
#124 = VERTEX_POINT ( 'NONE', #1678 ) ;
#125 = DIRECTION ( 'NONE',  ( 0.000000000000000000, 0.000000000000000000, 1.000000000000000000 ) ) ;
#126 = LINE ( 'NONE', #294, #203 ) ;
#127 = DIRECTION ( 'NONE',  ( 0.000000000000000000, 0.000000000000000000, 1.000000000000000000 ) ) ;
#128 = VECTOR ( 'NONE', #938, 1000.000000000000000 ) ;
#129 = AXIS2_PLACEMENT_3D ( 'NONE', #589, #291, #419 ) ;
#130 = DIRECTION ( 'NONE',  ( 0.000000000000000000, 0.000000000000000000, 1.000000000000000000 ) ) ;
#131 = ORIENTED_EDGE ( 'NONE', *, *, #424, .F. ) ;
#132 = CARTESIAN_POINT ( 'NONE',  ( 27.87526427061311196, 0.000000000000000000, 9.830866807611000624 ) ) ;
#133 = EDGE_CURVE ( 'NONE', #749, #663, #1028, .T. ) ;
#134 = ORIENTED_EDGE ( 'NONE', *, *, #1521, .F. ) ;
#135 = LINE ( 'NONE', #1081, #1022 ) ;
#136 =( LENGTH_UNIT ( ) NAMED_UNIT ( * ) SI_UNIT ( .MILLI., .METRE. ) );
#137 = CARTESIAN_POINT ( 'NONE',  ( -41.28425012924968485, 0.000000000000000000, -28.80229070387949619 ) ) ;
#138 = DIRECTION ( 'NONE',  ( 0.000000000000000000, 1.000000000000000000, 0.000000000000000000 ) ) ;
#139 = CIRCLE ( 'NONE', #2061, 4.249999999999996447 ) ;
#140 = EDGE_CURVE ( 'NONE', #1960, #1125, #1502, .T. ) ;
#141 = CARTESIAN_POINT ( 'NONE',  ( -41.28425012924968485, 0.000000000000000000, -24.55229070387949974 ) ) ;
#142 = ORIENTED_EDGE ( 'NONE', *, *, #404, .F. ) ;
#143 = UNCERTAINTY_MEASURE_WITH_UNIT (LENGTH_MEASURE( 1.000000000000000082E-05 ), #1607, 'distance_accuracy_value', 'NONE');
#144 = ORIENTED_EDGE ( 'NONE', *, *, #2033, .F. ) ;
#145 = VECTOR ( 'NONE', #1237, 1000.000000000000000 ) ;
#146 = DIRECTION ( 'NONE',  ( -0.000000000000000000, 1.000000000000000000, -0.000000000000000000 ) ) ;
#147 = VECTOR ( 'NONE', #615, 1000.000000000000000 ) ;
#148 = VERTEX_POINT ( 'NONE', #395 ) ;
#149 = CARTESIAN_POINT ( 'NONE',  ( 19.71574987075032226, 0.000000000000000000, 0.6977092961205009214 ) ) ;
#150 = CARTESIAN_POINT ( 'NONE',  ( -41.28425012924968485, 14.00000000000000000, -36.55229070387949974 ) ) ;
#151 = CARTESIAN_POINT ( 'NONE',  ( 5.204748896376250699E-16, 5.000000000000000000, -4.250000000000000000 ) ) ;
#152 = ORIENTED_EDGE ( 'NONE', *, *, #685, .T. ) ;
#153 = VECTOR ( 'NONE', #875, 1000.000000000000000 ) ;
#154 = DIRECTION ( 'NONE',  ( 0.000000000000000000, 0.000000000000000000, 1.000000000000000000 ) ) ;
#155 = ORIENTED_EDGE ( 'NONE', *, *, #101, .T. ) ;
#156 = CARTESIAN_POINT ( 'NONE',  ( 11.25833063868069850, 5.000000000000000000, 6.500000224868101917 ) ) ;
#157 = ADVANCED_FACE ( 'NONE', ( #68 ), #1340, .F. ) ;
#158 = ORIENTED_EDGE ( 'NONE', *, *, #485, .T. ) ;
#159 = PRESENTATION_STYLE_ASSIGNMENT (( #179 ) ) ;
#160 = DIRECTION ( 'NONE',  ( -0.000000000000000000, -1.000000000000000000, -0.000000000000000000 ) ) ;
#161 = VERTEX_POINT ( 'NONE', #1061 ) ;
#162 = AXIS2_PLACEMENT_3D ( 'NONE', #1313, #192, #1345 ) ;
#163 = AXIS2_PLACEMENT_3D ( 'NONE', #786, #1582, #609 ) ;
#164 = CLOSED_SHELL ( 'NONE', ( #429, #743, #1966, #44, #1590, #1593, #547, #607, #1024, #540 ) ) ;
#165 = LINE ( 'NONE', #639, #2069 ) ;
#166 = ORIENTED_EDGE ( 'NONE', *, *, #1786, .F. ) ;
#167 = ADVANCED_FACE ( 'NONE', ( #906 ), #1745, .T. ) ;
#168 = ORIENTED_EDGE ( 'NONE', *, *, #508, .F. ) ;
#169 = DIRECTION ( 'NONE',  ( 0.000000000000000000, 0.000000000000000000, 1.000000000000000000 ) ) ;
#170 = DIRECTION ( 'NONE',  ( 0.000000000000000000, 0.000000000000000000, 1.000000000000000000 ) ) ;
#171 = DIRECTION ( 'NONE',  ( 0.000000000000000000, 0.000000000000000000, 1.000000000000000000 ) ) ;
#172 = APPLICATION_CONTEXT ( 'automotive_design' ) ;
#173 = ORIENTED_EDGE ( 'NONE', *, *, #2067, .F. ) ;
#174 = VECTOR ( 'NONE', #1411, 1000.000000000000000 ) ;
#175 =( NAMED_UNIT ( * ) PLANE_ANGLE_UNIT ( ) SI_UNIT ( $, .RADIAN. ) );
#176 = EDGE_CURVE ( 'NONE', #2064, #794, #1382, .T. ) ;
#177 = DIRECTION ( 'NONE',  ( 0.000000000000000000, 1.000000000000000000, 0.000000000000000000 ) ) ;
#178 = ORIENTED_EDGE ( 'NONE', *, *, #1751, .T. ) ;
#179 = SURFACE_STYLE_USAGE ( .BOTH. , #325 ) ;
#180 = CARTESIAN_POINT ( 'NONE',  ( 0.000000000000000000, 0.000000000000000000, 0.000000000000000000 ) ) ;
#181 =( NAMED_UNIT ( * ) SI_UNIT ( $, .STERADIAN. ) SOLID_ANGLE_UNIT ( ) );
#182 = FACE_BOUND ( 'NONE', #1525, .T. ) ;
#183 = CARTESIAN_POINT ( 'NONE',  ( 0.000000000000000000, 0.000000000000000000, -34.43136325280410404 ) ) ;
#184 = SHAPE_DEFINITION_REPRESENTATION ( #2025, #518 ) ;
#185 = PRODUCT_DEFINITION_CONTEXT ( 'detailed design', #234, 'design' ) ;
#186 = EDGE_CURVE ( 'NONE', #953, #357, #1719, .T. ) ;
#187 = ORIENTED_EDGE ( 'NONE', *, *, #1097, .T. ) ;
#188 =( LENGTH_UNIT ( ) NAMED_UNIT ( * ) SI_UNIT ( .MILLI., .METRE. ) );
#189 = AXIS2_PLACEMENT_3D ( 'NONE', #800, #38, #470 ) ;
#190 = DIRECTION ( 'NONE',  ( 0.000000000000000000, -0.000000000000000000, 1.000000000000000000 ) ) ;
#191 = ORIENTED_EDGE ( 'NONE', *, *, #43, .T. ) ;
#192 = DIRECTION ( 'NONE',  ( 0.000000000000000000, 1.000000000000000000, 0.000000000000000000 ) ) ;
#193 = CARTESIAN_POINT ( 'NONE',  ( -52.28425012924968485, 0.000000000000000000, -41.30229070387949974 ) ) ;
#194 = CARTESIAN_POINT ( 'NONE',  ( 120.0000000000000000, 6.000000000000000000, 0.000000000000000000 ) ) ;
#195 = PRODUCT_RELATED_PRODUCT_CATEGORY ( 'part', '', ( #1837 ) ) ;
#196 = ORIENTED_EDGE ( 'NONE', *, *, #186, .F. ) ;
#197 = AXIS2_PLACEMENT_3D ( 'NONE', #2041, #1558, #750 ) ;
#198 = CONTEXT_DEPENDENT_SHAPE_REPRESENTATION ( #915, #2008 ) ;
#199 = ORIENTED_EDGE ( 'NONE', *, *, #1410, .F. ) ;
#200 = AXIS2_PLACEMENT_3D ( 'NONE', #1782, #329, #171 ) ;
#201 = DIRECTION ( 'NONE',  ( 0.000000000000000000, -0.000000000000000000, 1.000000000000000000 ) ) ;
#202 = EDGE_CURVE ( 'NONE', #1471, #477, #768, .T. ) ;
#203 = VECTOR ( 'NONE', #1872, 1000.000000000000000 ) ;
#204 = AXIS2_PLACEMENT_3D ( 'NONE', #257, #568, #537 ) ;
#205 = DIRECTION ( 'NONE',  ( 0.000000000000000000, 0.000000000000000000, 1.000000000000000000 ) ) ;
#206 = CARTESIAN_POINT ( 'NONE',  ( -22.12473572938689159, 6.000000000000000000, -36.16913319238899760 ) ) ;
#207 = ORIENTED_EDGE ( 'NONE', *, *, #2007, .F. ) ;
#208 = CARTESIAN_POINT ( 'NONE',  ( 665.8828973851285582, 874.7625053191183042, 1306.868165165528808 ) ) ;
#209 = VERTEX_POINT ( 'NONE', #2035 ) ;
#210 = VECTOR ( 'NONE', #356, 1000.000000000000000 ) ;
#211 = DIRECTION ( 'NONE',  ( -1.000000000000000000, 0.000000000000000000, -0.000000000000000000 ) ) ;
#212 = CYLINDRICAL_SURFACE ( 'NONE', #766, 3.250000000000002665 ) ;
#213 = APPLICATION_PROTOCOL_DEFINITION ( 'draft international standard', 'automotive_design', 1998, #172 ) ;
#214 = CIRCLE ( 'NONE', #1183, 17.50000000000000000 ) ;
#215 = VECTOR ( 'NONE', #889, 1000.000000000000000 ) ;
#216 = VERTEX_POINT ( 'NONE', #414 ) ;
#217 = EDGE_CURVE ( 'NONE', #934, #990, #126, .T. ) ;
#218 = CIRCLE ( 'NONE', #118, 8.000000000000000000 ) ;
#219 = DIRECTION ( 'NONE',  ( 0.000000000000000000, 1.000000000000000000, 0.000000000000000000 ) ) ;
#220 = FACE_OUTER_BOUND ( 'NONE', #1808, .T. ) ;
#221 = EDGE_CURVE ( 'NONE', #124, #416, #1473, .T. ) ;
#222 = DIRECTION ( 'NONE',  ( 0.000000000000000000, 1.000000000000000000, 0.000000000000000000 ) ) ;
#223 = VERTEX_POINT ( 'NONE', #1255 ) ;
#224 = CARTESIAN_POINT ( 'NONE',  ( 11.25833063868069850, 5.000000000000000000, 6.500000224868101917 ) ) ;
#225 = ORIENTED_EDGE ( 'NONE', *, *, #1918, .T. ) ;
#226 = SHAPE_REPRESENTATION ( 'pivot_piv', ( #926 ), #2079 ) ;
#227 = EDGE_CURVE ( 'NONE', #1661, #772, #838, .T. ) ;
#228 = CARTESIAN_POINT ( 'NONE',  ( 14.87526427061310841, 0.000000000000000000, -13.16913319238899938 ) ) ;
#229 = CARTESIAN_POINT ( 'NONE',  ( 0.000000000000000000, 6.000000000000000000, 0.000000000000000000 ) ) ;
#230 = DIRECTION ( 'NONE',  ( 0.000000000000000000, 1.000000000000000000, 0.000000000000000000 ) ) ;
#231 = ORIENTED_EDGE ( 'NONE', *, *, #217, .F. ) ;
#232 = CARTESIAN_POINT ( 'NONE',  ( 27.87526427061311196, 6.000000000000000000, 9.830866807611000624 ) ) ;
#233 = ORIENTED_EDGE ( 'NONE', *, *, #1644, .F. ) ;
#234 = APPLICATION_CONTEXT ( 'automotive_design' ) ;
#235 = DIRECTION ( 'NONE',  ( 0.000000000000000000, 0.000000000000000000, 1.000000000000000000 ) ) ;
#236 = EDGE_CURVE ( 'NONE', #956, #1312, #423, .T. ) ;
#237 = CARTESIAN_POINT ( 'NONE',  ( -41.28425012924968485, 14.00000000000000000, -28.80229070387949619 ) ) ;
#238 = VECTOR ( 'NONE', #595, 1000.000000000000000 ) ;
#239 = DIRECTION ( 'NONE',  ( 0.000000000000000000, 0.000000000000000000, 1.000000000000000000 ) ) ;
#240 = EDGE_LOOP ( 'NONE', ( #1880, #701 ) ) ;
#241 = AXIS2_PLACEMENT_3D ( 'NONE', #1134, #493, #520 ) ;
#242 = EDGE_CURVE ( 'NONE', #1366, #1540, #1297, .T. ) ;
#243 = ORIENTED_EDGE ( 'NONE', *, *, #442, .T. ) ;
#244 = DIRECTION ( 'NONE',  ( 0.000000000000000000, 0.000000000000000000, 1.000000000000000000 ) ) ;
#245 =( NAMED_UNIT ( * ) SI_UNIT ( $, .STERADIAN. ) SOLID_ANGLE_UNIT ( ) );
#246 = VECTOR ( 'NONE', #2016, 1000.000000000000000 ) ;
#247 = VERTEX_POINT ( 'NONE', #1711 ) ;
#248 = DIRECTION ( 'NONE',  ( 0.000000000000000000, 0.000000000000000000, 1.000000000000000000 ) ) ;
#249 = CARTESIAN_POINT ( 'NONE',  ( 11.25833063868069317, 5.000000000000000000, -6.500000224868111687 ) ) ;
#250 = ITEM_DEFINED_TRANSFORMATION ( 'NONE', 'NONE', #1043,  #926 ) ;
#251 = VECTOR ( 'NONE', #1977, 1000.000000000000000 ) ;
#252 = ADVANCED_FACE ( 'NONE', ( #2059, #282 ), #269, .T. ) ;
#253 = ORIENTED_EDGE ( 'NONE', *, *, #773, .T. ) ;
#254 = CARTESIAN_POINT ( 'NONE',  ( 99.99999999999998579, 0.000000000000000000, -19.68136325280411114 ) ) ;
#255 = ORIENTED_EDGE ( 'NONE', *, *, #6, .T. ) ;
#256 = EDGE_CURVE ( 'NONE', #1878, #2047, #1363, .T. ) ;
#257 = CARTESIAN_POINT ( 'NONE',  ( -52.28425012924968485, 0.000000000000000000, -45.55229070387950685 ) ) ;
#258 = VECTOR ( 'NONE', #2021, 1000.000000000000000 ) ;
#259 = ORIENTED_EDGE ( 'NONE', *, *, #1602, .F. ) ;
#260 = FACE_BOUND ( 'NONE', #1744, .T. ) ;
#261 = PLANE ( 'NONE',  #296 ) ;
#262 = FACE_OUTER_BOUND ( 'NONE', #275, .T. ) ;
#263 = ORIENTED_EDGE ( 'NONE', *, *, #13, .F. ) ;
#264 = CARTESIAN_POINT ( 'NONE',  ( 0.000000000000000000, 5.000000000000000000, 0.000000000000000000 ) ) ;
#265 = ORIENTED_EDGE ( 'NONE', *, *, #217, .T. ) ;
#266 = DIRECTION ( 'NONE',  ( 0.000000000000000000, 0.000000000000000000, -1.000000000000000000 ) ) ;
#267 = ORIENTED_EDGE ( 'NONE', *, *, #1817, .T. ) ;
#268 = CARTESIAN_POINT ( 'NONE',  ( 0.000000000000000000, 8.000000000000000000, 0.000000000000000000 ) ) ;
#269 = PLANE ( 'NONE',  #1021 ) ;
#270 = PLANE ( 'NONE',  #1458 ) ;
#271 = AXIS2_PLACEMENT_3D ( 'NONE', #1606, #314, #928 ) ;
#272 = DIRECTION ( 'NONE',  ( -1.000000000000000000, 0.000000000000000000, -0.000000000000000000 ) ) ;
#273 = VERTEX_POINT ( 'NONE', #150 ) ;
#274 = CARTESIAN_POINT ( 'NONE',  ( 99.99999999999998579, 0.000000000000000000, -13.18136325280409871 ) ) ;
#275 = EDGE_LOOP ( 'NONE', ( #1859, #1802, #372, #253 ) ) ;
#276 =( GEOMETRIC_REPRESENTATION_CONTEXT ( 3 ) GLOBAL_UNCERTAINTY_ASSIGNED_CONTEXT ( ( #620 ) ) GLOBAL_UNIT_ASSIGNED_CONTEXT ( ( #814, #57, #181 ) ) REPRESENTATION_CONTEXT ( 'NONE', 'WORKASPACE' ) );
#277 = AXIS2_PLACEMENT_3D ( 'NONE', #428, #1715, #1559 ) ;
#278 = PRODUCT_RELATED_PRODUCT_CATEGORY ( 'part', '', ( #1176 ) ) ;
#279 = FACE_BOUND ( 'NONE', #1870, .T. ) ;
#280 = ORIENTED_EDGE ( 'NONE', *, *, #901, .T. ) ;
#281 = DIRECTION ( 'NONE',  ( 0.000000000000000000, 1.000000000000000000, 0.000000000000000000 ) ) ;
#282 = FACE_OUTER_BOUND ( 'NONE', #1404, .T. ) ;
#283 = PLANE ( 'NONE',  #1077 ) ;
#284 = AXIS2_PLACEMENT_3D ( 'NONE', #823, #546, #667 ) ;
#285 = EDGE_CURVE ( 'NONE', #828, #1366, #1895, .T. ) ;
#286 = PLANE ( 'NONE',  #437 ) ;
#287 = ORIENTED_EDGE ( 'NONE', *, *, #396, .F. ) ;
#288 = DIRECTION ( 'NONE',  ( 0.000000000000000000, 0.000000000000000000, -1.000000000000000000 ) ) ;
#289 = EDGE_LOOP ( 'NONE', ( #10, #1082, #152, #1137 ) ) ;
#290 = AXIS2_PLACEMENT_3D ( 'NONE', #737, #1989, #1179 ) ;
#291 = DIRECTION ( 'NONE',  ( 0.000000000000000000, 1.000000000000000000, 0.000000000000000000 ) ) ;
#292 = EDGE_CURVE ( 'NONE', #1108, #1250, #1740, .T. ) ;
#293 = DIRECTION ( 'NONE',  ( -0.000000000000000000, 1.000000000000000000, -0.000000000000000000 ) ) ;
#294 = CARTESIAN_POINT ( 'NONE',  ( 27.87526427061311196, 0.000000000000000000, 9.830866807611000624 ) ) ;
#295 = DIRECTION ( 'NONE',  ( 0.8660254037844385966, 0.000000000000000000, 0.5000000000000000000 ) ) ;
#296 = AXIS2_PLACEMENT_3D ( 'NONE', #896, #1542, #104 ) ;
#297 = VECTOR ( 'NONE', #1016, 1000.000000000000000 ) ;
#298 = DIRECTION ( 'NONE',  ( 1.000000000000000000, 0.000000000000000000, 0.000000000000000000 ) ) ;
#299 = VERTEX_POINT ( 'NONE', #929 ) ;
#300 = DIRECTION ( 'NONE',  ( 0.000000000000000000, 1.000000000000000000, 0.000000000000000000 ) ) ;
#301 = ORIENTED_EDGE ( 'NONE', *, *, #1664, .T. ) ;
#302 = FACE_OUTER_BOUND ( 'NONE', #972, .T. ) ;
#303 = ORIENTED_EDGE ( 'NONE', *, *, #992, .T. ) ;
#304 = CARTESIAN_POINT ( 'NONE',  ( 76.00000000000000000, 0.000000000000000000, -16.43136325280410404 ) ) ;
#305 = FACE_OUTER_BOUND ( 'NONE', #317, .T. ) ;
#306 = CARTESIAN_POINT ( 'NONE',  ( -9.124735729386891592, 0.000000000000000000, -13.16913319238899938 ) ) ;
#307 = CYLINDRICAL_SURFACE ( 'NONE', #1963, 4.250000000000000000 ) ;
#308 = ORIENTED_EDGE ( 'NONE', *, *, #99, .T. ) ;
#309 = ORIENTED_EDGE ( 'NONE', *, *, #594, .F. ) ;
#310 = ADVANCED_FACE ( 'NONE', ( #305 ), #2023, .F. ) ;
#311 = PLANE ( 'NONE',  #1405 ) ;
#312 = CIRCLE ( 'NONE', #2072, 4.000000000000000000 ) ;
#313 = ORIENTED_EDGE ( 'NONE', *, *, #834, .T. ) ;
#314 = DIRECTION ( 'NONE',  ( 0.000000000000000000, 1.000000000000000000, 0.000000000000000000 ) ) ;
#315 = PRESENTATION_STYLE_ASSIGNMENT (( #1287 ) ) ;
#316 = FACE_OUTER_BOUND ( 'NONE', #289, .T. ) ;
#317 = EDGE_LOOP ( 'NONE', ( #963, #818, #796, #638 ) ) ;
#318 = AXIS2_PLACEMENT_3D ( 'NONE', #2020, #882, #399 ) ;
#319 = EDGE_CURVE ( 'NONE', #1063, #1878, #570, .T. ) ;
#320 =( GEOMETRIC_REPRESENTATION_CONTEXT ( 3 ) GLOBAL_UNCERTAINTY_ASSIGNED_CONTEXT ( ( #1810 ) ) GLOBAL_UNIT_ASSIGNED_CONTEXT ( ( #49, #1809, #1795 ) ) REPRESENTATION_CONTEXT ( 'NONE', 'WORKASPACE' ) );
#321 = EDGE_LOOP ( 'NONE', ( #1904, #158, #1544, #488 ) ) ;
#322 = ADVANCED_FACE ( 'NONE', ( #457 ), #261, .T. ) ;
#323 =( NAMED_UNIT ( * ) PLANE_ANGLE_UNIT ( ) SI_UNIT ( $, .RADIAN. ) );
#324 = ORIENTED_EDGE ( 'NONE', *, *, #476, .T. ) ;
#325 = SURFACE_SIDE_STYLE ('',( #948 ) ) ;
#326 = CARTESIAN_POINT ( 'NONE',  ( -41.28425012924969195, 8.000000000000000000, -42.55229070387949264 ) ) ;
#327 = CARTESIAN_POINT ( 'NONE',  ( -52.28425012924968485, 0.000000000000000000, -45.55229070387950685 ) ) ;
#328 = DIRECTION ( 'NONE',  ( -0.000000000000000000, -1.000000000000000000, -0.000000000000000000 ) ) ;
#329 = DIRECTION ( 'NONE',  ( 0.000000000000000000, 1.000000000000000000, 0.000000000000000000 ) ) ;
#330 = AXIS2_PLACEMENT_3D ( 'NONE', #304, #1584, #469 ) ;
#331 = AXIS2_PLACEMENT_3D ( 'NONE', #1233, #1881, #777 ) ;
#332 = ORIENTED_EDGE ( 'NONE', *, *, #901, .F. ) ;
#333 = EDGE_CURVE ( 'NONE', #48, #1755, #732, .T. ) ;
#334 = DIRECTION ( 'NONE',  ( 1.000000000000000000, 0.000000000000000000, 0.000000000000000000 ) ) ;
#335 = ORIENTED_EDGE ( 'NONE', *, *, #1097, .F. ) ;
#336 = CARTESIAN_POINT ( 'NONE',  ( 0.000000000000000000, 0.000000000000000000, -8.000000000000000000 ) ) ;
#337 = CARTESIAN_POINT ( 'NONE',  ( -11.25833063868069317, 0.000000000000000000, -6.500000224868107246 ) ) ;
#338 = FILL_AREA_STYLE ('',( #47 ) ) ;
#339 = DIRECTION ( 'NONE',  ( -0.000000000000000000, 1.000000000000000000, -0.000000000000000000 ) ) ;
#340 = DIRECTION ( 'NONE',  ( -0.9100138168577743825, 0.000000000000000000, 0.4145779216600243289 ) ) ;
#341 = VERTEX_POINT ( 'NONE', #326 ) ;
#342 = VECTOR ( 'NONE', #1897, 1000.000000000000000 ) ;
#343 =( REPRESENTATION_RELATIONSHIP ('NONE','NONE', #518, #1971 ) REPRESENTATION_RELATIONSHIP_WITH_TRANSFORMATION ( #1160 )SHAPE_REPRESENTATION_RELATIONSHIP( ) );
#344 = ORIENTED_EDGE ( 'NONE', *, *, #1424, .T. ) ;
#345 = CARTESIAN_POINT ( 'NONE',  ( 0.000000000000000000, 4.000000000000000000, -8.000000000000000000 ) ) ;
#346 =( NAMED_UNIT ( * ) SI_UNIT ( $, .STERADIAN. ) SOLID_ANGLE_UNIT ( ) );
#347 = CARTESIAN_POINT ( 'NONE',  ( -66.28425012924969906, 8.000000000000000000, 10.44770929612050203 ) ) ;
#348 = MANIFOLD_SOLID_BREP ( 'Boss-Extrude2', #1262 ) ;
#349 = EDGE_LOOP ( 'NONE', ( #1537, #740 ) ) ;
#350 = APPLICATION_PROTOCOL_DEFINITION ( 'draft international standard', 'automotive_design', 1998, #1092 ) ;
#351 = ADVANCED_FACE ( 'NONE', ( #790 ), #967, .F. ) ;
#352 = ORIENTED_EDGE ( 'NONE', *, *, #1356, .F. ) ;
#353 = PRODUCT_DEFINITION_FORMATION_WITH_SPECIFIED_SOURCE ( 'ANY', '', #1663, .NOT_KNOWN. ) ;
#354 =( NAMED_UNIT ( * ) SI_UNIT ( $, .STERADIAN. ) SOLID_ANGLE_UNIT ( ) );
#355 = AXIS2_PLACEMENT_3D ( 'NONE', #180, #501, #1646 ) ;
#356 = DIRECTION ( 'NONE',  ( -0.8660254037844387076, 0.000000000000000000, -0.4999999999999998890 ) ) ;
#357 = VERTEX_POINT ( 'NONE', #1626 ) ;
#358 = CARTESIAN_POINT ( 'NONE',  ( 19.71574987075032226, 0.000000000000000000, -7.802290703879496192 ) ) ;
#359 = DIRECTION ( 'NONE',  ( -1.000000000000000000, -0.000000000000000000, -0.000000000000000000 ) ) ;
#360 = ADVANCED_FACE ( 'NONE', ( #1921 ), #1143, .F. ) ;
#361 = CARTESIAN_POINT ( 'NONE',  ( -11.25833063868068962, 5.000000000000000000, 6.500000224868111687 ) ) ;
#362 = CARTESIAN_POINT ( 'NONE',  ( 0.000000000000000000, 30.00000000000000000, 0.000000000000000000 ) ) ;
#363 = ORIENTED_EDGE ( 'NONE', *, *, #1849, .T. ) ;
#364 = CIRCLE ( 'NONE', #197, 5.000000000000000888 ) ;
#365 = DIRECTION ( 'NONE',  ( 1.000000000000000000, 0.000000000000000000, 0.000000000000000000 ) ) ;
#366 = EDGE_LOOP ( 'NONE', ( #131, #1067, #524, #788 ) ) ;
#367 = CIRCLE ( 'NONE', #1701, 17.50000000000000000 ) ;
#368 = DIRECTION ( 'NONE',  ( -0.000000000000000000, 1.000000000000000000, -0.000000000000000000 ) ) ;
#369 = DIRECTION ( 'NONE',  ( 0.000000000000000000, 1.000000000000000000, -0.000000000000000000 ) ) ;
#370 = DIRECTION ( 'NONE',  ( 0.000000000000000000, 1.000000000000000000, 0.000000000000000000 ) ) ;
#371 = SHAPE_DEFINITION_REPRESENTATION ( #1991, #1377 ) ;
#372 = ORIENTED_EDGE ( 'NONE', *, *, #227, .T. ) ;
#373 = EDGE_CURVE ( 'NONE', #1855, #388, #1110, .T. ) ;
#374 = DIRECTION ( 'NONE',  ( 0.000000000000000000, 0.000000000000000000, -1.000000000000000000 ) ) ;
#375 = LINE ( 'NONE', #1210, #258 ) ;
#376 = DIRECTION ( 'NONE',  ( -4.003207882993588896E-16, 0.000000000000000000, -1.000000000000000000 ) ) ;
#377 = DIRECTION ( 'NONE',  ( 0.000000000000000000, 0.000000000000000000, 1.000000000000000000 ) ) ;
#378 = AXIS2_PLACEMENT_3D ( 'NONE', #1889, #1879, #1040 ) ;
#379 = VERTEX_POINT ( 'NONE', #1474 ) ;
#380 = DIRECTION ( 'NONE',  ( 0.000000000000000000, 0.000000000000000000, 1.000000000000000000 ) ) ;
#381 = EDGE_CURVE ( 'NONE', #621, #612, #1155, .T. ) ;
#382 = CIRCLE ( 'NONE', #1560, 3.250000000000002665 ) ;
#383 = DIRECTION ( 'NONE',  ( 0.000000000000000000, 1.000000000000000000, 0.000000000000000000 ) ) ;
#384 = AXIS2_PLACEMENT_3D ( 'NONE', #844, #991, #29 ) ;
#385 = FACE_OUTER_BOUND ( 'NONE', #1583, .T. ) ;
#386 = PRESENTATION_STYLE_ASSIGNMENT (( #1833 ) ) ;
#387 = CARTESIAN_POINT ( 'NONE',  ( 19.71574987075031515, 0.000000000000000000, -45.55229070387950685 ) ) ;
#388 = VERTEX_POINT ( 'NONE', #1930 ) ;
#389 = DIRECTION ( 'NONE',  ( 0.000000000000000000, 0.000000000000000000, -1.000000000000000000 ) ) ;
#390 = EDGE_CURVE ( 'NONE', #1457, #1125, #2004, .T. ) ;
#391 = EDGE_LOOP ( 'NONE', ( #27, #1222, #922, #1378 ) ) ;
#392 = AXIS2_PLACEMENT_3D ( 'NONE', #758, #1408, #2074 ) ;
#393 = CYLINDRICAL_SURFACE ( 'NONE', #318, 4.249999999999998224 ) ;
#394 = LINE ( 'NONE', #1507, #662 ) ;
#395 = CARTESIAN_POINT ( 'NONE',  ( 17.50000000000000000, 0.000000000000000000, 0.000000000000000000 ) ) ;
#396 = EDGE_CURVE ( 'NONE', #651, #956, #1804, .T. ) ;
#397 = ORIENTED_EDGE ( 'NONE', *, *, #1644, .T. ) ;
#398 = ORIENTED_EDGE ( 'NONE', *, *, #1251, .T. ) ;
#399 = DIRECTION ( 'NONE',  ( 0.000000000000000000, 0.000000000000000000, 1.000000000000000000 ) ) ;
#400 = DIRECTION ( 'NONE',  ( -0.000000000000000000, -1.000000000000000000, -0.000000000000000000 ) ) ;
#401 = EDGE_CURVE ( 'NONE', #2084, #1960, #1354, .T. ) ;
#402 = FACE_BOUND ( 'NONE', #1351, .T. ) ;
#403 = CARTESIAN_POINT ( 'NONE',  ( 33.71574987075031515, 8.000000000000000000, -59.55229070387950685 ) ) ;
#404 = EDGE_CURVE ( 'NONE', #209, #663, #1640, .T. ) ;
#405 = ORIENTED_EDGE ( 'NONE', *, *, #1874, .F. ) ;
#406 = MECHANICAL_DESIGN_GEOMETRIC_PRESENTATION_REPRESENTATION (  '', ( #1760 ), #276 ) ;
#407 = VERTEX_POINT ( 'NONE', #636 ) ;
#408 = DIRECTION ( 'NONE',  ( 0.000000000000000000, 1.000000000000000000, 0.000000000000000000 ) ) ;
#409 = VECTOR ( 'NONE', #1990, 1000.000000000000000 ) ;
#410 = CYLINDRICAL_SURFACE ( 'NONE', #204, 4.250000000000003553 ) ;
#411 = EDGE_CURVE ( 'NONE', #407, #1661, #619, .T. ) ;
#412 = EDGE_LOOP ( 'NONE', ( #1477, #1568, #1954, #107, #335, #468 ) ) ;
#413 = CARTESIAN_POINT ( 'NONE',  ( 11.25833063868069850, 0.000000000000000000, 6.500000224868101917 ) ) ;
#414 = CARTESIAN_POINT ( 'NONE',  ( 11.25833063868069317, 5.000000000000000000, -6.500000224868111687 ) ) ;
#415 = CARTESIAN_POINT ( 'NONE',  ( 33.71574987075031515, 8.000000000000000000, -59.55229070387950685 ) ) ;
#416 = VERTEX_POINT ( 'NONE', #1450 ) ;
#417 = DIRECTION ( 'NONE',  ( 0.000000000000000000, 0.000000000000000000, 1.000000000000000000 ) ) ;
#418 = ORIENTED_EDGE ( 'NONE', *, *, #1759, .F. ) ;
#419 = DIRECTION ( 'NONE',  ( 0.000000000000000000, 0.000000000000000000, 1.000000000000000000 ) ) ;
#420 = AXIS2_PLACEMENT_3D ( 'NONE', #624, #467, #113 ) ;
#421 = EDGE_LOOP ( 'NONE', ( #1812, #1684, #1493, #1281 ) ) ;
#422 = FACE_BOUND ( 'NONE', #1014, .T. ) ;
#423 = LINE ( 'NONE', #1048, #993 ) ;
#424 = EDGE_CURVE ( 'NONE', #505, #1217, #86, .T. ) ;
#425 = LINE ( 'NONE', #2038, #145 ) ;
#426 = ORIENTED_EDGE ( 'NONE', *, *, #452, .F. ) ;
#427 = CYLINDRICAL_SURFACE ( 'NONE', #1195, 4.250000000000003553 ) ;
#428 = CARTESIAN_POINT ( 'NONE',  ( 33.71574987075031515, 8.000000000000000000, -59.55229070387950685 ) ) ;
#429 = ADVANCED_FACE ( 'NONE', ( #1780 ), #1616, .F. ) ;
#430 = ORIENTED_EDGE ( 'NONE', *, *, #690, .F. ) ;
#431 = ADVANCED_FACE ( 'NONE', ( #673 ), #1807, .F. ) ;
#432 = FACE_BOUND ( 'NONE', #1736, .T. ) ;
#433 = EDGE_LOOP ( 'NONE', ( #1838, #287, #1724, #430 ) ) ;
#434 = CARTESIAN_POINT ( 'NONE',  ( -22.12473572938689159, 0.000000000000000000, -36.16913319238899760 ) ) ;
#435 = DIRECTION ( 'NONE',  ( -0.000000000000000000, 1.000000000000000000, -0.000000000000000000 ) ) ;
#436 = CARTESIAN_POINT ( 'NONE',  ( 99.99999999999998579, 0.000000000000000000, -16.43136325280410404 ) ) ;
#437 = AXIS2_PLACEMENT_3D ( 'NONE', #1567, #1049, #2063 ) ;
#438 = LINE ( 'NONE', #748, #174 ) ;
#439 = ORIENTED_EDGE ( 'NONE', *, *, #221, .F. ) ;
#440 = CARTESIAN_POINT ( 'NONE',  ( -41.28425012924968485, 8.000000000000000000, -24.55229070387949974 ) ) ;
#441 = VERTEX_POINT ( 'NONE', #1480 ) ;
#442 = EDGE_CURVE ( 'NONE', #1344, #1623, #998, .T. ) ;
#443 = LINE ( 'NONE', #1708, #1501 ) ;
#444 = DIRECTION ( 'NONE',  ( 0.000000000000000000, 0.000000000000000000, 1.000000000000000000 ) ) ;
#445 = DIRECTION ( 'NONE',  ( -1.982541115402065110E-16, 0.000000000000000000, 1.000000000000000000 ) ) ;
#446 = CARTESIAN_POINT ( 'NONE',  ( 2.416445510260037022E-15, 5.000000000000000000, -13.00000044973621804 ) ) ;
#447 = AXIS2_PLACEMENT_3D ( 'NONE', #1783, #1632, #530 ) ;
#448 = DIRECTION ( 'NONE',  ( -0.000000000000000000, 1.000000000000000000, -0.000000000000000000 ) ) ;
#449 = EDGE_LOOP ( 'NONE', ( #308, #114 ) ) ;
#450 = VECTOR ( 'NONE', #1441, 1000.000000000000000 ) ;
#451 = ORIENTED_EDGE ( 'NONE', *, *, #1677, .T. ) ;
#452 = EDGE_CURVE ( 'NONE', #1217, #505, #1791, .T. ) ;
#453 = CIRCLE ( 'NONE', #710, 4.250000000000003553 ) ;
#454 = CARTESIAN_POINT ( 'NONE',  ( 2.875264270613107076, 0.000000000000000000, -8.169133192388999376 ) ) ;
#455 = ORIENTED_EDGE ( 'NONE', *, *, #133, .T. ) ;
#456 = DIRECTION ( 'NONE',  ( 0.000000000000000000, 0.000000000000000000, 1.000000000000000000 ) ) ;
#457 = FACE_OUTER_BOUND ( 'NONE', #1248, .T. ) ;
#458 = FACE_OUTER_BOUND ( 'NONE', #552, .T. ) ;
#459 = CLOSED_SHELL ( 'NONE', ( #431, #927, #1825, #360, #1269, #1506, #1653, #523, #661, #34, #1447, #1437, #1979, #1336, #734, #933, #252, #2046, #1403 ) ) ;
#460 = VECTOR ( 'NONE', #1226, 1000.000000000000000 ) ;
#461 = CARTESIAN_POINT ( 'NONE',  ( -66.28425012924969906, 8.000000000000000000, 10.44770929612050203 ) ) ;
#462 = ORIENTED_EDGE ( 'NONE', *, *, #1867, .F. ) ;
#463 = LINE ( 'NONE', #538, #841 ) ;
#464 = ADVANCED_FACE ( 'NONE', ( #1422 ), #307, .F. ) ;
#465 = FACE_BOUND ( 'NONE', #974, .T. ) ;
#466 = VERTEX_POINT ( 'NONE', #723 ) ;
#467 = DIRECTION ( 'NONE',  ( 1.000000000000000000, 0.000000000000000000, 1.224646799147353207E-16 ) ) ;
#468 = ORIENTED_EDGE ( 'NONE', *, *, #1311, .F. ) ;
#469 = DIRECTION ( 'NONE',  ( 0.000000000000000000, 0.000000000000000000, 1.000000000000000000 ) ) ;
#470 = DIRECTION ( 'NONE',  ( 0.000000000000000000, 0.000000000000000000, 1.000000000000000000 ) ) ;
#471 = DIRECTION ( 'NONE',  ( -0.000000000000000000, 1.000000000000000000, -0.000000000000000000 ) ) ;
#472 = EDGE_CURVE ( 'NONE', #216, #583, #438, .T. ) ;
#473 = ORIENTED_EDGE ( 'NONE', *, *, #1717, .F. ) ;
#474 = CIRCLE ( 'NONE', #271, 4.250000000000003553 ) ;
#475 = PLANE ( 'NONE',  #1512 ) ;
#476 = EDGE_CURVE ( 'NONE', #1063, #1029, #1149, .T. ) ;
#477 = VERTEX_POINT ( 'NONE', #605 ) ;
#478 = SHAPE_REPRESENTATION_RELATIONSHIP ( 'NONE' , 'NONE' ,  #1971, #1221 ) ;
#479 = VECTOR ( 'NONE', #1865, 1000.000000000000000 ) ;
#480 = EDGE_LOOP ( 'NONE', ( #1846, #1749, #952, #1434 ) ) ;
#481 = FACE_OUTER_BOUND ( 'NONE', #1268, .T. ) ;
#482 = DIRECTION ( 'NONE',  ( -0.000000000000000000, 1.000000000000000000, -0.000000000000000000 ) ) ;
#483 = CARTESIAN_POINT ( 'NONE',  ( -22.12473572938689159, 0.000000000000000000, -36.16913319238899760 ) ) ;
#484 = CARTESIAN_POINT ( 'NONE',  ( -11.25833063868068962, 0.000000000000000000, 6.500000224868111687 ) ) ;
#485 = EDGE_CURVE ( 'NONE', #961, #1228, #1876, .T. ) ;
#486 = ORIENTED_EDGE ( 'NONE', *, *, #1874, .T. ) ;
#487 = AXIS2_PLACEMENT_3D ( 'NONE', #558, #408, #1044 ) ;
#488 = ORIENTED_EDGE ( 'NONE', *, *, #1627, .T. ) ;
#489 = ORIENTED_EDGE ( 'NONE', *, *, #1535, .F. ) ;
#490 = DIRECTION ( 'NONE',  ( -0.000000000000000000, -1.000000000000000000, 0.000000000000000000 ) ) ;
#491 = DIRECTION ( 'NONE',  ( 0.000000000000000000, 0.000000000000000000, 1.000000000000000000 ) ) ;
#492 = FACE_OUTER_BOUND ( 'NONE', #391, .T. ) ;
#493 = DIRECTION ( 'NONE',  ( 0.000000000000000000, 1.000000000000000000, 0.000000000000000000 ) ) ;
#494 = ORIENTED_EDGE ( 'NONE', *, *, #1688, .T. ) ;
#495 = PRODUCT_CONTEXT ( 'NONE', #693, 'mechanical' ) ;
#496 = CIRCLE ( 'NONE', #331, 3.250000000000006217 ) ;
#497 = ORIENTED_EDGE ( 'NONE', *, *, #1800, .T. ) ;
#498 = EDGE_CURVE ( 'NONE', #1752, #651, #921, .T. ) ;
#499 = EDGE_LOOP ( 'NONE', ( #259, #2027, #1557, #1784 ) ) ;
#500 = LINE ( 'NONE', #1440, #1873 ) ;
#501 = DIRECTION ( 'NONE',  ( -0.000000000000000000, 1.000000000000000000, -0.000000000000000000 ) ) ;
#502 = CARTESIAN_POINT ( 'NONE',  ( 33.71574987075031515, 0.000000000000000000, 10.44770929612050203 ) ) ;
#503 = FACE_OUTER_BOUND ( 'NONE', #807, .T. ) ;
#504 = VECTOR ( 'NONE', #1018, 1000.000000000000000 ) ;
#505 = VERTEX_POINT ( 'NONE', #1247 ) ;
#506 = ORIENTED_EDGE ( 'NONE', *, *, #256, .T. ) ;
#507 = AXIS2_PLACEMENT_3D ( 'NONE', #1815, #1166, #130 ) ;
#508 = EDGE_CURVE ( 'NONE', #51, #990, #1398, .T. ) ;
#509 = CARTESIAN_POINT ( 'NONE',  ( 14.87526427061310841, 0.000000000000000000, -9.919133192388997600 ) ) ;
#510 = ORIENTED_EDGE ( 'NONE', *, *, #1180, .T. ) ;
#511 = DIRECTION ( 'NONE',  ( 0.000000000000000000, 1.000000000000000000, 0.000000000000000000 ) ) ;
#512 = DIRECTION ( 'NONE',  ( -0.000000000000000000, 1.000000000000000000, -0.000000000000000000 ) ) ;
#513 = DIRECTION ( 'NONE',  ( 0.000000000000000000, 0.000000000000000000, 1.000000000000000000 ) ) ;
#514 = CIRCLE ( 'NONE', #1796, 3.250000000000001332 ) ;
#515 = ORIENTED_EDGE ( 'NONE', *, *, #404, .T. ) ;
#516 = VECTOR ( 'NONE', #1360, 1000.000000000000114 ) ;
#517 = ORIENTED_EDGE ( 'NONE', *, *, #1469, .T. ) ;
#518 = SHAPE_REPRESENTATION ( 'sensor_mount_assembly', ( #616, #1013, #447, #1326, #55, #1043 ), #320 ) ;
#519 = DIRECTION ( 'NONE',  ( 0.000000000000000000, -0.000000000000000000, 1.000000000000000000 ) ) ;
#520 = DIRECTION ( 'NONE',  ( 0.000000000000000000, 0.000000000000000000, 1.000000000000000000 ) ) ;
#521 = LINE ( 'NONE', #692, #629 ) ;
#522 = APPLICATION_PROTOCOL_DEFINITION ( 'draft international standard', 'automotive_design', 1998, #633 ) ;
#523 = ADVANCED_FACE ( 'NONE', ( #1863 ), #1074, .F. ) ;
#524 = ORIENTED_EDGE ( 'NONE', *, *, #2062, .T. ) ;
#525 = CIRCLE ( 'NONE', #831, 4.250000000000000000 ) ;
#526 = AXIS2_PLACEMENT_3D ( 'NONE', #249, #1852, #84 ) ;
#527 = DIRECTION ( 'NONE',  ( -0.000000000000000000, 1.000000000000000000, -0.000000000000000000 ) ) ;
#528 = DIRECTION ( 'NONE',  ( -0.000000000000000000, -1.000000000000000000, -0.000000000000000000 ) ) ;
#529 = PLANE ( 'NONE',  #526 ) ;
#530 = DIRECTION ( 'NONE',  ( 0.4145779216600662953, 0.000000000000000000, 0.9100138168577553976 ) ) ;
#531 = EDGE_CURVE ( 'NONE', #42, #956, #425, .T. ) ;
#532 = ORIENTED_EDGE ( 'NONE', *, *, #1117, .T. ) ;
#533 = LINE ( 'NONE', #725, #1655 ) ;
#534 = PRODUCT_DEFINITION_SHAPE ( 'NONE', 'NONE',  #554 ) ;
#535 = CIRCLE ( 'NONE', #1482, 4.250000000000003553 ) ;
#536 = CARTESIAN_POINT ( 'NONE',  ( 76.00000000000000000, 6.000000000000000000, -16.43136325280410404 ) ) ;
#537 = DIRECTION ( 'NONE',  ( 0.000000000000000000, 0.000000000000000000, 1.000000000000000000 ) ) ;
#538 = CARTESIAN_POINT ( 'NONE',  ( 120.0000000000000000, 6.000000000000000000, -34.43136325280410404 ) ) ;
#539 = DIRECTION ( 'NONE',  ( 0.000000000000000000, 0.000000000000000000, 1.000000000000000000 ) ) ;
#540 = ADVANCED_FACE ( 'NONE', ( #262 ), #582, .F. ) ;
#541 = AXIS2_PLACEMENT_3D ( 'NONE', #1586, #1252, #1931 ) ;
#542 = AXIS2_PLACEMENT_3D ( 'NONE', #1523, #2006, #108 ) ;
#543 = VERTEX_POINT ( 'NONE', #1062 ) ;
#544 = ORIENTED_EDGE ( 'NONE', *, *, #99, .F. ) ;
#545 = VECTOR ( 'NONE', #1371, 1000.000000000000114 ) ;
#546 = DIRECTION ( 'NONE',  ( -0.000000000000000000, -1.000000000000000000, -0.000000000000000000 ) ) ;
#547 = ADVANCED_FACE ( 'NONE', ( #1748 ), #286, .F. ) ;
#548 = CARTESIAN_POINT ( 'NONE',  ( 120.0000000000000000, 0.000000000000000000, 0.000000000000000000 ) ) ;
#549 =( GEOMETRIC_REPRESENTATION_CONTEXT ( 3 ) GLOBAL_UNCERTAINTY_ASSIGNED_CONTEXT ( ( #143 ) ) GLOBAL_UNIT_ASSIGNED_CONTEXT ( ( #1607, #3, #346 ) ) REPRESENTATION_CONTEXT ( 'NONE', 'WORKASPACE' ) );
#550 = CYLINDRICAL_SURFACE ( 'NONE', #1533, 3.250000000000001332 ) ;
#551 = CIRCLE ( 'NONE', #887, 4.249999999999998224 ) ;
#552 = EDGE_LOOP ( 'NONE', ( #1681, #1868, #1797, #694 ) ) ;
#553 = LINE ( 'NONE', #88, #1259 ) ;
#554 = PRODUCT_DEFINITION ( 'UNKNOWN', '', #1391, #185 ) ;
#555 = ORIENTED_EDGE ( 'NONE', *, *, #1304, .F. ) ;
#556 = EDGE_CURVE ( 'NONE', #1581, #651, #1257, .T. ) ;
#557 = AXIS2_PLACEMENT_3D ( 'NONE', #1245, #614, #1084 ) ;
#558 = CARTESIAN_POINT ( 'NONE',  ( 2.875264270613107076, 0.000000000000000000, -13.16913319238899938 ) ) ;
#559 = DIRECTION ( 'NONE',  ( 0.000000000000000000, 1.000000000000000000, 0.000000000000000000 ) ) ;
#560 = EDGE_CURVE ( 'NONE', #953, #779, #1088, .T. ) ;
#561 = DIRECTION ( 'NONE',  ( 0.000000000000000000, 0.000000000000000000, 1.000000000000000000 ) ) ;
#562 = DIRECTION ( 'NONE',  ( 0.000000000000000000, 1.000000000000000000, 0.000000000000000000 ) ) ;
#563 = ORIENTED_EDGE ( 'NONE', *, *, #401, .T. ) ;
#564 = CARTESIAN_POINT ( 'NONE',  ( 0.000000000000000000, 4.000000000000000000, -4.000000000000000000 ) ) ;
#565 = EDGE_LOOP ( 'NONE', ( #90, #486, #1399, #1836 ) ) ;
#566 = CARTESIAN_POINT ( 'NONE',  ( 99.99999999999998579, 0.000000000000000000, -19.68136325280411114 ) ) ;
#567 =( GEOMETRIC_REPRESENTATION_CONTEXT ( 3 ) GLOBAL_UNCERTAINTY_ASSIGNED_CONTEXT ( ( #1425 ) ) GLOBAL_UNIT_ASSIGNED_CONTEXT ( ( #699, #1667, #982 ) ) REPRESENTATION_CONTEXT ( 'NONE', 'WORKASPACE' ) );
#568 = DIRECTION ( 'NONE',  ( -0.000000000000000000, 1.000000000000000000, -0.000000000000000000 ) ) ;
#569 = FACE_BOUND ( 'NONE', #1957, .T. ) ;
#570 = LINE ( 'NONE', #137, #830 ) ;
#571 = DIRECTION ( 'NONE',  ( 0.000000000000000000, 1.000000000000000000, 0.000000000000000000 ) ) ;
#572 = ORIENTED_EDGE ( 'NONE', *, *, #285, .T. ) ;
#573 = CARTESIAN_POINT ( 'NONE',  ( 120.0000000000000000, 6.000000000000000000, -34.43136325280410404 ) ) ;
#574 = VECTOR ( 'NONE', #999, 1000.000000000000000 ) ;
#575 = CYLINDRICAL_SURFACE ( 'NONE', #1935, 4.249999999999996447 ) ;
#576 = ORIENTED_EDGE ( 'NONE', *, *, #843, .F. ) ;
#577 = AXIS2_PLACEMENT_3D ( 'NONE', #1882, #1407, #444 ) ;
#578 = PLANE ( 'NONE',  #791 ) ;
#579 = ADVANCED_FACE ( 'NONE', ( #1910, #931, #1579, #908 ), #771, .F. ) ;
#580 = LINE ( 'NONE', #434, #1041 ) ;
#581 = DIRECTION ( 'NONE',  ( 0.000000000000000000, 0.000000000000000000, -1.000000000000000000 ) ) ;
#582 = CYLINDRICAL_SURFACE ( 'NONE', #870, 4.250000000000000000 ) ;
#583 = VERTEX_POINT ( 'NONE', #941 ) ;
#584 = CARTESIAN_POINT ( 'NONE',  ( 19.71574987075032226, 0.000000000000000000, -3.552290703879497524 ) ) ;
#585 = DIRECTION ( 'NONE',  ( 0.000000000000000000, 0.000000000000000000, 1.000000000000000000 ) ) ;
#586 = ADVANCED_FACE ( 'NONE', ( #897 ), #1588, .T. ) ;
#587 = ORIENTED_EDGE ( 'NONE', *, *, #319, .T. ) ;
#588 = CIRCLE ( 'NONE', #1331, 3.250000000000006217 ) ;
#589 = CARTESIAN_POINT ( 'NONE',  ( 0.000000000000000000, 0.000000000000000000, 0.000000000000000000 ) ) ;
#590 = CIRCLE ( 'NONE', #63, 4.250000000000000000 ) ;
#591 = CARTESIAN_POINT ( 'NONE',  ( -9.124735729386891592, 0.000000000000000000, -9.919133192388999376 ) ) ;
#592 = CARTESIAN_POINT ( 'NONE',  ( 0.000000000000000000, 0.000000000000000000, 4.250000000000000000 ) ) ;
#593 = CARTESIAN_POINT ( 'NONE',  ( -11.25833063868068962, 5.000000000000000000, 6.500000224868111687 ) ) ;
#594 = EDGE_CURVE ( 'NONE', #1591, #247, #1891, .T. ) ;
#595 = DIRECTION ( 'NONE',  ( 1.000000000000000000, 0.000000000000000000, 0.000000000000000000 ) ) ;
#596 = ORIENTED_EDGE ( 'NONE', *, *, #765, .T. ) ;
#597 = LINE ( 'NONE', #1066, #112 ) ;
#598 = ORIENTED_EDGE ( 'NONE', *, *, #2081, .T. ) ;
#599 = DIRECTION ( 'NONE',  ( 0.000000000000000000, 0.000000000000000000, 1.000000000000000000 ) ) ;
#600 = ORIENTED_EDGE ( 'NONE', *, *, #411, .F. ) ;
#601 = CARTESIAN_POINT ( 'NONE',  ( 2.416445510260037022E-15, 5.000000000000000000, -13.00000044973621804 ) ) ;
#602 = DIRECTION ( 'NONE',  ( -0.000000000000000000, -1.000000000000000000, -0.000000000000000000 ) ) ;
#603 = FACE_OUTER_BOUND ( 'NONE', #1967, .T. ) ;
#604 = VECTOR ( 'NONE', #298, 1000.000000000000000 ) ;
#605 = CARTESIAN_POINT ( 'NONE',  ( -52.28425012924968485, 8.000000000000000000, -7.802290703879503297 ) ) ;
#606 = EDGE_LOOP ( 'NONE', ( #842, #1478 ) ) ;
#607 = ADVANCED_FACE ( 'NONE', ( #1127, #1946 ), #784, .T. ) ;
#608 = ORIENTED_EDGE ( 'NONE', *, *, #755, .F. ) ;
#609 = DIRECTION ( 'NONE',  ( 0.000000000000000000, 0.000000000000000000, 1.000000000000000000 ) ) ;
#610 = AXIS2_PLACEMENT_3D ( 'NONE', #1528, #91, #1840 ) ;
#611 = EDGE_CURVE ( 'NONE', #1011, #1075, #1600, .T. ) ;
#612 = VERTEX_POINT ( 'NONE', #1914 ) ;
#613 = FACE_OUTER_BOUND ( 'NONE', #647, .T. ) ;
#614 = DIRECTION ( 'NONE',  ( 0.000000000000000000, 1.000000000000000000, 0.000000000000000000 ) ) ;
#615 = DIRECTION ( 'NONE',  ( -1.000000000000000000, -0.000000000000000000, -0.000000000000000000 ) ) ;
#616 = AXIS2_PLACEMENT_3D ( 'NONE', #1139, #19, #1987 ) ;
#617 = CARTESIAN_POINT ( 'NONE',  ( 0.000000000000000000, 0.000000000000000000, 0.000000000000000000 ) ) ;
#618 = ORIENTED_EDGE ( 'NONE', *, *, #813, .F. ) ;
#619 = CIRCLE ( 'NONE', #1902, 4.250000000000000000 ) ;
#620 = UNCERTAINTY_MEASURE_WITH_UNIT (LENGTH_MEASURE( 1.000000000000000082E-05 ), #814, 'distance_accuracy_value', 'NONE');
#621 = VERTEX_POINT ( 'NONE', #806 ) ;
#622 = AXIS2_PLACEMENT_3D ( 'NONE', #584, #1569, #1887 ) ;
#623 = ADVANCED_FACE ( 'NONE', ( #1925, #465, #1762, #1105 ), #475, .F. ) ;
#624 = CARTESIAN_POINT ( 'NONE',  ( -41.28425012924968485, 14.00000000000000000, -42.55229070387949264 ) ) ;
#625 = ORIENTED_EDGE ( 'NONE', *, *, #1918, .F. ) ;
#626 = DIRECTION ( 'NONE',  ( 0.000000000000000000, 0.000000000000000000, 1.000000000000000000 ) ) ;
#627 = SURFACE_STYLE_FILL_AREA ( #668 ) ;
#628 = CARTESIAN_POINT ( 'NONE',  ( -41.28425012924968485, 14.00000000000000000, -24.55229070387949974 ) ) ;
#629 = VECTOR ( 'NONE', #376, 1000.000000000000000 ) ;
#630 = EDGE_CURVE ( 'NONE', #1228, #1752, #165, .T. ) ;
#631 = ORIENTED_EDGE ( 'NONE', *, *, #1367, .T. ) ;
#632 = ORIENTED_EDGE ( 'NONE', *, *, #373, .F. ) ;
#633 = APPLICATION_CONTEXT ( 'automotive_design' ) ;
#634 = ORIENTED_EDGE ( 'NONE', *, *, #390, .F. ) ;
#635 = CARTESIAN_POINT ( 'NONE',  ( 19.71574987075031515, 8.000000000000000000, -45.55229070387950685 ) ) ;
#636 = CARTESIAN_POINT ( 'NONE',  ( 5.204748896376250699E-16, 0.000000000000000000, -4.250000000000000000 ) ) ;
#637 = DIRECTION ( 'NONE',  ( 0.000000000000000000, 0.000000000000000000, 1.000000000000000000 ) ) ;
#638 = ORIENTED_EDGE ( 'NONE', *, *, #1513, .T. ) ;
#639 = CARTESIAN_POINT ( 'NONE',  ( 33.71574987075031515, 8.000000000000000000, 10.44770929612050203 ) ) ;
#640 = ORIENTED_EDGE ( 'NONE', *, *, #1811, .T. ) ;
#641 = CIRCLE ( 'NONE', #1654, 11.99999999999999645 ) ;
#642 = CIRCLE ( 'NONE', #542, 3.250000000000006217 ) ;
#643 = ORIENTED_EDGE ( 'NONE', *, *, #1974, .F. ) ;
#644 = DIRECTION ( 'NONE',  ( 0.000000000000000000, 1.000000000000000000, 0.000000000000000000 ) ) ;
#645 = DIRECTION ( 'NONE',  ( -0.000000000000000000, 1.000000000000000000, -0.000000000000000000 ) ) ;
#646 = EDGE_CURVE ( 'NONE', #1926, #1941, #1936, .T. ) ;
#647 = EDGE_LOOP ( 'NONE', ( #199, #904, #756, #862 ) ) ;
#648 = AXIS2_PLACEMENT_3D ( 'NONE', #103, #2022, #125 ) ;
#649 = APPLICATION_PROTOCOL_DEFINITION ( 'draft international standard', 'automotive_design', 1998, #1420 ) ;
#650 = PRODUCT_RELATED_PRODUCT_CATEGORY ( 'part', '', ( #1680 ) ) ;
#651 = VERTEX_POINT ( 'NONE', #1609 ) ;
#652 = EDGE_CURVE ( 'NONE', #1390, #678, #911, .T. ) ;
#653 = CARTESIAN_POINT ( 'NONE',  ( -52.28425012924968485, 0.000000000000000000, -45.55229070387950685 ) ) ;
#654 = EDGE_LOOP ( 'NONE', ( #94, #1598, #1467, #1765 ) ) ;
#655 = CARTESIAN_POINT ( 'NONE',  ( -22.12473572938689159, 0.000000000000000000, 9.830866807611000624 ) ) ;
#656 = CARTESIAN_POINT ( 'NONE',  ( -9.124735729386891592, 6.000000000000000000, -13.16913319238899938 ) ) ;
#657 = LINE ( 'NONE', #361, #574 ) ;
#658 = DIRECTION ( 'NONE',  ( 0.000000000000000000, 0.000000000000000000, -1.000000000000000000 ) ) ;
#659 = ORIENTED_EDGE ( 'NONE', *, *, #893, .T. ) ;
#660 = VECTOR ( 'NONE', #1492, 1000.000000000000000 ) ;
#661 = ADVANCED_FACE ( 'NONE', ( #1207 ), #1536, .F. ) ;
#662 = VECTOR ( 'NONE', #1675, 1000.000000000000000 ) ;
#663 = VERTEX_POINT ( 'NONE', #726 ) ;
#664 = PLANE ( 'NONE',  #9 ) ;
#665 = LINE ( 'NONE', #1309, #210 ) ;
#666 = EDGE_LOOP ( 'NONE', ( #944, #1919 ) ) ;
#667 = DIRECTION ( 'NONE',  ( 0.000000000000000000, 0.000000000000000000, -1.000000000000000000 ) ) ;
#668 = FILL_AREA_STYLE ('',( #1432 ) ) ;
#669 = CARTESIAN_POINT ( 'NONE',  ( 0.000000000000000000, 0.000000000000000000, 0.000000000000000000 ) ) ;
#670 = EDGE_LOOP ( 'NONE', ( #497, #1317, #1042, #1818 ) ) ;
#671 = ORIENTED_EDGE ( 'NONE', *, *, #630, .F. ) ;
#672 = CYLINDRICAL_SURFACE ( 'NONE', #1982, 4.000000000000000000 ) ;
#673 = FACE_OUTER_BOUND ( 'NONE', #1305, .T. ) ;
#674 = VECTOR ( 'NONE', #328, 1000.000000000000000 ) ;
#675 = EDGE_CURVE ( 'NONE', #505, #466, #597, .T. ) ;
#676 = ORIENTED_EDGE ( 'NONE', *, *, #1289, .T. ) ;
#677 = APPLICATION_PROTOCOL_DEFINITION ( 'draft international standard', 'automotive_design', 1998, #2044 ) ;
#678 = VERTEX_POINT ( 'NONE', #1570 ) ;
#679 = UNCERTAINTY_MEASURE_WITH_UNIT (LENGTH_MEASURE( 1.000000000000000082E-05 ), #136, 'distance_accuracy_value', 'NONE');
#680 = ORIENTED_EDGE ( 'NONE', *, *, #1329, .F. ) ;
#681 = ADVANCED_FACE ( 'NONE', ( #890 ), #1899, .F. ) ;
#682 = FACE_OUTER_BOUND ( 'NONE', #695, .T. ) ;
#683 = LINE ( 'NONE', #58, #1913 ) ;
#684 = APPLICATION_PROTOCOL_DEFINITION ( 'draft international standard', 'automotive_design', 1998, #839 ) ;
#685 = EDGE_CURVE ( 'NONE', #891, #161, #2066, .T. ) ;
#686 = CIRCLE ( 'NONE', #162, 4.250000000000005329 ) ;
#687 = ORIENTED_EDGE ( 'NONE', *, *, #560, .T. ) ;
#688 = AXIS2_PLACEMENT_3D ( 'NONE', #945, #146, #1392 ) ;
#689 = CARTESIAN_POINT ( 'NONE',  ( 0.000000000000000000, 6.000000000000000000, 0.000000000000000000 ) ) ;
#690 = EDGE_CURVE ( 'NONE', #1312, #1752, #763, .T. ) ;
#691 = DIRECTION ( 'NONE',  ( 1.000000000000000000, 0.000000000000000000, -0.000000000000000000 ) ) ;
#692 = CARTESIAN_POINT ( 'NONE',  ( 11.25833063868069850, 5.000000000000000000, 6.500000224868101917 ) ) ;
#693 = APPLICATION_CONTEXT ( 'automotive_design' ) ;
#694 = ORIENTED_EDGE ( 'NONE', *, *, #531, .T. ) ;
#695 = EDGE_LOOP ( 'NONE', ( #932, #2019, #1231, #1650 ) ) ;
#696 = AXIS2_PLACEMENT_3D ( 'NONE', #1543, #106, #735 ) ;
#697 = DIRECTION ( 'NONE',  ( 0.000000000000000000, 0.000000000000000000, -1.000000000000000000 ) ) ;
#698 = CARTESIAN_POINT ( 'NONE',  ( 99.99999999999998579, 0.000000000000000000, -16.43136325280410404 ) ) ;
#699 =( LENGTH_UNIT ( ) NAMED_UNIT ( * ) SI_UNIT ( .MILLI., .METRE. ) );
#700 = DIRECTION ( 'NONE',  ( 0.000000000000000000, 1.000000000000000000, 0.000000000000000000 ) ) ;
#701 = ORIENTED_EDGE ( 'NONE', *, *, #424, .T. ) ;
#702 = ORIENTED_EDGE ( 'NONE', *, *, #1320, .T. ) ;
#703 = PRODUCT_DEFINITION_FORMATION_WITH_SPECIFIED_SOURCE ( 'ANY', '', #1495, .NOT_KNOWN. ) ;
#704 = CARTESIAN_POINT ( 'NONE',  ( -52.28425012924968485, 8.000000000000000000, -49.80229070387950685 ) ) ;
#705 = DIRECTION ( 'NONE',  ( 0.8660254037844383745, 0.000000000000000000, -0.5000000000000004441 ) ) ;
#706 = AXIS2_PLACEMENT_3D ( 'NONE', #1121, #986, #491 ) ;
#707 = SHAPE_REPRESENTATION ( 'base_part', ( #926 ), #1844 ) ;
#708 = CARTESIAN_POINT ( 'NONE',  ( 76.00000000000000000, 0.000000000000000000, -19.68136325280411114 ) ) ;
#709 = FACE_OUTER_BOUND ( 'NONE', #421, .T. ) ;
#710 = AXIS2_PLACEMENT_3D ( 'NONE', #1612, #983, #1470 ) ;
#711 = ORIENTED_EDGE ( 'NONE', *, *, #85, .F. ) ;
#712 = DIRECTION ( 'NONE',  ( -0.000000000000000000, 1.000000000000000000, -0.000000000000000000 ) ) ;
#713 = EDGE_CURVE ( 'NONE', #1461, #1423, #1079, .T. ) ;
#714 = ORIENTED_EDGE ( 'NONE', *, *, #176, .F. ) ;
#715 = AXIS2_PLACEMENT_3D ( 'NONE', #1993, #239, #77 ) ;
#716 = AXIS2_PLACEMENT_3D ( 'NONE', #1699, #1577, #1418 ) ;
#717 = DIRECTION ( 'NONE',  ( 0.000000000000000000, 1.000000000000000000, 0.000000000000000000 ) ) ;
#718 = DIRECTION ( 'NONE',  ( -0.000000000000000000, 1.000000000000000000, -0.000000000000000000 ) ) ;
#719 = APPLICATION_CONTEXT ( 'automotive_design' ) ;
#720 = ORIENTED_EDGE ( 'NONE', *, *, #333, .T. ) ;
#721 = DIRECTION ( 'NONE',  ( -0.000000000000000000, -1.000000000000000000, -0.000000000000000000 ) ) ;
#722 = DIRECTION ( 'NONE',  ( 0.000000000000000000, 0.000000000000000000, 1.000000000000000000 ) ) ;
#723 = CARTESIAN_POINT ( 'NONE',  ( 9.797174393178825657E-16, 0.000000000000000000, 8.000000000000000000 ) ) ;
#724 = ORIENTED_EDGE ( 'NONE', *, *, #1138, .T. ) ;
#725 = CARTESIAN_POINT ( 'NONE',  ( 120.0000000000000000, 6.000000000000000000, 0.000000000000000000 ) ) ;
#726 = CARTESIAN_POINT ( 'NONE',  ( 4.898587196589411843E-16, 4.000000000000000000, 4.000000000000000000 ) ) ;
#727 = ORIENTED_EDGE ( 'NONE', *, *, #1974, .T. ) ;
#728 = COLOUR_RGB ( '',0.7921568627450980005, 0.8196078431372548767, 0.9333333333333333481 ) ;
#729 = CARTESIAN_POINT ( 'NONE',  ( 17.50000000000000000, 6.000000000000000000, 0.000000000000000000 ) ) ;
#730 = EDGE_LOOP ( 'NONE', ( #912, #994, #363, #1353 ) ) ;
#731 = CARTESIAN_POINT ( 'NONE',  ( 19.71574987075031515, 8.000000000000000000, -41.30229070387950685 ) ) ;
#732 = LINE ( 'NONE', #337, #660 ) ;
#733 =( REPRESENTATION_RELATIONSHIP ('NONE','NONE', #518, #1377 ) REPRESENTATION_RELATIONSHIP_WITH_TRANSFORMATION ( #1348 )SHAPE_REPRESENTATION_RELATIONSHIP( ) );
#734 = ADVANCED_FACE ( 'NONE', ( #89 ), #575, .F. ) ;
#735 = DIRECTION ( 'NONE',  ( 0.000000000000000000, -0.000000000000000000, 1.000000000000000000 ) ) ;
#736 = ORIENTED_EDGE ( 'NONE', *, *, #813, .T. ) ;
#737 = CARTESIAN_POINT ( 'NONE',  ( 0.000000000000000000, 0.000000000000000000, 0.000000000000000000 ) ) ;
#738 = VECTOR ( 'NONE', #295, 1000.000000000000227 ) ;
#739 = DIRECTION ( 'NONE',  ( -0.000000000000000000, 1.000000000000000000, -0.000000000000000000 ) ) ;
#740 = ORIENTED_EDGE ( 'NONE', *, *, #292, .F. ) ;
#741 = VECTOR ( 'NONE', #1790, 1000.000000000000000 ) ;
#742 = CARTESIAN_POINT ( 'NONE',  ( 0.000000000000000000, 0.000000000000000000, 0.000000000000000000 ) ) ;
#743 = ADVANCED_FACE ( 'NONE', ( #1091 ), #879, .F. ) ;
#744 = ORIENTED_EDGE ( 'NONE', *, *, #1819, .T. ) ;
#745 = FACE_BOUND ( 'NONE', #1608, .T. ) ;
#746 = CARTESIAN_POINT ( 'NONE',  ( -52.28425012924968485, 0.000000000000000000, -7.802290703879503297 ) ) ;
#747 = FACE_OUTER_BOUND ( 'NONE', #1114, .T. ) ;
#748 = CARTESIAN_POINT ( 'NONE',  ( 11.25833063868069317, 5.000000000000000000, -6.500000224868111687 ) ) ;
#749 = VERTEX_POINT ( 'NONE', #564 ) ;
#750 = DIRECTION ( 'NONE',  ( 0.000000000000000000, 0.000000000000000000, 1.000000000000000000 ) ) ;
#751 = DIRECTION ( 'NONE',  ( 1.000000000000000000, 0.000000000000000000, 0.000000000000000000 ) ) ;
#752 = ORIENTED_EDGE ( 'NONE', *, *, #69, .F. ) ;
#753 =( GEOMETRIC_REPRESENTATION_CONTEXT ( 3 ) GLOBAL_UNCERTAINTY_ASSIGNED_CONTEXT ( ( #679 ) ) GLOBAL_UNIT_ASSIGNED_CONTEXT ( ( #136, #789, #1265 ) ) REPRESENTATION_CONTEXT ( 'NONE', 'WORKASPACE' ) );
#754 = DIRECTION ( 'NONE',  ( 0.000000000000000000, 0.000000000000000000, 1.000000000000000000 ) ) ;
#755 = EDGE_CURVE ( 'NONE', #299, #881, #1722, .T. ) ;
#756 = ORIENTED_EDGE ( 'NONE', *, *, #13, .T. ) ;
#757 = DIRECTION ( 'NONE',  ( -0.000000000000000000, 1.000000000000000000, -0.000000000000000000 ) ) ;
#758 = CARTESIAN_POINT ( 'NONE',  ( -52.28425012924968485, 8.000000000000000000, -45.55229070387950685 ) ) ;
#759 = CARTESIAN_POINT ( 'NONE',  ( 2.416445510260037022E-15, 5.000000000000000000, -13.00000044973621804 ) ) ;
#760 = CARTESIAN_POINT ( 'NONE',  ( 0.000000000000000000, 0.000000000000000000, 0.000000000000000000 ) ) ;
#761 = ORIENTED_EDGE ( 'NONE', *, *, #1602, .T. ) ;
#762 = CARTESIAN_POINT ( 'NONE',  ( 27.87526427061311196, 6.000000000000000000, 9.830866807611000624 ) ) ;
#763 = LINE ( 'NONE', #121, #18 ) ;
#764 = ORIENTED_EDGE ( 'NONE', *, *, #1034, .T. ) ;
#765 = EDGE_CURVE ( 'NONE', #416, #341, #811, .T. ) ;
#766 = AXIS2_PLACEMENT_3D ( 'NONE', #96, #1986, #722 ) ;
#767 = CARTESIAN_POINT ( 'NONE',  ( -9.124735729386891592, 0.000000000000000000, -16.41913319238900115 ) ) ;
#768 = LINE ( 'NONE', #746, #1843 ) ;
#769 = CARTESIAN_POINT ( 'NONE',  ( 0.000000000000000000, 0.000000000000000000, 0.000000000000000000 ) ) ;
#770 = VECTOR ( 'NONE', #1215, 1000.000000000000000 ) ;
#771 = PLANE ( 'NONE',  #1617 ) ;
#772 = VERTEX_POINT ( 'NONE', #1705 ) ;
#773 = EDGE_CURVE ( 'NONE', #772, #1595, #1554, .T. ) ;
#774 = ORIENTED_EDGE ( 'NONE', *, *, #2007, .T. ) ;
#775 = STYLED_ITEM ( 'NONE', ( #1618 ), #1788 ) ;
#776 = EDGE_CURVE ( 'NONE', #2068, #379, #1185, .T. ) ;
#777 = DIRECTION ( 'NONE',  ( 0.000000000000000000, 0.000000000000000000, 1.000000000000000000 ) ) ;
#778 = AXIS2_PLACEMENT_3D ( 'NONE', #1200, #871, #1674 ) ;
#779 = VERTEX_POINT ( 'NONE', #232 ) ;
#780 = DIRECTION ( 'NONE',  ( 0.000000000000000000, 0.000000000000000000, 1.000000000000000000 ) ) ;
#781 = DIRECTION ( 'NONE',  ( 0.000000000000000000, -0.000000000000000000, 1.000000000000000000 ) ) ;
#782 = DIRECTION ( 'NONE',  ( 0.000000000000000000, -0.000000000000000000, 1.000000000000000000 ) ) ;
#783 = EDGE_LOOP ( 'NONE', ( #532, #22 ) ) ;
#784 = PLANE ( 'NONE',  #75 ) ;
#785 = EDGE_LOOP ( 'NONE', ( #265, #168, #332, #744 ) ) ;
#786 = CARTESIAN_POINT ( 'NONE',  ( -52.28425012924968485, 8.000000000000000000, -3.552290703879497524 ) ) ;
#787 = AXIS2_PLACEMENT_3D ( 'NONE', #1274, #644, #780 ) ;
#788 = ORIENTED_EDGE ( 'NONE', *, *, #1424, .F. ) ;
#789 =( NAMED_UNIT ( * ) PLANE_ANGLE_UNIT ( ) SI_UNIT ( $, .RADIAN. ) );
#790 = FACE_OUTER_BOUND ( 'NONE', #480, .T. ) ;
#791 = AXIS2_PLACEMENT_3D ( 'NONE', #156, #1574, #1096 ) ;
#792 = CARTESIAN_POINT ( 'NONE',  ( 99.99999999999998579, 0.000000000000000000, -16.43136325280410404 ) ) ;
#793 = CIRCLE ( 'NONE', #1983, 4.249999999999996447 ) ;
#794 = VERTEX_POINT ( 'NONE', #1545 ) ;
#795 = DIRECTION ( 'NONE',  ( 0.000000000000000000, -0.000000000000000000, 1.000000000000000000 ) ) ;
#796 = ORIENTED_EDGE ( 'NONE', *, *, #846, .T. ) ;
#797 = DIRECTION ( 'NONE',  ( 0.000000000000000000, 0.000000000000000000, 1.000000000000000000 ) ) ;
#798 = EDGE_LOOP ( 'NONE', ( #1080, #517, #1302, #1980 ) ) ;
#799 = CARTESIAN_POINT ( 'NONE',  ( -41.28425012924968485, 8.000000000000000000, -24.55229070387949974 ) ) ;
#800 = CARTESIAN_POINT ( 'NONE',  ( 19.71574987075031515, 0.000000000000000000, -45.55229070387950685 ) ) ;
#801 = DIRECTION ( 'NONE',  ( -0.000000000000000000, 1.000000000000000000, -0.000000000000000000 ) ) ;
#802 = LINE ( 'NONE', #206, #2030 ) ;
#803 = CARTESIAN_POINT ( 'NONE',  ( 76.00000000000000000, 0.000000000000000000, -13.18136325280409871 ) ) ;
#804 = APPLICATION_PROTOCOL_DEFINITION ( 'draft international standard', 'automotive_design', 1998, #693 ) ;
#805 = EDGE_CURVE ( 'NONE', #869, #1416, #1828, .T. ) ;
#806 = CARTESIAN_POINT ( 'NONE',  ( 5.204748896376250699E-16, 0.000000000000000000, -4.250000000000000000 ) ) ;
#807 = EDGE_LOOP ( 'NONE', ( #878, #1258, #736, #643, #144 ) ) ;
#808 =( NAMED_UNIT ( * ) SI_UNIT ( $, .STERADIAN. ) SOLID_ANGLE_UNIT ( ) );
#809 = CIRCLE ( 'NONE', #1151, 4.250000000000000000 ) ;
#810 = DIRECTION ( 'NONE',  ( 0.000000000000000000, 0.000000000000000000, 1.000000000000000000 ) ) ;
#811 = CIRCLE ( 'NONE', #1384, 17.99999999999999645 ) ;
#812 = EDGE_LOOP ( 'NONE', ( #1129, #1522, #1212, #632 ) ) ;
#813 = EDGE_CURVE ( 'NONE', #1926, #822, #533, .T. ) ;
#814 =( LENGTH_UNIT ( ) NAMED_UNIT ( * ) SI_UNIT ( .MILLI., .METRE. ) );
#815 = FACE_OUTER_BOUND ( 'NONE', #1465, .T. ) ;
#816 = ORIENTED_EDGE ( 'NONE', *, *, #827, .F. ) ;
#817 = PRODUCT_CONTEXT ( 'NONE', #2044, 'mechanical' ) ;
#818 = ORIENTED_EDGE ( 'NONE', *, *, #867, .F. ) ;
#819 = VECTOR ( 'NONE', #512, 1000.000000000000000 ) ;
#820 = SHAPE_REPRESENTATION_RELATIONSHIP ( 'NONE' , 'NONE' ,  #1377, #1599 ) ;
#821 = CARTESIAN_POINT ( 'NONE',  ( 27.87526427061311196, 0.000000000000000000, -36.16913319238899760 ) ) ;
#822 = VERTEX_POINT ( 'NONE', #573 ) ;
#823 = CARTESIAN_POINT ( 'NONE',  ( 0.000000000000000000, 4.000000000000000000, 0.000000000000000000 ) ) ;
#824 = DIRECTION ( 'NONE',  ( -0.000000000000000000, 1.000000000000000000, -0.000000000000000000 ) ) ;
#825 = FILL_AREA_STYLE_COLOUR ( '', #1007 ) ;
#826 = CARTESIAN_POINT ( 'NONE',  ( 19.71574987075031515, 8.000000000000000000, -49.80229070387949974 ) ) ;
#827 = EDGE_CURVE ( 'NONE', #148, #1941, #1218, .T. ) ;
#828 = VERTEX_POINT ( 'NONE', #79 ) ;
#829 = SHAPE_DEFINITION_REPRESENTATION ( #534, #226 ) ;
#830 = VECTOR ( 'NONE', #1906, 1000.000000000000000 ) ;
#831 = AXIS2_PLACEMENT_3D ( 'NONE', #229, #864, #1539 ) ;
#832 = UNCERTAINTY_MEASURE_WITH_UNIT (LENGTH_MEASURE( 1.000000000000000082E-05 ), #1787, 'distance_accuracy_value', 'NONE');
#833 = ORIENTED_EDGE ( 'NONE', *, *, #690, .T. ) ;
#834 = EDGE_CURVE ( 'NONE', #1238, #953, #1352, .T. ) ;
#835 = CARTESIAN_POINT ( 'NONE',  ( 2.875264270613107520, 0.000000000000000000, -18.16913319238900115 ) ) ;
#836 = CARTESIAN_POINT ( 'NONE',  ( -41.28425012924968485, 14.00000000000000000, -24.55229070387949974 ) ) ;
#837 = DIRECTION ( 'NONE',  ( 0.000000000000000000, 0.000000000000000000, 1.000000000000000000 ) ) ;
#838 = LINE ( 'NONE', #592, #32 ) ;
#839 = APPLICATION_CONTEXT ( 'automotive_design' ) ;
#840 = DIRECTION ( 'NONE',  ( 0.4145779216600243289, 0.000000000000000000, 0.9100138168577743825 ) ) ;
#841 = VECTOR ( 'NONE', #1451, 1000.000000000000000 ) ;
#842 = ORIENTED_EDGE ( 'NONE', *, *, #6, .F. ) ;
#843 = EDGE_CURVE ( 'NONE', #678, #161, #642, .T. ) ;
#844 = CARTESIAN_POINT ( 'NONE',  ( 0.000000000000000000, 0.000000000000000000, 0.000000000000000000 ) ) ;
#845 = ADVANCED_BREP_SHAPE_REPRESENTATION ( '', ( #1019, #926 ), #1844 ) ;
#846 = EDGE_CURVE ( 'NONE', #978, #1250, #553, .T. ) ;
#847 = CARTESIAN_POINT ( 'NONE',  ( 0.000000000000000000, 30.00000000000000000, 0.000000000000000000 ) ) ;
#848 = LINE ( 'NONE', #347, #674 ) ;
#849 = VECTOR ( 'NONE', #645, 1000.000000000000000 ) ;
#850 = CARTESIAN_POINT ( 'NONE',  ( 19.71574987075031515, 0.000000000000000000, -45.55229070387950685 ) ) ;
#851 = APPLICATION_PROTOCOL_DEFINITION ( 'draft international standard', 'automotive_design', 1998, #943 ) ;
#852 = PRODUCT_DEFINITION_CONTEXT ( 'detailed design', #1092, 'design' ) ;
#853 = EDGE_LOOP ( 'NONE', ( #711, #676, #2043, #942 ) ) ;
#854 = EDGE_CURVE ( 'NONE', #1344, #621, #1813, .T. ) ;
#855 = CYLINDRICAL_SURFACE ( 'NONE', #284, 8.000000000000000000 ) ;
#856 = PRODUCT_DEFINITION_SHAPE ( 'NONE', 'NONE',  #1772 ) ;
#857 = PLANE ( 'NONE',  #1299 ) ;
#858 = DIRECTION ( 'NONE',  ( 0.000000000000000000, 0.000000000000000000, 1.000000000000000000 ) ) ;
#859 = AXIS2_PLACEMENT_3D ( 'NONE', #957, #293, #169 ) ;
#860 = ORIENTED_EDGE ( 'NONE', *, *, #1198, .T. ) ;
#861 = CIRCLE ( 'NONE', #1875, 4.250000000000005329 ) ;
#862 = ORIENTED_EDGE ( 'NONE', *, *, #776, .T. ) ;
#863 = CARTESIAN_POINT ( 'NONE',  ( 33.71574987075031515, 8.000000000000000000, 10.44770929612050203 ) ) ;
#864 = DIRECTION ( 'NONE',  ( 0.000000000000000000, 1.000000000000000000, 0.000000000000000000 ) ) ;
#865 = DIRECTION ( 'NONE',  ( -0.000000000000000000, 1.000000000000000000, -0.000000000000000000 ) ) ;
#866 = VECTOR ( 'NONE', #865, 1000.000000000000000 ) ;
#867 = EDGE_CURVE ( 'NONE', #978, #1504, #1908, .T. ) ;
#868 = ORIENTED_EDGE ( 'NONE', *, *, #202, .F. ) ;
#869 = VERTEX_POINT ( 'NONE', #224 ) ;
#870 = AXIS2_PLACEMENT_3D ( 'NONE', #617, #448, #1723 ) ;
#871 = DIRECTION ( 'NONE',  ( 0.000000000000000000, 1.000000000000000000, 0.000000000000000000 ) ) ;
#872 = LINE ( 'NONE', #1858, #1573 ) ;
#873 = FILL_AREA_STYLE_COLOUR ( '', #2024 ) ;
#874 = ADVANCED_FACE ( 'NONE', ( #71 ), #1996, .T. ) ;
#875 = DIRECTION ( 'NONE',  ( 0.000000000000000000, 0.000000000000000000, -1.000000000000000000 ) ) ;
#876 = CARTESIAN_POINT ( 'NONE',  ( 27.87526427061311196, 6.000000000000000000, -36.16913319238899760 ) ) ;
#877 = VECTOR ( 'NONE', #1487, 1000.000000000000227 ) ;
#878 = ORIENTED_EDGE ( 'NONE', *, *, #69, .T. ) ;
#879 = PLANE ( 'NONE',  #378 ) ;
#880 = AXIS2_PLACEMENT_3D ( 'NONE', #1850, #1033, #1686 ) ;
#881 = VERTEX_POINT ( 'NONE', #1452 ) ;
#882 = DIRECTION ( 'NONE',  ( -0.000000000000000000, 1.000000000000000000, -0.000000000000000000 ) ) ;
#883 = CARTESIAN_POINT ( 'NONE',  ( -52.28425012924968485, 0.000000000000000000, 0.6977092961205078048 ) ) ;
#884 = AXIS2_PLACEMENT_3D ( 'NONE', #836, #369, #1322 ) ;
#885 = LINE ( 'NONE', #1860, #516 ) ;
#886 = CARTESIAN_POINT ( 'NONE',  ( 76.00000000000000000, 0.000000000000000000, -19.68136325280411114 ) ) ;
#887 = AXIS2_PLACEMENT_3D ( 'NONE', #1064, #1965, #513 ) ;
#888 = VERTEX_POINT ( 'NONE', #483 ) ;
#889 = DIRECTION ( 'NONE',  ( -0.000000000000000000, -1.000000000000000000, -0.000000000000000000 ) ) ;
#890 = FACE_OUTER_BOUND ( 'NONE', #565, .T. ) ;
#891 = VERTEX_POINT ( 'NONE', #274 ) ;
#892 = CARTESIAN_POINT ( 'NONE',  ( -66.28425012924969906, 0.000000000000000000, 10.44770929612050203 ) ) ;
#893 = EDGE_CURVE ( 'NONE', #1188, #1147, #1468, .T. ) ;
#894 = ORIENTED_EDGE ( 'NONE', *, *, #1304, .T. ) ;
#895 = FACE_BOUND ( 'NONE', #606, .T. ) ;
#896 = CARTESIAN_POINT ( 'NONE',  ( 0.000000000000000000, 6.000000000000000000, 0.000000000000000000 ) ) ;
#897 = FACE_OUTER_BOUND ( 'NONE', #783, .T. ) ;
#898 = EDGE_LOOP ( 'NONE', ( #1444, #426, #344, #1934 ) ) ;
#899 = DIRECTION ( 'NONE',  ( -0.000000000000000000, -1.000000000000000000, -0.000000000000000000 ) ) ;
#900 = ORIENTED_EDGE ( 'NONE', *, *, #1842, .T. ) ;
#901 = EDGE_CURVE ( 'NONE', #779, #51, #1400, .T. ) ;
#902 = AXIS2_PLACEMENT_3D ( 'NONE', #1801, #177, #810 ) ;
#903 = CARTESIAN_POINT ( 'NONE',  ( -41.28425012924968485, 14.00000000000000000, -24.55229070387949974 ) ) ;
#904 = ORIENTED_EDGE ( 'NONE', *, *, #1349, .F. ) ;
#905 = CARTESIAN_POINT ( 'NONE',  ( -9.124735729386891592, 6.000000000000000000, -9.919133192388999376 ) ) ;
#906 = FACE_OUTER_BOUND ( 'NONE', #366, .T. ) ;
#907 = PLANE ( 'NONE',  #541 ) ;
#908 = FACE_OUTER_BOUND ( 'NONE', #1191, .T. ) ;
#909 = EDGE_LOOP ( 'NONE', ( #900, #1106, #1610, #1099, #917, #451 ) ) ;
#910 = VECTOR ( 'NONE', #2018, 1000.000000000000000 ) ;
#911 = LINE ( 'NONE', #254, #1008 ) ;
#912 = ORIENTED_EDGE ( 'NONE', *, *, #1738, .F. ) ;
#913 = EDGE_CURVE ( 'NONE', #543, #223, #364, .T. ) ;
#914 = AXIS2_PLACEMENT_3D ( 'NONE', #1515, #717, #2011 ) ;
#915 =( REPRESENTATION_RELATIONSHIP ('NONE','NONE', #518, #707 ) REPRESENTATION_RELATIONSHIP_WITH_TRANSFORMATION ( #1136 )SHAPE_REPRESENTATION_RELATIONSHIP( ) );
#916 = CARTESIAN_POINT ( 'NONE',  ( -9.124735729386891592, 0.000000000000000000, -9.919133192388999376 ) ) ;
#917 = ORIENTED_EDGE ( 'NONE', *, *, #176, .T. ) ;
#918 = DIRECTION ( 'NONE',  ( 0.000000000000000000, 1.000000000000000000, -0.000000000000000000 ) ) ;
#919 = DIRECTION ( 'NONE',  ( 0.000000000000000000, 1.000000000000000000, 0.000000000000000000 ) ) ;
#920 = CARTESIAN_POINT ( 'NONE',  ( -11.25833063868069317, 5.000000000000000000, -6.500000224868107246 ) ) ;
#921 = LINE ( 'NONE', #1885, #1415 ) ;
#922 = ORIENTED_EDGE ( 'NONE', *, *, #1759, .T. ) ;
#923 = ORIENTED_EDGE ( 'NONE', *, *, #646, .T. ) ;
#924 = AXIS2_PLACEMENT_3D ( 'NONE', #1565, #1101, #581 ) ;
#925 =( NAMED_UNIT ( * ) PLANE_ANGLE_UNIT ( ) SI_UNIT ( $, .RADIAN. ) );
#926 = AXIS2_PLACEMENT_3D ( 'NONE', #1973, #797, #334 ) ;
#927 = ADVANCED_FACE ( 'NONE', ( #2055 ), #1076, .F. ) ;
#928 = DIRECTION ( 'NONE',  ( 0.000000000000000000, 0.000000000000000000, 1.000000000000000000 ) ) ;
#929 = CARTESIAN_POINT ( 'NONE',  ( 19.71574987075032226, 8.000000000000000000, -7.802290703879496192 ) ) ;
#930 = FACE_OUTER_BOUND ( 'NONE', #1995, .T. ) ;
#931 = FACE_BOUND ( 'NONE', #349, .T. ) ;
#932 = ORIENTED_EDGE ( 'NONE', *, *, #1224, .F. ) ;
#933 = ADVANCED_FACE ( 'NONE', ( #492 ), #427, .F. ) ;
#934 = VERTEX_POINT ( 'NONE', #132 ) ;
#935 = DIRECTION ( 'NONE',  ( 0.000000000000000000, -0.000000000000000000, -1.000000000000000000 ) ) ;
#936 = VERTEX_POINT ( 'NONE', #1229 ) ;
#937 = CARTESIAN_POINT ( 'NONE',  ( 2.416445510260037022E-15, 0.000000000000000000, 13.00000044973622160 ) ) ;
#938 = DIRECTION ( 'NONE',  ( -0.000000000000000000, 1.000000000000000000, -0.000000000000000000 ) ) ;
#939 = CARTESIAN_POINT ( 'NONE',  ( 0.000000000000000000, 6.000000000000000000, 4.250000000000000000 ) ) ;
#940 = EDGE_CURVE ( 'NONE', #1147, #1188, #551, .T. ) ;
#941 = CARTESIAN_POINT ( 'NONE',  ( 11.25833063868069317, 0.000000000000000000, -6.500000224868111687 ) ) ;
#942 = ORIENTED_EDGE ( 'NONE', *, *, #713, .F. ) ;
#943 = APPLICATION_CONTEXT ( 'automotive_design' ) ;
#944 = ORIENTED_EDGE ( 'NONE', *, *, #1241, .F. ) ;
#945 = CARTESIAN_POINT ( 'NONE',  ( -41.28425012924968485, 0.000000000000000000, -24.55229070387949974 ) ) ;
#946 = CIRCLE ( 'NONE', #914, 4.249999999999998224 ) ;
#947 = VERTEX_POINT ( 'NONE', #826 ) ;
#948 = SURFACE_STYLE_FILL_AREA ( #1120 ) ;
#949 = DIRECTION ( 'NONE',  ( 0.000000000000000000, 0.000000000000000000, 1.000000000000000000 ) ) ;
#950 = CYLINDRICAL_SURFACE ( 'NONE', #16, 4.250000000000000000 ) ;
#951 = PRODUCT_DEFINITION_FORMATION_WITH_SPECIFIED_SOURCE ( 'ANY', '', #1176, .NOT_KNOWN. ) ;
#952 = ORIENTED_EDGE ( 'NONE', *, *, #594, .T. ) ;
#953 = VERTEX_POINT ( 'NONE', #1629 ) ;
#954 = CIRCLE ( 'NONE', #1603, 4.249999999999996447 ) ;
#955 = ADVANCED_FACE ( 'NONE', ( #815 ), #1793, .F. ) ;
#956 = VERTEX_POINT ( 'NONE', #977 ) ;
#957 = CARTESIAN_POINT ( 'NONE',  ( 76.00000000000000000, 0.000000000000000000, -16.43136325280410404 ) ) ;
#958 = DIRECTION ( 'NONE',  ( 0.000000000000000000, 0.000000000000000000, 1.000000000000000000 ) ) ;
#959 = CIRCLE ( 'NONE', #129, 8.000000000000000000 ) ;
#960 = DIRECTION ( 'NONE',  ( -0.000000000000000000, -1.000000000000000000, -0.000000000000000000 ) ) ;
#961 = VERTEX_POINT ( 'NONE', #1157 ) ;
#962 = DIRECTION ( 'NONE',  ( -0.000000000000000000, -1.000000000000000000, -0.000000000000000000 ) ) ;
#963 = ORIENTED_EDGE ( 'NONE', *, *, #1751, .F. ) ;
#964 = ADVANCED_FACE ( 'NONE', ( #1806 ), #969, .T. ) ;
#965 = EDGE_LOOP ( 'NONE', ( #752, #301, #1706, #405 ) ) ;
#966 = DIRECTION ( 'NONE',  ( -1.000000000000000000, 0.000000000000000000, -0.000000000000000000 ) ) ;
#967 = CYLINDRICAL_SURFACE ( 'NONE', #1630, 5.000000000000000888 ) ;
#968 = PRESENTATION_STYLE_ASSIGNMENT (( #1805 ) ) ;
#969 = CYLINDRICAL_SURFACE ( 'NONE', #1090, 4.000000000000000000 ) ;
#970 = EDGE_LOOP ( 'NONE', ( #1370, #1614, #5, #1928 ) ) ;
#971 = AXIS2_PLACEMENT_3D ( 'NONE', #1556, #1445, #154 ) ;
#972 = EDGE_LOOP ( 'NONE', ( #1093, #1978, #231, #134 ) ) ;
#973 = ADVANCED_FACE ( 'NONE', ( #988, #1619, #182, #503 ), #25, .T. ) ;
#974 = EDGE_LOOP ( 'NONE', ( #98, #1561 ) ) ;
#975 = DIRECTION ( 'NONE',  ( -0.000000000000000000, 1.000000000000000000, -0.000000000000000000 ) ) ;
#976 = SURFACE_SIDE_STYLE ('',( #627 ) ) ;
#977 = CARTESIAN_POINT ( 'NONE',  ( -66.28425012924968485, 0.000000000000000000, -59.55229070387950685 ) ) ;
#978 = VERTEX_POINT ( 'NONE', #509 ) ;
#979 = APPLICATION_PROTOCOL_DEFINITION ( 'draft international standard', 'automotive_design', 1998, #1389 ) ;
#980 = EDGE_CURVE ( 'NONE', #1540, #1366, #453, .T. ) ;
#981 = EDGE_LOOP ( 'NONE', ( #1511, #555 ) ) ;
#982 =( NAMED_UNIT ( * ) SI_UNIT ( $, .STERADIAN. ) SOLID_ANGLE_UNIT ( ) );
#983 = DIRECTION ( 'NONE',  ( 0.000000000000000000, 1.000000000000000000, 0.000000000000000000 ) ) ;
#984 = AXIS2_PLACEMENT_3D ( 'NONE', #1189, #2065, #14 ) ;
#985 = CARTESIAN_POINT ( 'NONE',  ( -22.12473572938689159, 6.000000000000000000, 9.830866807611000624 ) ) ;
#986 = DIRECTION ( 'NONE',  ( 0.000000000000000000, 1.000000000000000000, 0.000000000000000000 ) ) ;
#987 = CARTESIAN_POINT ( 'NONE',  ( 0.000000000000000000, 0.000000000000000000, 0.000000000000000000 ) ) ;
#988 = FACE_BOUND ( 'NONE', #1178, .T. ) ;
#989 = CIRCLE ( 'NONE', #93, 4.250000000000000000 ) ;
#990 = VERTEX_POINT ( 'NONE', #821 ) ;
#991 = DIRECTION ( 'NONE',  ( 0.000000000000000000, 0.000000000000000000, 1.000000000000000000 ) ) ;
#992 = EDGE_CURVE ( 'NONE', #1029, #1063, #2010, .T. ) ;
#993 = VECTOR ( 'NONE', #445, 1000.000000000000000 ) ;
#994 = ORIENTED_EDGE ( 'NONE', *, *, #381, .T. ) ;
#995 = EDGE_CURVE ( 'NONE', #216, #936, #665, .T. ) ;
#996 =( LENGTH_UNIT ( ) NAMED_UNIT ( * ) SI_UNIT ( .MILLI., .METRE. ) );
#997 = CARTESIAN_POINT ( 'NONE',  ( 0.000000000000000000, 4.000000000000000000, 0.000000000000000000 ) ) ;
#998 = LINE ( 'NONE', #46, #251 ) ;
#999 = DIRECTION ( 'NONE',  ( -0.000000000000000000, -1.000000000000000000, -0.000000000000000000 ) ) ;
#1000 = DIRECTION ( 'NONE',  ( -0.000000000000000000, 1.000000000000000000, -0.000000000000000000 ) ) ;
#1001 = SHAPE_DEFINITION_REPRESENTATION ( #1341, #1971 ) ;
#1002 = EDGE_CURVE ( 'NONE', #1125, #1457, #1376, .T. ) ;
#1003 = STYLED_ITEM ( 'NONE', ( #159 ), #1073 ) ;
#1004 = ORIENTED_EDGE ( 'NONE', *, *, #411, .T. ) ;
#1005 = CARTESIAN_POINT ( 'NONE',  ( 19.71574987075032226, 0.000000000000000000, -3.552290703879497524 ) ) ;
#1006 = CARTESIAN_POINT ( 'NONE',  ( -66.28425012924968485, 8.000000000000000000, -59.55229070387950685 ) ) ;
#1007 = COLOUR_RGB ( '',0.7921568627450980005, 0.8196078431372548767, 0.9333333333333333481 ) ;
#1008 = VECTOR ( 'NONE', #739, 1000.000000000000000 ) ;
#1009 = LINE ( 'NONE', #403, #246 ) ;
#1010 = AXIS2_PLACEMENT_3D ( 'NONE', #1005, #1015, #45 ) ;
#1011 = VERTEX_POINT ( 'NONE', #21 ) ;
#1012 = DIRECTION ( 'NONE',  ( 0.000000000000000000, 0.000000000000000000, 1.000000000000000000 ) ) ;
#1013 = AXIS2_PLACEMENT_3D ( 'NONE', #1170, #1303, #1175 ) ;
#1014 = EDGE_LOOP ( 'NONE', ( #1205, #680 ) ) ;
#1015 = DIRECTION ( 'NONE',  ( -0.000000000000000000, 1.000000000000000000, -0.000000000000000000 ) ) ;
#1016 = DIRECTION ( 'NONE',  ( -0.000000000000000000, -1.000000000000000000, -0.000000000000000000 ) ) ;
#1017 = EDGE_CURVE ( 'NONE', #828, #17, #535, .T. ) ;
#1018 = DIRECTION ( 'NONE',  ( -0.000000000000000000, 1.000000000000000000, -0.000000000000000000 ) ) ;
#1019 = MANIFOLD_SOLID_BREP ( 'Fillet1', #459 ) ;
#1020 = ORIENTED_EDGE ( 'NONE', *, *, #319, .F. ) ;
#1021 = AXIS2_PLACEMENT_3D ( 'NONE', #1235, #1861, #781 ) ;
#1022 = VECTOR ( 'NONE', #1869, 1000.000000000000000 ) ;
#1023 = ORIENTED_EDGE ( 'NONE', *, *, #381, .F. ) ;
#1024 = ADVANCED_FACE ( 'NONE', ( #31, #1164 ), #664, .F. ) ;
#1025 = DIRECTION ( 'NONE',  ( 0.000000000000000000, 1.000000000000000000, 0.000000000000000000 ) ) ;
#1026 = CARTESIAN_POINT ( 'NONE',  ( -11.25833063868069317, 5.000000000000000000, -6.500000224868107246 ) ) ;
#1027 = DIRECTION ( 'NONE',  ( 0.000000000000000000, 0.000000000000000000, 1.000000000000000000 ) ) ;
#1028 = CIRCLE ( 'NONE', #1785, 4.000000000000000000 ) ;
#1029 = VERTEX_POINT ( 'NONE', #1924 ) ;
#1030 = PRODUCT_DEFINITION_SHAPE ( 'NONE', 'NONE',  #2086 ) ;
#1031 = ORIENTED_EDGE ( 'NONE', *, *, #227, .F. ) ;
#1032 = AXIS2_PLACEMENT_3D ( 'NONE', #461, #2053, #272 ) ;
#1033 = DIRECTION ( 'NONE',  ( 0.000000000000000000, 1.000000000000000000, 0.000000000000000000 ) ) ;
#1034 = EDGE_CURVE ( 'NONE', #822, #1104, #463, .T. ) ;
#1035 = CARTESIAN_POINT ( 'NONE',  ( 0.000000000000000000, 6.000000000000000000, -17.50000000000000000 ) ) ;
#1036 = LINE ( 'NONE', #1732, #1488 ) ;
#1037 = LINE ( 'NONE', #1691, #504 ) ;
#1038 = AXIS2_PLACEMENT_3D ( 'NONE', #2075, #1597, #782 ) ;
#1039 = ORIENTED_EDGE ( 'NONE', *, *, #1811, .F. ) ;
#1040 = DIRECTION ( 'NONE',  ( -0.8660254037844383745, 0.000000000000000000, 0.5000000000000004441 ) ) ;
#1041 = VECTOR ( 'NONE', #1225, 1000.000000000000000 ) ;
#1042 = ORIENTED_EDGE ( 'NONE', *, *, #1842, .F. ) ;
#1043 = AXIS2_PLACEMENT_3D ( 'NONE', #1455, #1955, #1148 ) ;
#1044 = DIRECTION ( 'NONE',  ( 0.000000000000000000, 0.000000000000000000, 1.000000000000000000 ) ) ;
#1045 = LINE ( 'NONE', #1516, #2015 ) ;
#1046 = ORIENTED_EDGE ( 'NONE', *, *, #1729, .F. ) ;
#1047 = PLANE ( 'NONE',  #1798 ) ;
#1048 = CARTESIAN_POINT ( 'NONE',  ( -66.28425012924968485, 0.000000000000000000, -59.55229070387950685 ) ) ;
#1049 = DIRECTION ( 'NONE',  ( 0.5000000000000001110, 0.000000000000000000, -0.8660254037844387076 ) ) ;
#1050 = ADVANCED_FACE ( 'NONE', ( #2 ), #1615, .T. ) ;
#1051 = ORIENTED_EDGE ( 'NONE', *, *, #1443, .T. ) ;
#1052 = DIRECTION ( 'NONE',  ( 0.000000000000000000, 1.000000000000000000, 0.000000000000000000 ) ) ;
#1053 = AXIS2_PLACEMENT_3D ( 'NONE', #1656, #219, #519 ) ;
#1054 = EDGE_LOOP ( 'NONE', ( #1671, #1893, #1947, #494 ) ) ;
#1055 = CIRCLE ( 'NONE', #163, 4.250000000000005329 ) ;
#1056 = CLOSED_SHELL ( 'NONE', ( #1278, #123, #351, #1065, #1216, #157, #1939, #579, #2039, #1276, #310, #52 ) ) ;
#1057 = EDGE_CURVE ( 'NONE', #17, #828, #474, .T. ) ;
#1058 = CARTESIAN_POINT ( 'NONE',  ( -11.25833063868069317, 5.000000000000000000, -6.500000224868107246 ) ) ;
#1059 = ORIENTED_EDGE ( 'NONE', *, *, #1786, .T. ) ;
#1060 = CARTESIAN_POINT ( 'NONE',  ( 0.000000000000000000, 0.000000000000000000, 0.000000000000000000 ) ) ;
#1061 = CARTESIAN_POINT ( 'NONE',  ( 99.99999999999998579, 6.000000000000000000, -13.18136325280409871 ) ) ;
#1062 = CARTESIAN_POINT ( 'NONE',  ( 2.875264270613107520, 0.000000000000000000, -18.16913319238900115 ) ) ;
#1063 = VERTEX_POINT ( 'NONE', #23 ) ;
#1064 = CARTESIAN_POINT ( 'NONE',  ( 19.71574987075032226, 0.000000000000000000, -3.552290703879497524 ) ) ;
#1065 = ADVANCED_FACE ( 'NONE', ( #481 ), #1576, .F. ) ;
#1066 = CARTESIAN_POINT ( 'NONE',  ( 9.797174393178825657E-16, 4.000000000000000000, 8.000000000000000000 ) ) ;
#1067 = ORIENTED_EDGE ( 'NONE', *, *, #675, .T. ) ;
#1068 = DIRECTION ( 'NONE',  ( 0.000000000000000000, 1.000000000000000000, 0.000000000000000000 ) ) ;
#1069 = ORIENTED_EDGE ( 'NONE', *, *, #805, .T. ) ;
#1070 = FACE_OUTER_BOUND ( 'NONE', #321, .T. ) ;
#1071 = CARTESIAN_POINT ( 'NONE',  ( 14.87526427061310841, 6.000000000000000000, -13.16913319238899938 ) ) ;
#1072 = DIRECTION ( 'NONE',  ( 0.000000000000000000, 0.000000000000000000, 1.000000000000000000 ) ) ;
#1073 = MANIFOLD_SOLID_BREP ( 'Cut-Extrude2', #1436 ) ;
#1074 = PLANE ( 'NONE',  #1032 ) ;
#1075 = VERTEX_POINT ( 'NONE', #937 ) ;
#1076 = CYLINDRICAL_SURFACE ( 'NONE', #1530, 4.249999999999996447 ) ;
#1077 = AXIS2_PLACEMENT_3D ( 'NONE', #920, #1111, #1896 ) ;
#1078 = AXIS2_PLACEMENT_3D ( 'NONE', #264, #109, #2042 ) ;
#1079 = LINE ( 'NONE', #1739, #910 ) ;
#1080 = ORIENTED_EDGE ( 'NONE', *, *, #893, .F. ) ;
#1081 = CARTESIAN_POINT ( 'NONE',  ( 0.000000000000000000, 6.000000000000000000, 0.000000000000000000 ) ) ;
#1082 = ORIENTED_EDGE ( 'NONE', *, *, #1198, .F. ) ;
#1083 = CARTESIAN_POINT ( 'NONE',  ( 14.87526427061310841, 6.000000000000000000, -13.16913319238899938 ) ) ;
#1084 = DIRECTION ( 'NONE',  ( 0.000000000000000000, 0.000000000000000000, 1.000000000000000000 ) ) ;
#1085 = VECTOR ( 'NONE', #359, 1000.000000000000000 ) ;
#1086 = FACE_OUTER_BOUND ( 'NONE', #240, .T. ) ;
#1087 = EDGE_CURVE ( 'NONE', #947, #1423, #954, .T. ) ;
#1088 = LINE ( 'NONE', #1735, #604 ) ;
#1089 = ORIENTED_EDGE ( 'NONE', *, *, #1311, .T. ) ;
#1090 = AXIS2_PLACEMENT_3D ( 'NONE', #362, #1464, #658 ) ;
#1091 = FACE_OUTER_BOUND ( 'NONE', #670, .T. ) ;
#1092 = APPLICATION_CONTEXT ( 'automotive_design' ) ;
#1093 = ORIENTED_EDGE ( 'NONE', *, *, #1138, .F. ) ;
#1094 = SHAPE_REPRESENTATION ( 'nut', ( #926 ), #1524 ) ;
#1095 = STYLED_ITEM ( 'NONE', ( #315 ), #348 ) ;
#1096 = DIRECTION ( 'NONE',  ( 4.003207882993588403E-16, 0.000000000000000000, 1.000000000000000000 ) ) ;
#1097 = EDGE_CURVE ( 'NONE', #583, #1923, #500, .T. ) ;
#1098 = AXIS2_PLACEMENT_3D ( 'NONE', #698, #718, #1696 ) ;
#1099 = ORIENTED_EDGE ( 'NONE', *, *, #1430, .T. ) ;
#1100 = CARTESIAN_POINT ( 'NONE',  ( 14.87526427061310841, 6.000000000000000000, -16.41913319238900471 ) ) ;
#1101 = DIRECTION ( 'NONE',  ( -0.000000000000000000, -1.000000000000000000, -0.000000000000000000 ) ) ;
#1102 = CARTESIAN_POINT ( 'NONE',  ( -52.28425012924968485, 8.000000000000000000, -41.30229070387949974 ) ) ;
#1103 = DIRECTION ( 'NONE',  ( 0.000000000000000000, -1.000000000000000000, 0.000000000000000000 ) ) ;
#1104 = VERTEX_POINT ( 'NONE', #1417 ) ;
#1105 = FACE_OUTER_BOUND ( 'NONE', #1886, .T. ) ;
#1106 = ORIENTED_EDGE ( 'NONE', *, *, #64, .T. ) ;
#1107 = DIRECTION ( 'NONE',  ( -1.000000000000000000, -0.000000000000000000, -0.000000000000000000 ) ) ;
#1108 = VERTEX_POINT ( 'NONE', #1100 ) ;
#1109 = FACE_OUTER_BOUND ( 'NONE', #80, .T. ) ;
#1110 = LINE ( 'NONE', #1962, #1730 ) ;
#1111 = DIRECTION ( 'NONE',  ( 1.000000000000000000, 0.000000000000000000, -2.668805255329058278E-16 ) ) ;
#1112 = ORIENTED_EDGE ( 'NONE', *, *, #1817, .F. ) ;
#1113 = CARTESIAN_POINT ( 'NONE',  ( 0.000000000000000000, 0.000000000000000000, 0.000000000000000000 ) ) ;
#1114 = EDGE_LOOP ( 'NONE', ( #1023, #1689, #243, #191 ) ) ;
#1115 = VECTOR ( 'NONE', #1396, 1000.000000000000000 ) ;
#1116 = AXIS2_PLACEMENT_3D ( 'NONE', #1230, #1052, #380 ) ;
#1117 = EDGE_CURVE ( 'NONE', #60, #209, #1774, .T. ) ;
#1118 = AXIS2_PLACEMENT_3D ( 'NONE', #997, #73, #1645 ) ;
#1119 = ORIENTED_EDGE ( 'NONE', *, *, #485, .F. ) ;
#1120 = FILL_AREA_STYLE ('',( #1296 ) ) ;
#1121 = CARTESIAN_POINT ( 'NONE',  ( -9.124735729386891592, 0.000000000000000000, -13.16913319238899938 ) ) ;
#1122 = ADVANCED_BREP_SHAPE_REPRESENTATION ( '', ( #348, #926 ), #2079 ) ;
#1123 = DIRECTION ( 'NONE',  ( 0.000000000000000000, 0.000000000000000000, -1.000000000000000000 ) ) ;
#1124 = CARTESIAN_POINT ( 'NONE',  ( 0.000000000000000000, 30.00000000000000000, 0.000000000000000000 ) ) ;
#1125 = VERTEX_POINT ( 'NONE', #1951 ) ;
#1126 = ADVANCED_FACE ( 'NONE', ( #1920 ), #1286, .F. ) ;
#1127 = FACE_BOUND ( 'NONE', #2029, .T. ) ;
#1128 = EDGE_CURVE ( 'NONE', #341, #416, #2051, .T. ) ;
#1129 = ORIENTED_EDGE ( 'NONE', *, *, #1909, .F. ) ;
#1130 = ORIENTED_EDGE ( 'NONE', *, *, #834, .F. ) ;
#1131 = LINE ( 'NONE', #655, #62 ) ;
#1132 = DIRECTION ( 'NONE',  ( 0.000000000000000000, 0.000000000000000000, 1.000000000000000000 ) ) ;
#1133 = AXIS2_PLACEMENT_3D ( 'NONE', #903, #1068, #754 ) ;
#1134 = CARTESIAN_POINT ( 'NONE',  ( 99.99999999999998579, 6.000000000000000000, -16.43136325280410404 ) ) ;
#1135 = LINE ( 'NONE', #803, #1637 ) ;
#1136 = ITEM_DEFINED_TRANSFORMATION ( 'NONE', 'NONE', #1013,  #926 ) ;
#1137 = ORIENTED_EDGE ( 'NONE', *, *, #1777, .T. ) ;
#1138 = EDGE_CURVE ( 'NONE', #888, #357, #1131, .T. ) ;
#1139 = CARTESIAN_POINT ( 'NONE',  ( 0.000000000000000000, 0.000000000000000000, 0.000000000000000000 ) ) ;
#1140 = DIRECTION ( 'NONE',  ( 0.000000000000000000, 0.000000000000000000, 1.000000000000000000 ) ) ;
#1141 = VERTEX_POINT ( 'NONE', #336 ) ;
#1142 = DIRECTION ( 'NONE',  ( -0.8660254037844387076, 0.000000000000000000, -0.4999999999999998890 ) ) ;
#1143 = CYLINDRICAL_SURFACE ( 'NONE', #189, 4.249999999999996447 ) ;
#1144 = DIRECTION ( 'NONE',  ( 0.000000000000000000, 0.000000000000000000, 1.000000000000000000 ) ) ;
#1145 = CARTESIAN_POINT ( 'NONE',  ( 0.000000000000000000, 6.000000000000000000, 0.000000000000000000 ) ) ;
#1146 = ADVANCED_FACE ( 'NONE', ( #613 ), #1254, .F. ) ;
#1147 = VERTEX_POINT ( 'NONE', #149 ) ;
#1148 = DIRECTION ( 'NONE',  ( 1.000000000000000000, 0.000000000000000000, 0.000000000000000000 ) ) ;
#1149 = CIRCLE ( 'NONE', #1683, 4.249999999999996447 ) ;
#1150 = ORIENTED_EDGE ( 'NONE', *, *, #867, .T. ) ;
#1151 = AXIS2_PLACEMENT_3D ( 'NONE', #987, #1481, #1953 ) ;
#1152 = DIRECTION ( 'NONE',  ( 0.000000000000000000, 1.000000000000000000, 0.000000000000000000 ) ) ;
#1153 = ORIENTED_EDGE ( 'NONE', *, *, #765, .F. ) ;
#1154 = LINE ( 'NONE', #689, #741 ) ;
#1155 = LINE ( 'NONE', #1757, #819 ) ;
#1156 =( NAMED_UNIT ( * ) PLANE_ANGLE_UNIT ( ) SI_UNIT ( $, .RADIAN. ) );
#1157 = CARTESIAN_POINT ( 'NONE',  ( -66.28425012924969906, 8.000000000000000000, 10.44770929612050203 ) ) ;
#1158 = VECTOR ( 'NONE', #721, 1000.000000000000000 ) ;
#1159 = ORIENTED_EDGE ( 'NONE', *, *, #221, .T. ) ;
#1160 = ITEM_DEFINED_TRANSFORMATION ( 'NONE', 'NONE', #447,  #926 ) ;
#1161 = ADVANCED_FACE ( 'NONE', ( #1109 ), #672, .T. ) ;
#1162 = PRODUCT_DEFINITION_FORMATION_WITH_SPECIFIED_SOURCE ( 'ANY', '', #1837, .NOT_KNOWN. ) ;
#1163 = ORIENTED_EDGE ( 'NONE', *, *, #1356, .T. ) ;
#1164 = FACE_OUTER_BOUND ( 'NONE', #412, .T. ) ;
#1165 = CARTESIAN_POINT ( 'NONE',  ( 2.875264270613107076, 0.000000000000000000, -13.16913319238899938 ) ) ;
#1166 = DIRECTION ( 'NONE',  ( 0.000000000000000000, 1.000000000000000000, 0.000000000000000000 ) ) ;
#1167 = ADVANCED_FACE ( 'NONE', ( #1624 ), #1172, .F. ) ;
#1168 = VECTOR ( 'NONE', #1182, 1000.000000000000000 ) ;
#1169 = PLANE ( 'NONE',  #715 ) ;
#1170 = CARTESIAN_POINT ( 'NONE',  ( 707.1671475143781436, 878.7625053191183042, 1331.420455869408215 ) ) ;
#1171 = EDGE_LOOP ( 'NONE', ( #1089, #1261, #1362, #1069 ) ) ;
#1172 = PLANE ( 'NONE',  #1053 ) ;
#1173 = CARTESIAN_POINT ( 'NONE',  ( 2.416445510260037022E-15, 0.000000000000000000, -13.00000044973621804 ) ) ;
#1174 = CARTESIAN_POINT ( 'NONE',  ( 0.000000000000000000, 4.000000000000000000, 0.000000000000000000 ) ) ;
#1175 = DIRECTION ( 'NONE',  ( 1.000000000000000000, 0.000000000000000000, 0.000000000000000000 ) ) ;
#1176 = PRODUCT ( 'nut', 'nut', '', ( #817 ) ) ;
#1177 = MECHANICAL_DESIGN_GEOMETRIC_PRESENTATION_REPRESENTATION (  '', ( #1272 ), #567 ) ;
#1178 = EDGE_LOOP ( 'NONE', ( #1431, #576 ) ) ;
#1179 = DIRECTION ( 'NONE',  ( 0.000000000000000000, 0.000000000000000000, 1.000000000000000000 ) ) ;
#1180 = EDGE_CURVE ( 'NONE', #1504, #978, #1500, .T. ) ;
#1181 = CARTESIAN_POINT ( 'NONE',  ( 0.000000000000000000, 0.000000000000000000, 0.000000000000000000 ) ) ;
#1182 = DIRECTION ( 'NONE',  ( -1.982541115402065110E-16, 0.000000000000000000, 1.000000000000000000 ) ) ;
#1183 = AXIS2_PLACEMENT_3D ( 'NONE', #669, #1942, #1144 ) ;
#1184 = FILL_AREA_STYLE ('',( #873 ) ) ;
#1185 = CIRCLE ( 'NONE', #1116, 3.250000000000006217 ) ;
#1186 = FACE_OUTER_BOUND ( 'NONE', #1703, .T. ) ;
#1187 = AXIS2_PLACEMENT_3D ( 'NONE', #536, #1368, #244 ) ;
#1188 = VERTEX_POINT ( 'NONE', #358 ) ;
#1189 = CARTESIAN_POINT ( 'NONE',  ( 0.000000000000000000, 6.000000000000000000, 0.000000000000000000 ) ) ;
#1190 = EDGE_CURVE ( 'NONE', #1855, #1471, #686, .T. ) ;
#1191 = EDGE_LOOP ( 'NONE', ( #313, #687, #280, #1665 ) ) ;
#1192 = LINE ( 'NONE', #1857, #1592 ) ;
#1193 = PRODUCT_DEFINITION_SHAPE ( 'NONE', 'NONE',  #1397 ) ;
#1194 = LINE ( 'NONE', #1263, #1700 ) ;
#1195 = AXIS2_PLACEMENT_3D ( 'NONE', #327, #801, #1387 ) ;
#1196 = CARTESIAN_POINT ( 'NONE',  ( 0.000000000000000000, 30.00000000000000000, -4.000000000000000000 ) ) ;
#1197 = ORIENTED_EDGE ( 'NONE', *, *, #1017, .T. ) ;
#1198 = EDGE_CURVE ( 'NONE', #891, #1390, #588, .T. ) ;
#1199 = EDGE_LOOP ( 'NONE', ( #833, #671, #1119, #1716 ) ) ;
#1200 = CARTESIAN_POINT ( 'NONE',  ( 76.00000000000000000, 0.000000000000000000, -16.43136325280410404 ) ) ;
#1201 = CARTESIAN_POINT ( 'NONE',  ( 19.71574987075031515, 0.000000000000000000, -49.80229070387949974 ) ) ;
#1202 = LINE ( 'NONE', #591, #1692 ) ;
#1203 = DIRECTION ( 'NONE',  ( 0.000000000000000000, 0.000000000000000000, 1.000000000000000000 ) ) ;
#1204 = ADVANCED_FACE ( 'NONE', ( #1479 ), #855, .T. ) ;
#1205 = ORIENTED_EDGE ( 'NONE', *, *, #2000, .F. ) ;
#1206 = UNCERTAINTY_MEASURE_WITH_UNIT (LENGTH_MEASURE( 1.000000000000000082E-05 ), #996, 'distance_accuracy_value', 'NONE');
#1207 = FACE_OUTER_BOUND ( 'NONE', #654, .T. ) ;
#1208 = ORIENTED_EDGE ( 'NONE', *, *, #940, .T. ) ;
#1209 = DIRECTION ( 'NONE',  ( -4.003207882993588896E-16, 0.000000000000000000, -1.000000000000000000 ) ) ;
#1210 = CARTESIAN_POINT ( 'NONE',  ( 0.000000000000000000, 30.00000000000000000, -4.000000000000000000 ) ) ;
#1211 = EDGE_CURVE ( 'NONE', #1446, #1926, #1154, .T. ) ;
#1212 = ORIENTED_EDGE ( 'NONE', *, *, #1329, .T. ) ;
#1213 = CARTESIAN_POINT ( 'NONE',  ( 0.000000000000000000, 4.000000000000000000, -8.000000000000000000 ) ) ;
#1214 = DIRECTION ( 'NONE',  ( 0.000000000000000000, 0.000000000000000000, 1.000000000000000000 ) ) ;
#1215 = DIRECTION ( 'NONE',  ( -0.000000000000000000, -1.000000000000000000, -0.000000000000000000 ) ) ;
#1216 = ADVANCED_FACE ( 'NONE', ( #1814 ), #1821, .F. ) ;
#1217 = VERTEX_POINT ( 'NONE', #345 ) ;
#1218 = LINE ( 'NONE', #1847, #479 ) ;
#1219 = DIRECTION ( 'NONE',  ( -0.000000000000000000, -1.000000000000000000, 0.000000000000000000 ) ) ;
#1220 = VECTOR ( 'NONE', #1518, 1000.000000000000000 ) ;
#1222 = ORIENTED_EDGE ( 'NONE', *, *, #1057, .F. ) ;
#1221 = ADVANCED_BREP_SHAPE_REPRESENTATION ( '', ( #1073, #926 ), #1742 ) ;
#1223 = FACE_OUTER_BOUND ( 'NONE', #1854, .T. ) ;
#1224 = EDGE_CURVE ( 'NONE', #543, #1591, #54, .T. ) ;
#1225 = DIRECTION ( 'NONE',  ( -1.000000000000000000, -0.000000000000000000, -0.000000000000000000 ) ) ;
#1226 = DIRECTION ( 'NONE',  ( 2.668805255329058278E-16, 0.000000000000000000, 1.000000000000000000 ) ) ;
#1227 = DIRECTION ( 'NONE',  ( 0.000000000000000000, 0.000000000000000000, 1.000000000000000000 ) ) ;
#1228 = VERTEX_POINT ( 'NONE', #863 ) ;
#1229 = CARTESIAN_POINT ( 'NONE',  ( 2.416445510260037022E-15, 5.000000000000000000, -13.00000044973621804 ) ) ;
#1230 = CARTESIAN_POINT ( 'NONE',  ( 76.00000000000000000, 6.000000000000000000, -16.43136325280410404 ) ) ;
#1231 = ORIENTED_EDGE ( 'NONE', *, *, #1958, .T. ) ;
#1232 = VECTOR ( 'NONE', #528, 1000.000000000000000 ) ;
#1233 = CARTESIAN_POINT ( 'NONE',  ( 76.00000000000000000, 0.000000000000000000, -16.43136325280410404 ) ) ;
#1234 = CYLINDRICAL_SURFACE ( 'NONE', #577, 4.250000000000005329 ) ;
#1235 = CARTESIAN_POINT ( 'NONE',  ( -41.28425012924968485, 14.00000000000000000, -24.55229070387949974 ) ) ;
#1236 = LINE ( 'NONE', #446, #1552 ) ;
#1237 = DIRECTION ( 'NONE',  ( -0.000000000000000000, -1.000000000000000000, -0.000000000000000000 ) ) ;
#1238 = VERTEX_POINT ( 'NONE', #1472 ) ;
#1239 = DIRECTION ( 'NONE',  ( -1.000000000000000000, 0.000000000000000000, -0.000000000000000000 ) ) ;
#1240 = EDGE_LOOP ( 'NONE', ( #462, #625, #727, #764 ) ) ;
#1241 = EDGE_CURVE ( 'NONE', #1141, #466, #218, .T. ) ;
#1242 = FACE_OUTER_BOUND ( 'NONE', #1794, .T. ) ;
#1243 = VECTOR ( 'NONE', #7, 1000.000000000000000 ) ;
#1244 = CARTESIAN_POINT ( 'NONE',  ( 19.71574987075032226, 0.000000000000000000, -7.802290703879496192 ) ) ;
#1245 = CARTESIAN_POINT ( 'NONE',  ( -41.28425012924968485, 14.00000000000000000, -24.55229070387949974 ) ) ;
#1246 = DIRECTION ( 'NONE',  ( 0.5000000000000001110, -0.000000000000000000, 0.8660254037844387076 ) ) ;
#1247 = CARTESIAN_POINT ( 'NONE',  ( 9.797174393178825657E-16, 4.000000000000000000, 8.000000000000000000 ) ) ;
#1248 = EDGE_LOOP ( 'NONE', ( #2054, #36, #225, #1563 ) ) ;
#1249 = DIRECTION ( 'NONE',  ( -0.000000000000000000, 1.000000000000000000, -0.000000000000000000 ) ) ;
#1250 = VERTEX_POINT ( 'NONE', #1961 ) ;
#1251 = EDGE_CURVE ( 'NONE', #663, #749, #53, .T. ) ;
#1252 = DIRECTION ( 'NONE',  ( 1.000000000000000000, -0.000000000000000000, 1.982541115402065110E-16 ) ) ;
#1253 = DIRECTION ( 'NONE',  ( 1.000000000000000000, 0.000000000000000000, 0.000000000000000000 ) ) ;
#1254 = CYLINDRICAL_SURFACE ( 'NONE', #330, 3.250000000000006217 ) ;
#1255 = CARTESIAN_POINT ( 'NONE',  ( 2.875264270613107076, 0.000000000000000000, -8.169133192388999376 ) ) ;
#1256 = LINE ( 'NONE', #1442, #1933 ) ;
#1257 = LINE ( 'NONE', #415, #342 ) ;
#1258 = ORIENTED_EDGE ( 'NONE', *, *, #1211, .T. ) ;
#1259 = VECTOR ( 'NONE', #712, 1000.000000000000000 ) ;
#1260 = CARTESIAN_POINT ( 'NONE',  ( 2.416445510260037022E-15, 5.000000000000000000, 13.00000044973622160 ) ) ;
#1261 = ORIENTED_EDGE ( 'NONE', *, *, #472, .F. ) ;
#1262 = CLOSED_SHELL ( 'NONE', ( #1161, #167, #1204, #1621, #1167, #964, #586 ) ) ;
#1263 = CARTESIAN_POINT ( 'NONE',  ( -22.12473572938689159, 6.000000000000000000, -36.16913319238899760 ) ) ;
#1264 = ORIENTED_EDGE ( 'NONE', *, *, #373, .T. ) ;
#1265 =( NAMED_UNIT ( * ) SI_UNIT ( $, .STERADIAN. ) SOLID_ANGLE_UNIT ( ) );
#1266 = CARTESIAN_POINT ( 'NONE',  ( 2.875264270613107076, 0.000000000000000000, -13.16913319238899938 ) ) ;
#1267 = CARTESIAN_POINT ( 'NONE',  ( 0.000000000000000000, 0.000000000000000000, 4.250000000000000000 ) ) ;
#1268 = EDGE_LOOP ( 'NONE', ( #724, #196, #1130, #1950 ) ) ;
#1269 = ADVANCED_FACE ( 'NONE', ( #1803 ), #1638, .F. ) ;
#1270 = DIRECTION ( 'NONE',  ( 0.000000000000000000, -0.000000000000000000, 1.000000000000000000 ) ) ;
#1271 = ORIENTED_EDGE ( 'NONE', *, *, #1430, .F. ) ;
#1272 = STYLED_ITEM ( 'NONE', ( #386 ), #1019 ) ;
#1273 = ORIENTED_EDGE ( 'NONE', *, *, #854, .T. ) ;
#1274 = CARTESIAN_POINT ( 'NONE',  ( 0.000000000000000000, 30.00000000000000000, 0.000000000000000000 ) ) ;
#1275 = CARTESIAN_POINT ( 'NONE',  ( 0.000000000000000000, 0.000000000000000000, 0.000000000000000000 ) ) ;
#1276 = ADVANCED_FACE ( 'NONE', ( #682 ), #1975, .F. ) ;
#1277 = DIRECTION ( 'NONE',  ( 0.000000000000000000, 1.000000000000000000, 0.000000000000000000 ) ) ;
#1278 = ADVANCED_FACE ( 'NONE', ( #1666 ), #1505, .F. ) ;
#1279 = ORIENTED_EDGE ( 'NONE', *, *, #292, .T. ) ;
#1280 = DIRECTION ( 'NONE',  ( -0.000000000000000000, -1.000000000000000000, -0.000000000000000000 ) ) ;
#1281 = ORIENTED_EDGE ( 'NONE', *, *, #556, .T. ) ;
#1282 =( GEOMETRIC_REPRESENTATION_CONTEXT ( 3 ) GLOBAL_UNCERTAINTY_ASSIGNED_CONTEXT ( ( #1981 ) ) GLOBAL_UNIT_ASSIGNED_CONTEXT ( ( #1476, #1156, #245 ) ) REPRESENTATION_CONTEXT ( 'NONE', 'WORKASPACE' ) );
#1283 = VECTOR ( 'NONE', #1249, 1000.000000000000000 ) ;
#1284 = CIRCLE ( 'NONE', #778, 3.250000000000006217 ) ;
#1285 = ORIENTED_EDGE ( 'NONE', *, *, #256, .F. ) ;
#1286 = CYLINDRICAL_SURFACE ( 'NONE', #859, 3.250000000000006217 ) ;
#1287 = SURFACE_STYLE_USAGE ( .BOTH. , #976 ) ;
#1288 = CARTESIAN_POINT ( 'NONE',  ( -41.28425012924968485, 14.00000000000000000, -24.55229070387949974 ) ) ;
#1289 = EDGE_CURVE ( 'NONE', #1916, #947, #65, .T. ) ;
#1290 = ORIENTED_EDGE ( 'NONE', *, *, #2070, .T. ) ;
#1291 = APPLICATION_PROTOCOL_DEFINITION ( 'draft international standard', 'automotive_design', 1998, #1826 ) ;
#1292 = ORIENTED_EDGE ( 'NONE', *, *, #1128, .F. ) ;
#1293 = SHAPE_REPRESENTATION_RELATIONSHIP ( 'NONE' , 'NONE' ,  #226, #1122 ) ;
#1294 = DIRECTION ( 'NONE',  ( 0.000000000000000000, 1.000000000000000000, 0.000000000000000000 ) ) ;
#1295 = ORIENTED_EDGE ( 'NONE', *, *, #1117, .F. ) ;
#1296 = FILL_AREA_STYLE_COLOUR ( '', #728 ) ;
#1297 = CIRCLE ( 'NONE', #392, 4.250000000000003553 ) ;
#1298 = DIRECTION ( 'NONE',  ( 0.000000000000000000, 1.000000000000000000, 0.000000000000000000 ) ) ;
#1299 = AXIS2_PLACEMENT_3D ( 'NONE', #1499, #2002, #691 ) ;
#1300 = LINE ( 'NONE', #1641, #1856 ) ;
#1301 = DIRECTION ( 'NONE',  ( 0.000000000000000000, 1.000000000000000000, 0.000000000000000000 ) ) ;
#1302 = ORIENTED_EDGE ( 'NONE', *, *, #755, .T. ) ;
#1303 = DIRECTION ( 'NONE',  ( 0.000000000000000000, 0.000000000000000000, 1.000000000000000000 ) ) ;
#1304 = EDGE_CURVE ( 'NONE', #379, #2068, #1520, .T. ) ;
#1305 = EDGE_LOOP ( 'NONE', ( #166, #774, #1153, #439 ) ) ;
#1306 = CARTESIAN_POINT ( 'NONE',  ( 0.000000000000000000, 0.000000000000000000, 0.000000000000000000 ) ) ;
#1307 = PRODUCT_RELATED_PRODUCT_CATEGORY ( 'part', '', ( #1510 ) ) ;
#1308 = PRODUCT_DEFINITION_SHAPE ( 'NONE', 'NONE',  #2087 ) ;
#1309 = CARTESIAN_POINT ( 'NONE',  ( 11.25833063868069317, 5.000000000000000000, -6.500000224868111687 ) ) ;
#1310 =( REPRESENTATION_RELATIONSHIP ('NONE','NONE', #518, #1094 ) REPRESENTATION_RELATIONSHIP_WITH_TRANSFORMATION ( #250 )SHAPE_REPRESENTATION_RELATIONSHIP( ) );
#1311 = EDGE_CURVE ( 'NONE', #1416, #583, #1192, .T. ) ;
#1312 = VERTEX_POINT ( 'NONE', #892 ) ;
#1313 = CARTESIAN_POINT ( 'NONE',  ( -52.28425012924968485, 0.000000000000000000, -3.552290703879497524 ) ) ;
#1314 = DIRECTION ( 'NONE',  ( 0.000000000000000000, 0.000000000000000000, 1.000000000000000000 ) ) ;
#1315 = LINE ( 'NONE', #193, #849 ) ;
#1316 = DIRECTION ( 'NONE',  ( -1.000000000000000000, 0.000000000000000000, 0.000000000000000000 ) ) ;
#1317 = ORIENTED_EDGE ( 'NONE', *, *, #805, .F. ) ;
#1318 = APPLICATION_PROTOCOL_DEFINITION ( 'draft international standard', 'automotive_design', 1998, #234 ) ;
#1319 = ORIENTED_EDGE ( 'NONE', *, *, #940, .F. ) ;
#1320 = EDGE_CURVE ( 'NONE', #1661, #407, #2037, .T. ) ;
#1321 = DIRECTION ( 'NONE',  ( 0.000000000000000000, 0.000000000000000000, 1.000000000000000000 ) ) ;
#1322 = DIRECTION ( 'NONE',  ( 0.000000000000000000, 0.000000000000000000, 1.000000000000000000 ) ) ;
#1323 = SURFACE_SIDE_STYLE ('',( #1628 ) ) ;
#1324 = EDGE_LOOP ( 'NONE', ( #207, #1642, #1159, #1292 ) ) ;
#1325 = PRODUCT_CONTEXT ( 'NONE', #1420, 'mechanical' ) ;
#1326 = AXIS2_PLACEMENT_3D ( 'NONE', #1335, #340, #840 ) ;
#1327 = ORIENTED_EDGE ( 'NONE', *, *, #1128, .T. ) ;
#1328 = SHAPE_REPRESENTATION_RELATIONSHIP ( 'NONE' , 'NONE' ,  #1094, #56 ) ;
#1329 = EDGE_CURVE ( 'NONE', #477, #388, #1764, .T. ) ;
#1330 = DIRECTION ( 'NONE',  ( 0.000000000000000000, 0.000000000000000000, 1.000000000000000000 ) ) ;
#1331 = AXIS2_PLACEMENT_3D ( 'NONE', #1486, #383, #2001 ) ;
#1332 = CIRCLE ( 'NONE', #420, 5.999999999999998224 ) ;
#1333 = CIRCLE ( 'NONE', #200, 4.249999999999996447 ) ;
#1334 = DIRECTION ( 'NONE',  ( 0.000000000000000000, 0.000000000000000000, 1.000000000000000000 ) ) ;
#1335 = CARTESIAN_POINT ( 'NONE',  ( 704.1424078343690098, 886.7625053191183042, 1382.980402277241410 ) ) ;
#1336 = ADVANCED_FACE ( 'NONE', ( #1538 ), #393, .F. ) ;
#1337 = ORIENTED_EDGE ( 'NONE', *, *, #980, .F. ) ;
#1338 = CARTESIAN_POINT ( 'NONE',  ( 19.71574987075031515, 0.000000000000000000, -49.80229070387949974 ) ) ;
#1339 = FACE_OUTER_BOUND ( 'NONE', #1773, .T. ) ;
#1340 = PLANE ( 'NONE',  #1959 ) ;
#1341 = PRODUCT_DEFINITION_SHAPE ( 'NONE', 'NONE',  #1901 ) ;
#1342 = EDGE_LOOP ( 'NONE', ( #102, #1728, #1413, #1589 ) ) ;
#1343 = DIRECTION ( 'NONE',  ( 0.000000000000000000, 1.000000000000000000, 0.000000000000000000 ) ) ;
#1344 = VERTEX_POINT ( 'NONE', #81 ) ;
#1345 = DIRECTION ( 'NONE',  ( 0.000000000000000000, 0.000000000000000000, 1.000000000000000000 ) ) ;
#1346 = CARTESIAN_POINT ( 'NONE',  ( 0.000000000000000000, 6.000000000000000000, -34.43136325280410404 ) ) ;
#1347 = CARTESIAN_POINT ( 'NONE',  ( 27.87526427061311196, 6.000000000000000000, 9.830866807611000624 ) ) ;
#1348 = ITEM_DEFINED_TRANSFORMATION ( 'NONE', 'NONE', #1326,  #926 ) ;
#1349 = EDGE_CURVE ( 'NONE', #441, #110, #1284, .T. ) ;
#1350 = PRODUCT_DEFINITION_CONTEXT ( 'detailed design', #719, 'design' ) ;
#1351 = EDGE_LOOP ( 'NONE', ( #1454, #1197 ) ) ;
#1352 = LINE ( 'NONE', #1682, #1459 ) ;
#1353 = ORIENTED_EDGE ( 'NONE', *, *, #442, .F. ) ;
#1354 = CIRCLE ( 'NONE', #706, 3.250000000000001332 ) ;
#1355 = CARTESIAN_POINT ( 'NONE',  ( -52.28425012924968485, 8.000000000000000000, -3.552290703879497524 ) ) ;
#1356 = EDGE_CURVE ( 'NONE', #881, #299, #946, .T. ) ;
#1357 = DIRECTION ( 'NONE',  ( 0.000000000000000000, 1.000000000000000000, 0.000000000000000000 ) ) ;
#1358 = DIRECTION ( 'NONE',  ( 0.000000000000000000, 0.000000000000000000, 1.000000000000000000 ) ) ;
#1359 = AXIS2_PLACEMENT_3D ( 'NONE', #1145, #1301, #190 ) ;
#1360 = DIRECTION ( 'NONE',  ( -0.8660254037844385966, 0.000000000000000000, 0.4999999999999999445 ) ) ;
#1361 = DIRECTION ( 'NONE',  ( 0.000000000000000000, 0.000000000000000000, 1.000000000000000000 ) ) ;
#1362 = ORIENTED_EDGE ( 'NONE', *, *, #64, .F. ) ;
#1363 = CIRCLE ( 'NONE', #557, 4.249999999999996447 ) ;
#1364 = VECTOR ( 'NONE', #705, 1000.000000000000000 ) ;
#1365 = CARTESIAN_POINT ( 'NONE',  ( 99.99999999999998579, 0.000000000000000000, -13.18136325280409871 ) ) ;
#1366 = VERTEX_POINT ( 'NONE', #704 ) ;
#1367 = EDGE_CURVE ( 'NONE', #223, #543, #1388, .T. ) ;
#1368 = DIRECTION ( 'NONE',  ( 0.000000000000000000, 1.000000000000000000, 0.000000000000000000 ) ) ;
#1369 = EDGE_CURVE ( 'NONE', #247, #1591, #1460, .T. ) ;
#1370 = ORIENTED_EDGE ( 'NONE', *, *, #140, .F. ) ;
#1371 = DIRECTION ( 'NONE',  ( -0.8660254037844385966, 0.000000000000000000, 0.4999999999999999445 ) ) ;
#1372 = CARTESIAN_POINT ( 'NONE',  ( 0.000000000000000000, 0.000000000000000000, -17.50000000000000000 ) ) ;
#1373 = DIRECTION ( 'NONE',  ( -0.000000000000000000, 1.000000000000000000, -0.000000000000000000 ) ) ;
#1374 = EDGE_LOOP ( 'NONE', ( #122, #587, #506, #233 ) ) ;
#1375 = DIRECTION ( 'NONE',  ( 0.000000000000000000, 1.000000000000000000, 0.000000000000000000 ) ) ;
#1376 = CIRCLE ( 'NONE', #902, 3.250000000000001332 ) ;
#1377 = SHAPE_REPRESENTATION ( 'sensor_plate', ( #926 ), #1976 ) ;
#1378 = ORIENTED_EDGE ( 'NONE', *, *, #980, .T. ) ;
#1379 = LINE ( 'NONE', #1346, #1232 ) ;
#1380 = ORIENTED_EDGE ( 'NONE', *, *, #43, .F. ) ;
#1381 = CARTESIAN_POINT ( 'NONE',  ( -52.28425012924968485, 0.000000000000000000, -7.802290703879503297 ) ) ;
#1382 = LINE ( 'NONE', #116, #460 ) ;
#1383 = CONTEXT_DEPENDENT_SHAPE_REPRESENTATION ( #343, #1030 ) ;
#1384 = AXIS2_PLACEMENT_3D ( 'NONE', #440, #1219, #417 ) ;
#1385 = CARTESIAN_POINT ( 'NONE',  ( -66.28425012924969906, 8.000000000000000000, 10.44770929612050203 ) ) ;
#1386 = ORIENTED_EDGE ( 'NONE', *, *, #1034, .F. ) ;
#1387 = DIRECTION ( 'NONE',  ( 0.000000000000000000, 0.000000000000000000, 1.000000000000000000 ) ) ;
#1388 = CIRCLE ( 'NONE', #487, 5.000000000000000888 ) ;
#1389 = APPLICATION_CONTEXT ( 'automotive_design' ) ;
#1390 = VERTEX_POINT ( 'NONE', #566 ) ;
#1391 = PRODUCT_DEFINITION_FORMATION_WITH_SPECIFIED_SOURCE ( 'ANY', '', #1510, .NOT_KNOWN. ) ;
#1392 = DIRECTION ( 'NONE',  ( 0.000000000000000000, 0.000000000000000000, 1.000000000000000000 ) ) ;
#1393 = ORIENTED_EDGE ( 'NONE', *, *, #1190, .F. ) ;
#1394 = FACE_OUTER_BOUND ( 'NONE', #812, .T. ) ;
#1395 = DIRECTION ( 'NONE',  ( -0.000000000000000000, 1.000000000000000000, -0.000000000000000000 ) ) ;
#1396 = DIRECTION ( 'NONE',  ( -0.000000000000000000, -1.000000000000000000, -0.000000000000000000 ) ) ;
#1397 = PRODUCT_DEFINITION ( 'UNKNOWN', '', #1625, #1956 ) ;
#1398 = LINE ( 'NONE', #2026, #770 ) ;
#1399 = ORIENTED_EDGE ( 'NONE', *, *, #827, .T. ) ;
#1400 = LINE ( 'NONE', #762, #1634 ) ;
#1401 = CARTESIAN_POINT ( 'NONE',  ( 19.71574987075031515, 0.000000000000000000, -45.55229070387950685 ) ) ;
#1402 = AXIS2_PLACEMENT_3D ( 'NONE', #799, #490, #626 ) ;
#1403 = ADVANCED_FACE ( 'NONE', ( #1695 ), #1658, .F. ) ;
#1404 = EDGE_LOOP ( 'NONE', ( #1534, #1059 ) ) ;
#1405 = AXIS2_PLACEMENT_3D ( 'NONE', #742, #2032, #935 ) ;
#1406 =( LENGTH_UNIT ( ) NAMED_UNIT ( * ) SI_UNIT ( .MILLI., .METRE. ) );
#1407 = DIRECTION ( 'NONE',  ( -0.000000000000000000, 1.000000000000000000, -0.000000000000000000 ) ) ;
#1408 = DIRECTION ( 'NONE',  ( 0.000000000000000000, 1.000000000000000000, 0.000000000000000000 ) ) ;
#1409 = DIRECTION ( 'NONE',  ( 0.000000000000000000, 0.000000000000000000, 1.000000000000000000 ) ) ;
#1410 = EDGE_CURVE ( 'NONE', #110, #379, #83, .T. ) ;
#1411 = DIRECTION ( 'NONE',  ( -0.000000000000000000, -1.000000000000000000, -0.000000000000000000 ) ) ;
#1412 = ORIENTED_EDGE ( 'NONE', *, *, #1867, .T. ) ;
#1413 = ORIENTED_EDGE ( 'NONE', *, *, #560, .F. ) ;
#1414 = DIRECTION ( 'NONE',  ( -0.000000000000000000, 1.000000000000000000, -0.000000000000000000 ) ) ;
#1415 = VECTOR ( 'NONE', #1713, 1000.000000000000000 ) ;
#1416 = VERTEX_POINT ( 'NONE', #413 ) ;
#1417 = CARTESIAN_POINT ( 'NONE',  ( 120.0000000000000000, 0.000000000000000000, -34.43136325280410404 ) ) ;
#1418 = DIRECTION ( 'NONE',  ( 0.000000000000000000, 0.000000000000000000, 1.000000000000000000 ) ) ;
#1419 = FACE_BOUND ( 'NONE', #1, .T. ) ;
#1420 = APPLICATION_CONTEXT ( 'automotive_design' ) ;
#1421 = COLOUR_RGB ( '',0.7921568627450980005, 0.8196078431372548767, 0.9333333333333333481 ) ;
#1422 = FACE_OUTER_BOUND ( 'NONE', #730, .T. ) ;
#1423 = VERTEX_POINT ( 'NONE', #731 ) ;
#1424 = EDGE_CURVE ( 'NONE', #1217, #1141, #2048, .T. ) ;
#1425 = UNCERTAINTY_MEASURE_WITH_UNIT (LENGTH_MEASURE( 1.000000000000000082E-05 ), #699, 'distance_accuracy_value', 'NONE');
#1426 = CARTESIAN_POINT ( 'NONE',  ( 0.000000000000000000, 5.000000000000000000, 0.000000000000000000 ) ) ;
#1427 = ORIENTED_EDGE ( 'NONE', *, *, #242, .F. ) ;
#1428 = VECTOR ( 'NONE', #757, 1000.000000000000000 ) ;
#1429 = CARTESIAN_POINT ( 'NONE',  ( 76.00000000000000000, 6.000000000000000000, -13.18136325280409871 ) ) ;
#1430 = EDGE_CURVE ( 'NONE', #936, #2064, #1894, .T. ) ;
#1431 = ORIENTED_EDGE ( 'NONE', *, *, #1777, .F. ) ;
#1432 = FILL_AREA_STYLE_COLOUR ( '', #2013 ) ;
#1433 = LINE ( 'NONE', #117, #147 ) ;
#1434 = ORIENTED_EDGE ( 'NONE', *, *, #1958, .F. ) ;
#1435 = EDGE_LOOP ( 'NONE', ( #1273, #2005 ) ) ;
#1436 = CLOSED_SHELL ( 'NONE', ( #1888, #1126, #464, #874, #623, #973, #322, #681, #1050, #955, #1575, #1146, #1527 ) ) ;
#1437 = ADVANCED_FACE ( 'NONE', ( #569, #402, #95, #745, #1871, #1690 ), #1047, .F. ) ;
#1438 = SHAPE_REPRESENTATION_RELATIONSHIP ( 'NONE' , 'NONE' ,  #707, #845 ) ;
#1439 = ORIENTED_EDGE ( 'NONE', *, *, #1849, .F. ) ;
#1440 = CARTESIAN_POINT ( 'NONE',  ( 11.25833063868069317, 0.000000000000000000, -6.500000224868111687 ) ) ;
#1441 = DIRECTION ( 'NONE',  ( -0.000000000000000000, -1.000000000000000000, -0.000000000000000000 ) ) ;
#1442 = CARTESIAN_POINT ( 'NONE',  ( -41.28425012924968485, 0.000000000000000000, -20.30229070387950330 ) ) ;
#1443 = EDGE_CURVE ( 'NONE', #1923, #48, #885, .T. ) ;
#1444 = ORIENTED_EDGE ( 'NONE', *, *, #675, .F. ) ;
#1445 = DIRECTION ( 'NONE',  ( 0.000000000000000000, 1.000000000000000000, 0.000000000000000000 ) ) ;
#1446 = VERTEX_POINT ( 'NONE', #2034 ) ;
#1447 = ADVANCED_FACE ( 'NONE', ( #2014, #260, #895, #1710, #422, #1070 ), #1531, .T. ) ;
#1448 = AXIS2_PLACEMENT_3D ( 'NONE', #35, #1152, #1140 ) ;
#1449 = ORIENTED_EDGE ( 'NONE', *, *, #1002, .F. ) ;
#1450 = CARTESIAN_POINT ( 'NONE',  ( -41.28425012924968485, 8.000000000000000000, -6.552290703879505962 ) ) ;
#1451 = DIRECTION ( 'NONE',  ( -0.000000000000000000, -1.000000000000000000, -0.000000000000000000 ) ) ;
#1452 = CARTESIAN_POINT ( 'NONE',  ( 19.71574987075032226, 8.000000000000000000, 0.6977092961205009214 ) ) ;
#1453 = DIRECTION ( 'NONE',  ( -0.000000000000000000, 1.000000000000000000, -0.000000000000000000 ) ) ;
#1454 = ORIENTED_EDGE ( 'NONE', *, *, #1057, .T. ) ;
#1455 = CARTESIAN_POINT ( 'NONE',  ( 665.8828973851285582, 892.7625053191183042, 1306.868165165528808 ) ) ;
#1456 = CARTESIAN_POINT ( 'NONE',  ( 120.0000000000000000, 6.000000000000000000, 0.000000000000000000 ) ) ;
#1457 = VERTEX_POINT ( 'NONE', #905 ) ;
#1458 = AXIS2_PLACEMENT_3D ( 'NONE', #759, #1246, #4 ) ;
#1459 = VECTOR ( 'NONE', #1704, 1000.000000000000000 ) ;
#1460 = CIRCLE ( 'NONE', #880, 5.000000000000000888 ) ;
#1461 = VERTEX_POINT ( 'NONE', #1698 ) ;
#1462 = CARTESIAN_POINT ( 'NONE',  ( -66.28425012924968485, 0.000000000000000000, -59.55229070387950685 ) ) ;
#1463 = DIRECTION ( 'NONE',  ( 0.000000000000000000, 1.000000000000000000, 0.000000000000000000 ) ) ;
#1464 = DIRECTION ( 'NONE',  ( -0.000000000000000000, -1.000000000000000000, -0.000000000000000000 ) ) ;
#1465 = EDGE_LOOP ( 'NONE', ( #1290, #1386, #618, #923 ) ) ;
#1466 = APPLICATION_PROTOCOL_DEFINITION ( 'draft international standard', 'automotive_design', 1998, #719 ) ;
#1467 = ORIENTED_EDGE ( 'NONE', *, *, #76, .F. ) ;
#1468 = CIRCLE ( 'NONE', #622, 4.249999999999998224 ) ;
#1469 = EDGE_CURVE ( 'NONE', #1188, #299, #1541, .T. ) ;
#1470 = DIRECTION ( 'NONE',  ( 0.000000000000000000, 0.000000000000000000, 1.000000000000000000 ) ) ;
#1471 = VERTEX_POINT ( 'NONE', #1381 ) ;
#1472 = CARTESIAN_POINT ( 'NONE',  ( -22.12473572938689159, 6.000000000000000000, -36.16913319238899760 ) ) ;
#1473 = CIRCLE ( 'NONE', #1639, 6.000000000000000000 ) ;
#1474 = CARTESIAN_POINT ( 'NONE',  ( 76.00000000000000000, 6.000000000000000000, -19.68136325280411114 ) ) ;
#1475 = VECTOR ( 'NONE', #1414, 1000.000000000000000 ) ;
#1476 =( LENGTH_UNIT ( ) NAMED_UNIT ( * ) SI_UNIT ( .MILLI., .METRE. ) );
#1477 = ORIENTED_EDGE ( 'NONE', *, *, #1800, .F. ) ;
#1478 = ORIENTED_EDGE ( 'NONE', *, *, #1087, .F. ) ;
#1479 = FACE_OUTER_BOUND ( 'NONE', #898, .T. ) ;
#1480 = CARTESIAN_POINT ( 'NONE',  ( 76.00000000000000000, 0.000000000000000000, -13.18136325280409871 ) ) ;
#1481 = DIRECTION ( 'NONE',  ( 0.000000000000000000, 1.000000000000000000, 0.000000000000000000 ) ) ;
#1482 = AXIS2_PLACEMENT_3D ( 'NONE', #653, #1294, #1358 ) ;
#1483 = ORIENTED_EDGE ( 'NONE', *, *, #508, .T. ) ;
#1484 = ORIENTED_EDGE ( 'NONE', *, *, #773, .F. ) ;
#1485 = AXIS2_PLACEMENT_3D ( 'NONE', #792, #138, #127 ) ;
#1486 = CARTESIAN_POINT ( 'NONE',  ( 99.99999999999998579, 0.000000000000000000, -16.43136325280410404 ) ) ;
#1487 = DIRECTION ( 'NONE',  ( 0.8660254037844385966, 0.000000000000000000, 0.5000000000000000000 ) ) ;
#1488 = VECTOR ( 'NONE', #1746, 1000.000000000000000 ) ;
#1489 = EDGE_CURVE ( 'NONE', #2084, #1457, #1202, .T. ) ;
#1490 = DIRECTION ( 'NONE',  ( -0.000000000000000000, 1.000000000000000000, -0.000000000000000000 ) ) ;
#1491 = PRODUCT_CONTEXT ( 'NONE', #943, 'mechanical' ) ;
#1492 = DIRECTION ( 'NONE',  ( 2.668805255329058278E-16, 0.000000000000000000, 1.000000000000000000 ) ) ;
#1493 = ORIENTED_EDGE ( 'NONE', *, *, #1627, .F. ) ;
#1494 = PRODUCT_DEFINITION_SHAPE ( 'NONE', 'NONE',  #2088 ) ;
#1495 = PRODUCT ( 'sensor_mount_assembly', 'sensor_mount_assembly', '', ( #1824 ) ) ;
#1496 = EDGE_CURVE ( 'NONE', #990, #888, #580, .T. ) ;
#1497 = EDGE_CURVE ( 'NONE', #20, #8, #1550, .T. ) ;
#1498 = DIRECTION ( 'NONE',  ( 0.000000000000000000, 0.000000000000000000, 1.000000000000000000 ) ) ;
#1499 = CARTESIAN_POINT ( 'NONE',  ( -22.12473572938689159, 6.000000000000000000, -36.16913319238899760 ) ) ;
#1500 = CIRCLE ( 'NONE', #1668, 3.250000000000002665 ) ;
#1501 = VECTOR ( 'NONE', #266, 1000.000000000000000 ) ;
#1502 = LINE ( 'NONE', #1845, #866 ) ;
#1503 = EDGE_LOOP ( 'NONE', ( #563, #761 ) ) ;
#1504 = VERTEX_POINT ( 'NONE', #115 ) ;
#1505 = CYLINDRICAL_SURFACE ( 'NONE', #1938, 3.250000000000001332 ) ;
#1506 = ADVANCED_FACE ( 'NONE', ( #1394 ), #1234, .F. ) ;
#1507 = CARTESIAN_POINT ( 'NONE',  ( 0.000000000000000000, 0.000000000000000000, -34.43136325280410404 ) ) ;
#1508 = DIRECTION ( 'NONE',  ( 0.000000000000000000, 0.000000000000000000, 1.000000000000000000 ) ) ;
#1509 = ITEM_DEFINED_TRANSFORMATION ( 'NONE', 'NONE', #55,  #926 ) ;
#1510 = PRODUCT ( 'pivot_piv', 'pivot_piv', '', ( #495 ) ) ;
#1511 = ORIENTED_EDGE ( 'NONE', *, *, #776, .F. ) ;
#1512 = AXIS2_PLACEMENT_3D ( 'NONE', #1113, #1750, #795 ) ;
#1513 = EDGE_CURVE ( 'NONE', #1250, #1108, #382, .T. ) ;
#1514 = EDGE_LOOP ( 'NONE', ( #142, #1295, #640, #455 ) ) ;
#1515 = CARTESIAN_POINT ( 'NONE',  ( 19.71574987075032226, 8.000000000000000000, -3.552290703879497524 ) ) ;
#1516 = CARTESIAN_POINT ( 'NONE',  ( 2.416445510260037022E-15, 5.000000000000000000, 13.00000044973622160 ) ) ;
#1517 = SURFACE_STYLE_FILL_AREA ( #1184 ) ;
#1518 = DIRECTION ( 'NONE',  ( -0.000000000000000000, 1.000000000000000000, -0.000000000000000000 ) ) ;
#1519 = FACE_OUTER_BOUND ( 'NONE', #970, .T. ) ;
#1520 = CIRCLE ( 'NONE', #1187, 3.250000000000006217 ) ;
#1521 = EDGE_CURVE ( 'NONE', #357, #934, #1036, .T. ) ;
#1522 = ORIENTED_EDGE ( 'NONE', *, *, #202, .T. ) ;
#1523 = CARTESIAN_POINT ( 'NONE',  ( 99.99999999999998579, 6.000000000000000000, -16.43136325280410404 ) ) ;
#1524 =( GEOMETRIC_REPRESENTATION_CONTEXT ( 3 ) GLOBAL_UNCERTAINTY_ASSIGNED_CONTEXT ( ( #832 ) ) GLOBAL_UNIT_ASSIGNED_CONTEXT ( ( #1787, #33, #1636 ) ) REPRESENTATION_CONTEXT ( 'NONE', 'WORKASPACE' ) );
#1525 = EDGE_LOOP ( 'NONE', ( #1380, #1439 ) ) ;
#1526 = AXIS2_PLACEMENT_3D ( 'NONE', #656, #1298, #949 ) ;
#1527 = ADVANCED_FACE ( 'NONE', ( #316 ), #1721, .F. ) ;
#1528 = CARTESIAN_POINT ( 'NONE',  ( 0.000000000000000000, 0.000000000000000000, 0.000000000000000000 ) ) ;
#1529 = CARTESIAN_POINT ( 'NONE',  ( 0.000000000000000000, 5.000000000000000000, 0.000000000000000000 ) ) ;
#1530 = AXIS2_PLACEMENT_3D ( 'NONE', #1725, #1769, #170 ) ;
#1531 = PLANE ( 'NONE',  #1834 ) ;
#1532 = FACE_OUTER_BOUND ( 'NONE', #40, .T. ) ;
#1533 = AXIS2_PLACEMENT_3D ( 'NONE', #1823, #1000, #1508 ) ;
#1534 = ORIENTED_EDGE ( 'NONE', *, *, #1651, .T. ) ;
#1535 = EDGE_CURVE ( 'NONE', #1390, #891, #1587, .T. ) ;
#1536 = PLANE ( 'NONE',  #277 ) ;
#1537 = ORIENTED_EDGE ( 'NONE', *, *, #1513, .F. ) ;
#1538 = FACE_OUTER_BOUND ( 'NONE', #2040, .T. ) ;
#1539 = DIRECTION ( 'NONE',  ( 0.000000000000000000, 0.000000000000000000, 1.000000000000000000 ) ) ;
#1540 = VERTEX_POINT ( 'NONE', #1102 ) ;
#1541 = LINE ( 'NONE', #1244, #1428 ) ;
#1542 = DIRECTION ( 'NONE',  ( -1.000000000000000000, 0.000000000000000000, 0.000000000000000000 ) ) ;
#1543 = CARTESIAN_POINT ( 'NONE',  ( 0.000000000000000000, 30.00000000000000000, 0.000000000000000000 ) ) ;
#1544 = ORIENTED_EDGE ( 'NONE', *, *, #76, .T. ) ;
#1545 = CARTESIAN_POINT ( 'NONE',  ( -11.25833063868068962, 5.000000000000000000, 6.500000224868111687 ) ) ;
#1546 = CARTESIAN_POINT ( 'NONE',  ( 0.000000000000000000, 6.000000000000000000, 0.000000000000000000 ) ) ;
#1547 = MECHANICAL_DESIGN_GEOMETRIC_PRESENTATION_REPRESENTATION (  '', ( #1003 ), #753 ) ;
#1548 = ORIENTED_EDGE ( 'NONE', *, *, #1909, .T. ) ;
#1549 = FACE_OUTER_BOUND ( 'NONE', #1171, .T. ) ;
#1550 = LINE ( 'NONE', #1060, #153 ) ;
#1551 = DIRECTION ( 'NONE',  ( -1.000000000000000000, 0.000000000000000000, 0.000000000000000000 ) ) ;
#1552 = VECTOR ( 'NONE', #160, 1000.000000000000000 ) ;
#1553 = DIRECTION ( 'NONE',  ( -0.000000000000000000, 1.000000000000000000, -0.000000000000000000 ) ) ;
#1554 = CIRCLE ( 'NONE', #1078, 4.250000000000000000 ) ;
#1555 = EDGE_CURVE ( 'NONE', #936, #1923, #1236, .T. ) ;
#1556 = CARTESIAN_POINT ( 'NONE',  ( 2.875264270613107076, 6.000000000000000000, -13.16913319238899938 ) ) ;
#1557 = ORIENTED_EDGE ( 'NONE', *, *, #1002, .T. ) ;
#1558 = DIRECTION ( 'NONE',  ( 0.000000000000000000, 1.000000000000000000, 0.000000000000000000 ) ) ;
#1559 = DIRECTION ( 'NONE',  ( 0.000000000000000000, 0.000000000000000000, 1.000000000000000000 ) ) ;
#1560 = AXIS2_PLACEMENT_3D ( 'NONE', #1083, #281, #2058 ) ;
#1561 = ORIENTED_EDGE ( 'NONE', *, *, #2067, .T. ) ;
#1562 = EDGE_CURVE ( 'NONE', #1755, #1075, #2060, .T. ) ;
#1563 = ORIENTED_EDGE ( 'NONE', *, *, #1497, .F. ) ;
#1564 = CARTESIAN_POINT ( 'NONE',  ( 0.000000000000000000, 0.000000000000000000, 0.000000000000000000 ) ) ;
#1565 = CARTESIAN_POINT ( 'NONE',  ( 0.000000000000000000, 4.000000000000000000, 0.000000000000000000 ) ) ;
#1566 = DIRECTION ( 'NONE',  ( -0.000000000000000000, 1.000000000000000000, -0.000000000000000000 ) ) ;
#1567 = CARTESIAN_POINT ( 'NONE',  ( -11.25833063868068962, 5.000000000000000000, 6.500000224868111687 ) ) ;
#1568 = ORIENTED_EDGE ( 'NONE', *, *, #1562, .F. ) ;
#1569 = DIRECTION ( 'NONE',  ( 0.000000000000000000, 1.000000000000000000, 0.000000000000000000 ) ) ;
#1570 = CARTESIAN_POINT ( 'NONE',  ( 99.99999999999998579, 6.000000000000000000, -19.68136325280411114 ) ) ;
#1571 = AXIS2_PLACEMENT_3D ( 'NONE', #1071, #919, #1733 ) ;
#1572 = EDGE_LOOP ( 'NONE', ( #2077, #309 ) ) ;
#1573 = VECTOR ( 'NONE', #400, 1000.000000000000000 ) ;
#1574 = DIRECTION ( 'NONE',  ( -1.000000000000000000, 0.000000000000000000, 4.003207882993588403E-16 ) ) ;
#1575 = ADVANCED_FACE ( 'NONE', ( #747 ), #950, .F. ) ;
#1576 = PLANE ( 'NONE',  #1648 ) ;
#1577 = DIRECTION ( 'NONE',  ( -0.000000000000000000, 1.000000000000000000, -0.000000000000000000 ) ) ;
#1578 = CARTESIAN_POINT ( 'NONE',  ( 2.875264270613107520, 6.000000000000000000, -18.16913319238900115 ) ) ;
#1579 = FACE_BOUND ( 'NONE', #1572, .T. ) ;
#1580 = EDGE_LOOP ( 'NONE', ( #860, #1631 ) ) ;
#1581 = VERTEX_POINT ( 'NONE', #1884 ) ;
#1582 = DIRECTION ( 'NONE',  ( 0.000000000000000000, 1.000000000000000000, 0.000000000000000000 ) ) ;
#1583 = EDGE_LOOP ( 'NONE', ( #489, #1911, #1898, #2057 ) ) ;
#1584 = DIRECTION ( 'NONE',  ( -0.000000000000000000, 1.000000000000000000, -0.000000000000000000 ) ) ;
#1585 = CARTESIAN_POINT ( 'NONE',  ( -41.28425012924968485, 14.00000000000000000, -6.552290703879505962 ) ) ;
#1586 = CARTESIAN_POINT ( 'NONE',  ( -66.28425012924968485, 8.000000000000000000, -59.55229070387950685 ) ) ;
#1587 = CIRCLE ( 'NONE', #1485, 3.250000000000006217 ) ;
#1588 = PLANE ( 'NONE',  #696 ) ;
#1589 = ORIENTED_EDGE ( 'NONE', *, *, #186, .T. ) ;
#1590 = ADVANCED_FACE ( 'NONE', ( #603 ), #270, .F. ) ;
#1591 = VERTEX_POINT ( 'NONE', #1578 ) ;
#1592 = VECTOR ( 'NONE', #1209, 1000.000000000000000 ) ;
#1593 = ADVANCED_FACE ( 'NONE', ( #930 ), #283, .F. ) ;
#1594 = LINE ( 'NONE', #454, #1475 ) ;
#1595 = VERTEX_POINT ( 'NONE', #151 ) ;
#1596 = CARTESIAN_POINT ( 'NONE',  ( 4.898587196589411843E-16, 30.00000000000000000, 4.000000000000000000 ) ) ;
#1597 = DIRECTION ( 'NONE',  ( 0.000000000000000000, 1.000000000000000000, 0.000000000000000000 ) ) ;
#1598 = ORIENTED_EDGE ( 'NONE', *, *, #556, .F. ) ;
#1599 = ADVANCED_BREP_SHAPE_REPRESENTATION ( '', ( #1737, #926 ), #1976 ) ;
#1600 = LINE ( 'NONE', #1260, #1243 ) ;
#1601 = ORIENTED_EDGE ( 'NONE', *, *, #992, .F. ) ;
#1602 = EDGE_CURVE ( 'NONE', #1960, #2084, #514, .T. ) ;
#1603 = AXIS2_PLACEMENT_3D ( 'NONE', #635, #1767, #456 ) ;
#1604 =( REPRESENTATION_RELATIONSHIP ('NONE','NONE', #518, #226 ) REPRESENTATION_RELATIONSHIP_WITH_TRANSFORMATION ( #1509 )SHAPE_REPRESENTATION_RELATIONSHIP( ) );
#1605 = ORIENTED_EDGE ( 'NONE', *, *, #133, .F. ) ;
#1606 = CARTESIAN_POINT ( 'NONE',  ( -52.28425012924968485, 0.000000000000000000, -45.55229070387950685 ) ) ;
#1607 =( LENGTH_UNIT ( ) NAMED_UNIT ( * ) SI_UNIT ( .MILLI., .METRE. ) );
#1608 = EDGE_LOOP ( 'NONE', ( #1208, #659 ) ) ;
#1609 = CARTESIAN_POINT ( 'NONE',  ( 33.71574987075031515, 0.000000000000000000, -59.55229070387950685 ) ) ;
#1610 = ORIENTED_EDGE ( 'NONE', *, *, #995, .T. ) ;
#1611 =( NAMED_UNIT ( * ) PLANE_ANGLE_UNIT ( ) SI_UNIT ( $, .RADIAN. ) );
#1612 = CARTESIAN_POINT ( 'NONE',  ( -52.28425012924968485, 8.000000000000000000, -45.55229070387950685 ) ) ;
#1613 = PRODUCT_DEFINITION ( 'UNKNOWN', '', #703, #852 ) ;
#1614 = ORIENTED_EDGE ( 'NONE', *, *, #401, .F. ) ;
#1615 = PLANE ( 'NONE',  #1927 ) ;
#1616 = CYLINDRICAL_SURFACE ( 'NONE', #355, 4.250000000000000000 ) ;
#1617 = AXIS2_PLACEMENT_3D ( 'NONE', #2076, #1103, #1702 ) ;
#1618 = PRESENTATION_STYLE_ASSIGNMENT (( #24 ) ) ;
#1619 = FACE_BOUND ( 'NONE', #981, .T. ) ;
#1620 = CARTESIAN_POINT ( 'NONE',  ( -52.28425012924968485, 0.000000000000000000, -41.30229070387949974 ) ) ;
#1621 = ADVANCED_FACE ( 'NONE', ( #1419, #1086 ), #1734, .T. ) ;
#1622 = ORIENTED_EDGE ( 'NONE', *, *, #2070, .F. ) ;
#1623 = VERTEX_POINT ( 'NONE', #939 ) ;
#1624 = FACE_OUTER_BOUND ( 'NONE', #666, .T. ) ;
#1625 = PRODUCT_DEFINITION_FORMATION_WITH_SPECIFIED_SOURCE ( 'ANY', '', #1680, .NOT_KNOWN. ) ;
#1626 = CARTESIAN_POINT ( 'NONE',  ( -22.12473572938689159, 0.000000000000000000, 9.830866807611000624 ) ) ;
#1627 = EDGE_CURVE ( 'NONE', #1581, #42, #1433, .T. ) ;
#1628 = SURFACE_STYLE_FILL_AREA ( #338 ) ;
#1629 = CARTESIAN_POINT ( 'NONE',  ( -22.12473572938689159, 6.000000000000000000, 9.830866807611000624 ) ) ;
#1630 = AXIS2_PLACEMENT_3D ( 'NONE', #1266, #482, #1314 ) ;
#1631 = ORIENTED_EDGE ( 'NONE', *, *, #1535, .T. ) ;
#1632 = DIRECTION ( 'NONE',  ( -0.9100138168577553976, 0.000000000000000000, 0.4145779216600662953 ) ) ;
#1633 = EDGE_LOOP ( 'NONE', ( #596, #1327 ) ) ;
#1634 = VECTOR ( 'NONE', #1123, 1000.000000000000000 ) ;
#1635 = DIRECTION ( 'NONE',  ( 0.000000000000000000, 1.000000000000000000, 0.000000000000000000 ) ) ;
#1636 =( NAMED_UNIT ( * ) SI_UNIT ( $, .STERADIAN. ) SOLID_ANGLE_UNIT ( ) );
#1637 = VECTOR ( 'NONE', #339, 1000.000000000000000 ) ;
#1638 = CYLINDRICAL_SURFACE ( 'NONE', #1010, 4.249999999999998224 ) ;
#1639 = AXIS2_PLACEMENT_3D ( 'NONE', #1585, #1551, #1214 ) ;
#1640 = LINE ( 'NONE', #1596, #450 ) ;
#1641 = CARTESIAN_POINT ( 'NONE',  ( 14.87526427061310841, 0.000000000000000000, -16.41913319238900471 ) ) ;
#1642 = ORIENTED_EDGE ( 'NONE', *, *, #1651, .F. ) ;
#1643 = EDGE_LOOP ( 'NONE', ( #1741, #1285 ) ) ;
#1644 = EDGE_CURVE ( 'NONE', #1029, #2047, #1256, .T. ) ;
#1645 = DIRECTION ( 'NONE',  ( 0.000000000000000000, 0.000000000000000000, 1.000000000000000000 ) ) ;
#1646 = DIRECTION ( 'NONE',  ( 0.000000000000000000, 0.000000000000000000, 1.000000000000000000 ) ) ;
#1647 = SURFACE_STYLE_FILL_AREA ( #1792 ) ;
#1648 = AXIS2_PLACEMENT_3D ( 'NONE', #1756, #11, #1929 ) ;
#1649 = CARTESIAN_POINT ( 'NONE',  ( 0.000000000000000000, 6.000000000000000000, 0.000000000000000000 ) ) ;
#1650 = ORIENTED_EDGE ( 'NONE', *, *, #1369, .T. ) ;
#1651 = EDGE_CURVE ( 'NONE', #124, #273, #641, .T. ) ;
#1652 = UNCERTAINTY_MEASURE_WITH_UNIT (LENGTH_MEASURE( 1.000000000000000082E-05 ), #1776, 'distance_accuracy_value', 'NONE');
#1653 = ADVANCED_FACE ( 'NONE', ( #458 ), #907, .F. ) ;
#1654 = AXIS2_PLACEMENT_3D ( 'NONE', #628, #1907, #637 ) ;
#1655 = VECTOR ( 'NONE', #389, 1000.000000000000000 ) ;
#1656 = CARTESIAN_POINT ( 'NONE',  ( 0.000000000000000000, 0.000000000000000000, 0.000000000000000000 ) ) ;
#1657 = CARTESIAN_POINT ( 'NONE',  ( 2.416445510260037022E-15, 0.000000000000000000, 13.00000044973622160 ) ) ;
#1658 = TOROIDAL_SURFACE ( 'NONE', #648, 17.99999999999999645, 6.000000000000000000 ) ;
#1659 = CARTESIAN_POINT ( 'NONE',  ( 0.000000000000000000, 6.000000000000000000, -34.43136325280410404 ) ) ;
#1660 = SHAPE_DEFINITION_REPRESENTATION ( #856, #1094 ) ;
#1661 = VERTEX_POINT ( 'NONE', #1267 ) ;
#1662 = CARTESIAN_POINT ( 'NONE',  ( 14.87526427061310841, 0.000000000000000000, -13.16913319238899938 ) ) ;
#1663 = PRODUCT ( 'pivot_arm', 'pivot_arm', '', ( #1968 ) ) ;
#1664 = EDGE_CURVE ( 'NONE', #1827, #20, #1922, .T. ) ;
#1665 = ORIENTED_EDGE ( 'NONE', *, *, #1945, .T. ) ;
#1666 = FACE_OUTER_BOUND ( 'NONE', #499, .T. ) ;
#1667 =( NAMED_UNIT ( * ) PLANE_ANGLE_UNIT ( ) SI_UNIT ( $, .RADIAN. ) );
#1668 = AXIS2_PLACEMENT_3D ( 'NONE', #228, #511, #1321 ) ;
#1669 = AXIS2_PLACEMENT_3D ( 'NONE', #1903, #1892, #599 ) ;
#1670 = DIRECTION ( 'NONE',  ( -1.000000000000000000, 0.000000000000000000, 0.000000000000000000 ) ) ;
#1671 = ORIENTED_EDGE ( 'NONE', *, *, #1562, .T. ) ;
#1672 = ORIENTED_EDGE ( 'NONE', *, *, #2000, .T. ) ;
#1673 = PRODUCT_DEFINITION ( 'UNKNOWN', '', #1162, #41 ) ;
#1674 = DIRECTION ( 'NONE',  ( 0.000000000000000000, 0.000000000000000000, 1.000000000000000000 ) ) ;
#1675 = DIRECTION ( 'NONE',  ( 1.000000000000000000, 0.000000000000000000, 0.000000000000000000 ) ) ;
#1676 = MECHANICAL_DESIGN_GEOMETRIC_PRESENTATION_REPRESENTATION (  '', ( #1095 ), #549 ) ;
#1677 = EDGE_CURVE ( 'NONE', #794, #1011, #2050, .T. ) ;
#1678 = CARTESIAN_POINT ( 'NONE',  ( -41.28425012924968485, 14.00000000000000000, -12.55229070387950330 ) ) ;
#1679 = CONTEXT_DEPENDENT_SHAPE_REPRESENTATION ( #1604, #1494 ) ;
#1680 = PRODUCT ( 'base_part', 'base_part', '', ( #1491 ) ) ;
#1681 = ORIENTED_EDGE ( 'NONE', *, *, #236, .T. ) ;
#1682 = CARTESIAN_POINT ( 'NONE',  ( -22.12473572938689159, 6.000000000000000000, 9.830866807611000624 ) ) ;
#1683 = AXIS2_PLACEMENT_3D ( 'NONE', #141, #571, #1227 ) ;
#1684 = ORIENTED_EDGE ( 'NONE', *, *, #531, .F. ) ;
#1685 = AXIS2_PLACEMENT_3D ( 'NONE', #1288, #1463, #1781 ) ;
#1686 = DIRECTION ( 'NONE',  ( 0.000000000000000000, 0.000000000000000000, 1.000000000000000000 ) ) ;
#1687 = DIRECTION ( 'NONE',  ( 0.8660254037844383745, 0.000000000000000000, -0.5000000000000004441 ) ) ;
#1688 = EDGE_CURVE ( 'NONE', #794, #1755, #657, .T. ) ;
#1689 = ORIENTED_EDGE ( 'NONE', *, *, #854, .F. ) ;
#1690 = FACE_OUTER_BOUND ( 'NONE', #433, .T. ) ;
#1691 = CARTESIAN_POINT ( 'NONE',  ( 5.204748896376250699E-16, 0.000000000000000000, -4.250000000000000000 ) ) ;
#1692 = VECTOR ( 'NONE', #1851, 1000.000000000000000 ) ;
#1693 = ORIENTED_EDGE ( 'NONE', *, *, #1496, .T. ) ;
#1694 = EDGE_LOOP ( 'NONE', ( #600, #155, #267, #1031 ) ) ;
#1695 = FACE_OUTER_BOUND ( 'NONE', #1324, .T. ) ;
#1696 = DIRECTION ( 'NONE',  ( 0.000000000000000000, 0.000000000000000000, 1.000000000000000000 ) ) ;
#1697 = ORIENTED_EDGE ( 'NONE', *, *, #1707, .F. ) ;
#1698 = CARTESIAN_POINT ( 'NONE',  ( 19.71574987075031515, 0.000000000000000000, -41.30229070387950685 ) ) ;
#1699 = CARTESIAN_POINT ( 'NONE',  ( 14.87526427061310841, 0.000000000000000000, -13.16913319238899938 ) ) ;
#1700 = VECTOR ( 'NONE', #1107, 1000.000000000000000 ) ;
#1701 = AXIS2_PLACEMENT_3D ( 'NONE', #1649, #230, #1361 ) ;
#1702 = DIRECTION ( 'NONE',  ( 0.000000000000000000, -0.000000000000000000, -1.000000000000000000 ) ) ;
#1703 = EDGE_LOOP ( 'NONE', ( #187, #1789, #2080, #97 ) ) ;
#1704 = DIRECTION ( 'NONE',  ( -0.000000000000000000, -0.000000000000000000, 1.000000000000000000 ) ) ;
#1705 = CARTESIAN_POINT ( 'NONE',  ( 0.000000000000000000, 5.000000000000000000, 4.250000000000000000 ) ) ;
#1706 = ORIENTED_EDGE ( 'NONE', *, *, #1729, .T. ) ;
#1707 = EDGE_CURVE ( 'NONE', #1238, #888, #802, .T. ) ;
#1708 = CARTESIAN_POINT ( 'NONE',  ( 120.0000000000000000, 0.000000000000000000, 0.000000000000000000 ) ) ;
#1709 = ORIENTED_EDGE ( 'NONE', *, *, #1017, .F. ) ;
#1710 = FACE_BOUND ( 'NONE', #1998, .T. ) ;
#1711 = CARTESIAN_POINT ( 'NONE',  ( 2.875264270613107076, 6.000000000000000000, -8.169133192388999376 ) ) ;
#1712 = DIRECTION ( 'NONE',  ( 0.000000000000000000, 0.000000000000000000, 1.000000000000000000 ) ) ;
#1713 = DIRECTION ( 'NONE',  ( -0.000000000000000000, -0.000000000000000000, -1.000000000000000000 ) ) ;
#1714 = EDGE_LOOP ( 'NONE', ( #702, #1004 ) ) ;
#1715 = DIRECTION ( 'NONE',  ( -1.000000000000000000, 0.000000000000000000, 0.000000000000000000 ) ) ;
#1716 = ORIENTED_EDGE ( 'NONE', *, *, #1747, .T. ) ;
#1717 = EDGE_CURVE ( 'NONE', #209, #60, #312, .T. ) ;
#1718 = DIRECTION ( 'NONE',  ( 0.000000000000000000, 1.000000000000000000, -0.000000000000000000 ) ) ;
#1719 = LINE ( 'NONE', #2049, #1948 ) ;
#1720 = PRESENTATION_LAYER_ASSIGNMENT (  '', '', ( #1760 ) ) ;
#1721 = CYLINDRICAL_SURFACE ( 'NONE', #1997, 3.250000000000006217 ) ;
#1722 = CIRCLE ( 'NONE', #2031, 4.249999999999998224 ) ;
#1723 = DIRECTION ( 'NONE',  ( 0.000000000000000000, 0.000000000000000000, 1.000000000000000000 ) ) ;
#1724 = ORIENTED_EDGE ( 'NONE', *, *, #498, .F. ) ;
#1725 = CARTESIAN_POINT ( 'NONE',  ( -41.28425012924968485, 0.000000000000000000, -24.55229070387949974 ) ) ;
#1726 = CARTESIAN_POINT ( 'NONE',  ( 19.71574987075032226, 8.000000000000000000, -3.552290703879497524 ) ) ;
#1727 = VECTOR ( 'NONE', #975, 1000.000000000000000 ) ;
#1728 = ORIENTED_EDGE ( 'NONE', *, *, #1819, .F. ) ;
#1729 = EDGE_CURVE ( 'NONE', #20, #148, #214, .T. ) ;
#1730 = VECTOR ( 'NONE', #824, 1000.000000000000000 ) ;
#1731 = EDGE_LOOP ( 'NONE', ( #1761, #544, #70, #255 ) ) ;
#1732 = CARTESIAN_POINT ( 'NONE',  ( -22.12473572938689159, 0.000000000000000000, 9.830866807611000624 ) ) ;
#1733 = DIRECTION ( 'NONE',  ( 0.000000000000000000, 0.000000000000000000, 1.000000000000000000 ) ) ;
#1734 = PLANE ( 'NONE',  #1038 ) ;
#1735 = CARTESIAN_POINT ( 'NONE',  ( -22.12473572938689159, 6.000000000000000000, 9.830866807611000624 ) ) ;
#1736 = EDGE_LOOP ( 'NONE', ( #1150, #510 ) ) ;
#1737 = MANIFOLD_SOLID_BREP ( 'Cut-Extrude1', #1056 ) ;
#1738 = EDGE_CURVE ( 'NONE', #621, #1344, #809, .T. ) ;
#1739 = CARTESIAN_POINT ( 'NONE',  ( 19.71574987075031515, 0.000000000000000000, -41.30229070387950685 ) ) ;
#1740 = CIRCLE ( 'NONE', #1571, 3.250000000000002665 ) ;
#1741 = ORIENTED_EDGE ( 'NONE', *, *, #2081, .F. ) ;
#1742 =( GEOMETRIC_REPRESENTATION_CONTEXT ( 3 ) GLOBAL_UNCERTAINTY_ASSIGNED_CONTEXT ( ( #1652 ) ) GLOBAL_UNIT_ASSIGNED_CONTEXT ( ( #1776, #1611, #808 ) ) REPRESENTATION_CONTEXT ( 'NONE', 'WORKASPACE' ) );
#1743 = FACE_BOUND ( 'NONE', #1503, .T. ) ;
#1744 = EDGE_LOOP ( 'NONE', ( #1337, #1427 ) ) ;
#1745 = CYLINDRICAL_SURFACE ( 'NONE', #924, 8.000000000000000000 ) ;
#1746 = DIRECTION ( 'NONE',  ( 1.000000000000000000, 0.000000000000000000, 0.000000000000000000 ) ) ;
#1747 = EDGE_CURVE ( 'NONE', #961, #1312, #848, .T. ) ;
#1748 = FACE_OUTER_BOUND ( 'NONE', #1054, .T. ) ;
#1749 = ORIENTED_EDGE ( 'NONE', *, *, #1224, .T. ) ;
#1750 = DIRECTION ( 'NONE',  ( 0.000000000000000000, 1.000000000000000000, 0.000000000000000000 ) ) ;
#1751 = EDGE_CURVE ( 'NONE', #1504, #1108, #1300, .T. ) ;
#1752 = VERTEX_POINT ( 'NONE', #502 ) ;
#1753 = PRESENTATION_LAYER_ASSIGNMENT (  '', '', ( #1272 ) ) ;
#1754 = LINE ( 'NONE', #2071, #1949 ) ;
#1755 = VERTEX_POINT ( 'NONE', #15 ) ;
#1756 = CARTESIAN_POINT ( 'NONE',  ( -22.12473572938689159, 6.000000000000000000, 9.830866807611000624 ) ) ;
#1757 = CARTESIAN_POINT ( 'NONE',  ( 5.204748896376250699E-16, 0.000000000000000000, -4.250000000000000000 ) ) ;
#1758 = CARTESIAN_POINT ( 'NONE',  ( 0.000000000000000000, 6.000000000000000000, -17.50000000000000000 ) ) ;
#1759 = EDGE_CURVE ( 'NONE', #17, #1540, #1315, .T. ) ;
#1760 = STYLED_ITEM ( 'NONE', ( #968 ), #1737 ) ;
#1761 = ORIENTED_EDGE ( 'NONE', *, *, #1289, .F. ) ;
#1762 = FACE_BOUND ( 'NONE', #1435, .T. ) ;
#1763 = ORIENTED_EDGE ( 'NONE', *, *, #1180, .F. ) ;
#1764 = CIRCLE ( 'NONE', #2078, 4.250000000000005329 ) ;
#1765 = ORIENTED_EDGE ( 'NONE', *, *, #630, .T. ) ;
#1766 = ORIENTED_EDGE ( 'NONE', *, *, #1190, .T. ) ;
#1767 = DIRECTION ( 'NONE',  ( 0.000000000000000000, 1.000000000000000000, 0.000000000000000000 ) ) ;
#1768 = DIRECTION ( 'NONE',  ( 0.000000000000000000, 1.000000000000000000, 0.000000000000000000 ) ) ;
#1769 = DIRECTION ( 'NONE',  ( -0.000000000000000000, 1.000000000000000000, -0.000000000000000000 ) ) ;
#1770 = SURFACE_SIDE_STYLE ('',( #1647 ) ) ;
#1771 = ORIENTED_EDGE ( 'NONE', *, *, #1469, .F. ) ;
#1772 = PRODUCT_DEFINITION ( 'UNKNOWN', '', #951, #1350 ) ;
#1773 = EDGE_LOOP ( 'NONE', ( #1709, #572, #1943, #418 ) ) ;
#1774 = CIRCLE ( 'NONE', #787, 4.000000000000000000 ) ;
#1775 = VECTOR ( 'NONE', #1832, 1000.000000000000000 ) ;
#1776 =( LENGTH_UNIT ( ) NAMED_UNIT ( * ) SI_UNIT ( .MILLI., .METRE. ) );
#1777 = EDGE_CURVE ( 'NONE', #161, #678, #50, .T. ) ;
#1778 = EDGE_LOOP ( 'NONE', ( #634, #1449 ) ) ;
#1779 = DIRECTION ( 'NONE',  ( 0.000000000000000000, 0.000000000000000000, -1.000000000000000000 ) ) ;
#1780 = FACE_OUTER_BOUND ( 'NONE', #1694, .T. ) ;
#1781 = DIRECTION ( 'NONE',  ( 0.000000000000000000, 0.000000000000000000, 1.000000000000000000 ) ) ;
#1782 = CARTESIAN_POINT ( 'NONE',  ( 19.71574987075031515, 8.000000000000000000, -45.55229070387950685 ) ) ;
#1783 = CARTESIAN_POINT ( 'NONE',  ( 665.8828973851287856, 886.7625053191183042, 1306.868165165529035 ) ) ;
#1784 = ORIENTED_EDGE ( 'NONE', *, *, #1489, .F. ) ;
#1785 = AXIS2_PLACEMENT_3D ( 'NONE', #1174, #222, #858 ) ;
#1786 = EDGE_CURVE ( 'NONE', #273, #124, #111, .T. ) ;
#1787 =( LENGTH_UNIT ( ) NAMED_UNIT ( * ) SI_UNIT ( .MILLI., .METRE. ) );
#1788 = MANIFOLD_SOLID_BREP ( 'Cut-Extrude1', #164 ) ;
#1789 = ORIENTED_EDGE ( 'NONE', *, *, #1555, .F. ) ;
#1790 = DIRECTION ( 'NONE',  ( 1.000000000000000000, 0.000000000000000000, 0.000000000000000000 ) ) ;
#1791 = CIRCLE ( 'NONE', #507, 8.000000000000000000 ) ;
#1792 = FILL_AREA_STYLE ('',( #825 ) ) ;
#1793 = PLANE ( 'NONE',  #1839 ) ;
#1794 = EDGE_LOOP ( 'NONE', ( #1020, #1601, #397, #598 ) ) ;
#1795 =( NAMED_UNIT ( * ) SI_UNIT ( $, .STERADIAN. ) SOLID_ANGLE_UNIT ( ) );
#1796 = AXIS2_PLACEMENT_3D ( 'NONE', #306, #1277, #1712 ) ;
#1797 = ORIENTED_EDGE ( 'NONE', *, *, #1932, .F. ) ;
#1798 = AXIS2_PLACEMENT_3D ( 'NONE', #1564, #918, #248 ) ;
#1799 =( NAMED_UNIT ( * ) SI_UNIT ( $, .STERADIAN. ) SOLID_ANGLE_UNIT ( ) );
#1800 = EDGE_CURVE ( 'NONE', #1075, #1416, #1964, .T. ) ;
#1801 = CARTESIAN_POINT ( 'NONE',  ( -9.124735729386891592, 6.000000000000000000, -13.16913319238899938 ) ) ;
#1802 = ORIENTED_EDGE ( 'NONE', *, *, #1320, .F. ) ;
#1803 = FACE_OUTER_BOUND ( 'NONE', #798, .T. ) ;
#1804 = LINE ( 'NONE', #1462, #1085 ) ;
#1805 = SURFACE_STYLE_USAGE ( .BOTH. , #1770 ) ;
#1806 = FACE_OUTER_BOUND ( 'NONE', #1514, .T. ) ;
#1807 = TOROIDAL_SURFACE ( 'NONE', #884, 17.99999999999999645, 6.000000000000000000 ) ;
#1808 = EDGE_LOOP ( 'NONE', ( #1693, #1697, #1937, #1483 ) ) ;
#1809 =( NAMED_UNIT ( * ) PLANE_ANGLE_UNIT ( ) SI_UNIT ( $, .RADIAN. ) );
#1810 = UNCERTAINTY_MEASURE_WITH_UNIT (LENGTH_MEASURE( 1.000000000000000082E-05 ), #49, 'distance_accuracy_value', 'NONE');
#1811 = EDGE_CURVE ( 'NONE', #60, #749, #375, .T. ) ;
#1812 = ORIENTED_EDGE ( 'NONE', *, *, #396, .T. ) ;
#1813 = CIRCLE ( 'NONE', #290, 4.250000000000000000 ) ;
#1814 = FACE_OUTER_BOUND ( 'NONE', #1342, .T. ) ;
#1815 = CARTESIAN_POINT ( 'NONE',  ( 0.000000000000000000, 4.000000000000000000, 0.000000000000000000 ) ) ;
#1816 = CARTESIAN_POINT ( 'NONE',  ( -66.28425012924968485, 8.000000000000000000, -59.55229070387950685 ) ) ;
#1817 = EDGE_CURVE ( 'NONE', #1595, #772, #590, .T. ) ;
#1818 = ORIENTED_EDGE ( 'NONE', *, *, #611, .T. ) ;
#1819 = EDGE_CURVE ( 'NONE', #779, #934, #872, .T. ) ;
#1820 = PRODUCT_DEFINITION_SHAPE ( 'NONE', 'NONE',  #2089 ) ;
#1821 = PLANE ( 'NONE',  #1972 ) ;
#1822 = CARTESIAN_POINT ( 'NONE',  ( 120.0000000000000000, 6.000000000000000000, 0.000000000000000000 ) ) ;
#1823 = CARTESIAN_POINT ( 'NONE',  ( -9.124735729386891592, 0.000000000000000000, -13.16913319238899938 ) ) ;
#1824 = PRODUCT_CONTEXT ( 'NONE', #172, 'mechanical' ) ;
#1825 = ADVANCED_FACE ( 'NONE', ( #1339 ), #410, .F. ) ;
#1826 = APPLICATION_CONTEXT ( 'automotive_design' ) ;
#1827 = VERTEX_POINT ( 'NONE', #1035 ) ;
#1828 = LINE ( 'NONE', #2028, #215 ) ;
#1829 = PRESENTATION_LAYER_ASSIGNMENT (  '', '', ( #775 ) ) ;
#1830 = AXIS2_PLACEMENT_3D ( 'NONE', #1546, #288, #1239 ) ;
#1831 = DIRECTION ( 'NONE',  ( -0.000000000000000000, -1.000000000000000000, -0.000000000000000000 ) ) ;
#1832 = DIRECTION ( 'NONE',  ( -0.000000000000000000, -1.000000000000000000, -0.000000000000000000 ) ) ;
#1833 = SURFACE_STYLE_USAGE ( .BOTH. , #82 ) ;
#1834 = AXIS2_PLACEMENT_3D ( 'NONE', #268, #1718, #561 ) ;
#1835 = CARTESIAN_POINT ( 'NONE',  ( -11.25833063868069317, 0.000000000000000000, -6.500000224868107246 ) ) ;
#1836 = ORIENTED_EDGE ( 'NONE', *, *, #646, .F. ) ;
#1837 = PRODUCT ( 'sensor_plate', 'sensor_plate', '', ( #1325 ) ) ;
#1838 = ORIENTED_EDGE ( 'NONE', *, *, #236, .F. ) ;
#1839 = AXIS2_PLACEMENT_3D ( 'NONE', #194, #1316, #39 ) ;
#1840 = DIRECTION ( 'NONE',  ( 0.000000000000000000, 0.000000000000000000, 1.000000000000000000 ) ) ;
#1841 = CYLINDRICAL_SURFACE ( 'NONE', #1098, 3.250000000000006217 ) ;
#1842 = EDGE_CURVE ( 'NONE', #1011, #869, #1045, .T. ) ;
#1843 = VECTOR ( 'NONE', #435, 1000.000000000000000 ) ;
#1844 =( GEOMETRIC_REPRESENTATION_CONTEXT ( 3 ) GLOBAL_UNCERTAINTY_ASSIGNED_CONTEXT ( ( #1912 ) ) GLOBAL_UNIT_ASSIGNED_CONTEXT ( ( #1406, #925, #1940 ) ) REPRESENTATION_CONTEXT ( 'NONE', 'WORKASPACE' ) );
#1845 = CARTESIAN_POINT ( 'NONE',  ( -9.124735729386891592, 0.000000000000000000, -16.41913319238900115 ) ) ;
#1846 = ORIENTED_EDGE ( 'NONE', *, *, #913, .F. ) ;
#1847 = CARTESIAN_POINT ( 'NONE',  ( 0.000000000000000000, 0.000000000000000000, 0.000000000000000000 ) ) ;
#1848 = ORIENTED_EDGE ( 'NONE', *, *, #913, .T. ) ;
#1849 = EDGE_CURVE ( 'NONE', #612, #1623, #525, .T. ) ;
#1850 = CARTESIAN_POINT ( 'NONE',  ( 2.875264270613107076, 6.000000000000000000, -13.16913319238899938 ) ) ;
#1851 = DIRECTION ( 'NONE',  ( -0.000000000000000000, 1.000000000000000000, -0.000000000000000000 ) ) ;
#1852 = DIRECTION ( 'NONE',  ( -0.4999999999999999445, 0.000000000000000000, 0.8660254037844387076 ) ) ;
#1853 = CONTEXT_DEPENDENT_SHAPE_REPRESENTATION ( #1310, #1820 ) ;
#1854 = EDGE_LOOP ( 'NONE', ( #868, #1393, #1264, #1672 ) ) ;
#1855 = VERTEX_POINT ( 'NONE', #883 ) ;
#1856 = VECTOR ( 'NONE', #1453, 1000.000000000000000 ) ;
#1857 = CARTESIAN_POINT ( 'NONE',  ( 11.25833063868069850, 0.000000000000000000, 6.500000224868101917 ) ) ;
#1858 = CARTESIAN_POINT ( 'NONE',  ( 27.87526427061311196, 6.000000000000000000, 9.830866807611000624 ) ) ;
#1859 = ORIENTED_EDGE ( 'NONE', *, *, #101, .F. ) ;
#1860 = CARTESIAN_POINT ( 'NONE',  ( 2.416445510260037022E-15, 0.000000000000000000, -13.00000044973621804 ) ) ;
#1861 = DIRECTION ( 'NONE',  ( 0.000000000000000000, 1.000000000000000000, 0.000000000000000000 ) ) ;
#1862 = AXIS2_PLACEMENT_3D ( 'NONE', #1165, #368, #1330 ) ;
#1863 = FACE_OUTER_BOUND ( 'NONE', #1199, .T. ) ;
#1864 = ORIENTED_EDGE ( 'NONE', *, *, #1688, .F. ) ;
#1865 = DIRECTION ( 'NONE',  ( 1.000000000000000000, 0.000000000000000000, 0.000000000000000000 ) ) ;
#1866 = DIRECTION ( 'NONE',  ( 0.000000000000000000, 0.000000000000000000, 1.000000000000000000 ) ) ;
#1867 = EDGE_CURVE ( 'NONE', #8, #1104, #394, .T. ) ;
#1868 = ORIENTED_EDGE ( 'NONE', *, *, #1747, .F. ) ;
#1869 = DIRECTION ( 'NONE',  ( 0.000000000000000000, 0.000000000000000000, -1.000000000000000000 ) ) ;
#1870 = EDGE_LOOP ( 'NONE', ( #631, #1848 ) ) ;
#1871 = FACE_BOUND ( 'NONE', #1890, .T. ) ;
#1872 = DIRECTION ( 'NONE',  ( 0.000000000000000000, 0.000000000000000000, -1.000000000000000000 ) ) ;
#1873 = VECTOR ( 'NONE', #1142, 1000.000000000000000 ) ;
#1874 = EDGE_CURVE ( 'NONE', #1446, #148, #100, .T. ) ;
#1875 = AXIS2_PLACEMENT_3D ( 'NONE', #2012, #559, #66 ) ;
#1876 = LINE ( 'NONE', #1385, #238 ) ;
#1877 = EDGE_CURVE ( 'NONE', #2064, #48, #74, .T. ) ;
#1878 = VERTEX_POINT ( 'NONE', #237 ) ;
#1879 = DIRECTION ( 'NONE',  ( -0.5000000000000004441, 0.000000000000000000, -0.8660254037844383745 ) ) ;
#1880 = ORIENTED_EDGE ( 'NONE', *, *, #452, .T. ) ;
#1881 = DIRECTION ( 'NONE',  ( 0.000000000000000000, 1.000000000000000000, 0.000000000000000000 ) ) ;
#1882 = CARTESIAN_POINT ( 'NONE',  ( -52.28425012924968485, 0.000000000000000000, -3.552290703879497524 ) ) ;
#1883 = CARTESIAN_POINT ( 'NONE',  ( -52.28425012924968485, 0.000000000000000000, -49.80229070387950685 ) ) ;
#1884 = CARTESIAN_POINT ( 'NONE',  ( 33.71574987075031515, 8.000000000000000000, -59.55229070387950685 ) ) ;
#1885 = CARTESIAN_POINT ( 'NONE',  ( 33.71574987075031515, 0.000000000000000000, -59.55229070387950685 ) ) ;
#1886 = EDGE_LOOP ( 'NONE', ( #1046, #1988, #1412, #1622, #816 ) ) ;
#1887 = DIRECTION ( 'NONE',  ( 0.000000000000000000, 0.000000000000000000, 1.000000000000000000 ) ) ;
#1888 = ADVANCED_FACE ( 'NONE', ( #385 ), #1841, .F. ) ;
#1889 = CARTESIAN_POINT ( 'NONE',  ( 2.416445510260037022E-15, 5.000000000000000000, 13.00000044973622160 ) ) ;
#1890 = EDGE_LOOP ( 'NONE', ( #1766, #1548 ) ) ;
#1891 = CIRCLE ( 'NONE', #971, 5.000000000000000888 ) ;
#1892 = DIRECTION ( 'NONE',  ( -0.000000000000000000, 1.000000000000000000, -0.000000000000000000 ) ) ;
#1893 = ORIENTED_EDGE ( 'NONE', *, *, #611, .F. ) ;
#1894 = LINE ( 'NONE', #601, #545 ) ;
#1895 = LINE ( 'NONE', #1883, #128 ) ;
#1896 = DIRECTION ( 'NONE',  ( -2.668805255329058278E-16, 0.000000000000000000, -1.000000000000000000 ) ) ;
#1897 = DIRECTION ( 'NONE',  ( -0.000000000000000000, -1.000000000000000000, -0.000000000000000000 ) ) ;
#1898 = ORIENTED_EDGE ( 'NONE', *, *, #843, .T. ) ;
#1899 = PLANE ( 'NONE',  #1830 ) ;
#1900 = ORIENTED_EDGE ( 'NONE', *, *, #846, .F. ) ;
#1901 = PRODUCT_DEFINITION ( 'UNKNOWN', '', #353, #59 ) ;
#1902 = AXIS2_PLACEMENT_3D ( 'NONE', #1275, #1768, #958 ) ;
#1903 = CARTESIAN_POINT ( 'NONE',  ( -52.28425012924968485, 0.000000000000000000, -3.552290703879497524 ) ) ;
#1904 = ORIENTED_EDGE ( 'NONE', *, *, #1932, .T. ) ;
#1905 = CARTESIAN_POINT ( 'NONE',  ( 0.000000000000000000, 6.000000000000000000, -34.43136325280410404 ) ) ;
#1906 = DIRECTION ( 'NONE',  ( -0.000000000000000000, 1.000000000000000000, -0.000000000000000000 ) ) ;
#1907 = DIRECTION ( 'NONE',  ( 0.000000000000000000, 1.000000000000000000, 0.000000000000000000 ) ) ;
#1908 = CIRCLE ( 'NONE', #28, 3.250000000000002665 ) ;
#1909 = EDGE_CURVE ( 'NONE', #1471, #1855, #861, .T. ) ;
#1910 = FACE_BOUND ( 'NONE', #1778, .T. ) ;
#1911 = ORIENTED_EDGE ( 'NONE', *, *, #652, .T. ) ;
#1912 = UNCERTAINTY_MEASURE_WITH_UNIT (LENGTH_MEASURE( 1.000000000000000082E-05 ), #1406, 'distance_accuracy_value', 'NONE');
#1913 = VECTOR ( 'NONE', #1490, 1000.000000000000000 ) ;
#1914 = CARTESIAN_POINT ( 'NONE',  ( 5.204748896376250699E-16, 6.000000000000000000, -4.250000000000000000 ) ) ;
#1915 = PRESENTATION_LAYER_ASSIGNMENT (  '', '', ( #1095 ) ) ;
#1916 = VERTEX_POINT ( 'NONE', #1201 ) ;
#1917 = CYLINDRICAL_SURFACE ( 'NONE', #1669, 4.250000000000005329 ) ;
#1918 = EDGE_CURVE ( 'NONE', #78, #8, #1379, .T. ) ;
#1919 = ORIENTED_EDGE ( 'NONE', *, *, #2062, .F. ) ;
#1920 = FACE_OUTER_BOUND ( 'NONE', #72, .T. ) ;
#1921 = FACE_OUTER_BOUND ( 'NONE', #853, .T. ) ;
#1922 = LINE ( 'NONE', #1758, #1115 ) ;
#1923 = VERTEX_POINT ( 'NONE', #1173 ) ;
#1924 = CARTESIAN_POINT ( 'NONE',  ( -41.28425012924968485, 0.000000000000000000, -20.30229070387950330 ) ) ;
#1925 = FACE_BOUND ( 'NONE', #1580, .T. ) ;
#1926 = VERTEX_POINT ( 'NONE', #1822 ) ;
#1927 = AXIS2_PLACEMENT_3D ( 'NONE', #1905, #1779, #966 ) ;
#1928 = ORIENTED_EDGE ( 'NONE', *, *, #390, .T. ) ;
#1929 = DIRECTION ( 'NONE',  ( 0.000000000000000000, 0.000000000000000000, -1.000000000000000000 ) ) ;
#1930 = CARTESIAN_POINT ( 'NONE',  ( -52.28425012924968485, 8.000000000000000000, 0.6977092961205078048 ) ) ;
#1931 = DIRECTION ( 'NONE',  ( 1.982541115402065110E-16, 0.000000000000000000, -1.000000000000000000 ) ) ;
#1932 = EDGE_CURVE ( 'NONE', #42, #961, #1992, .T. ) ;
#1933 = VECTOR ( 'NONE', #1566, 1000.000000000000000 ) ;
#1934 = ORIENTED_EDGE ( 'NONE', *, *, #1241, .T. ) ;
#1935 = AXIS2_PLACEMENT_3D ( 'NONE', #1401, #2056, #1866 ) ;
#1936 = LINE ( 'NONE', #1456, #1999 ) ;
#1937 = ORIENTED_EDGE ( 'NONE', *, *, #1945, .F. ) ;
#1938 = AXIS2_PLACEMENT_3D ( 'NONE', #1984, #527, #1498 ) ;
#1939 = ADVANCED_FACE ( 'NONE', ( #220 ), #857, .F. ) ;
#1940 =( NAMED_UNIT ( * ) SI_UNIT ( $, .STERADIAN. ) SOLID_ANGLE_UNIT ( ) );
#1941 = VERTEX_POINT ( 'NONE', #548 ) ;
#1942 = DIRECTION ( 'NONE',  ( 0.000000000000000000, 1.000000000000000000, 0.000000000000000000 ) ) ;
#1943 = ORIENTED_EDGE ( 'NONE', *, *, #242, .T. ) ;
#1944 = SHAPE_DEFINITION_REPRESENTATION ( #1193, #707 ) ;
#1945 = EDGE_CURVE ( 'NONE', #51, #1238, #1194, .T. ) ;
#1946 = FACE_OUTER_BOUND ( 'NONE', #909, .T. ) ;
#1947 = ORIENTED_EDGE ( 'NONE', *, *, #1677, .F. ) ;
#1948 = VECTOR ( 'NONE', #602, 1000.000000000000000 ) ;
#1949 = VECTOR ( 'NONE', #1253, 1000.000000000000000 ) ;
#1950 = ORIENTED_EDGE ( 'NONE', *, *, #1707, .T. ) ;
#1951 = CARTESIAN_POINT ( 'NONE',  ( -9.124735729386891592, 6.000000000000000000, -16.41913319238900115 ) ) ;
#1952 = DIRECTION ( 'NONE',  ( 0.000000000000000000, 1.000000000000000000, 0.000000000000000000 ) ) ;
#1953 = DIRECTION ( 'NONE',  ( 0.000000000000000000, 0.000000000000000000, 1.000000000000000000 ) ) ;
#1954 = ORIENTED_EDGE ( 'NONE', *, *, #333, .F. ) ;
#1955 = DIRECTION ( 'NONE',  ( 0.000000000000000000, 0.000000000000000000, 1.000000000000000000 ) ) ;
#1956 = PRODUCT_DEFINITION_CONTEXT ( 'detailed design', #839, 'design' ) ;
#1957 = EDGE_LOOP ( 'NONE', ( #303, #324 ) ) ;
#1958 = EDGE_CURVE ( 'NONE', #223, #247, #1594, .T. ) ;
#1959 = AXIS2_PLACEMENT_3D ( 'NONE', #1347, #1670, #1027 ) ;
#1960 = VERTEX_POINT ( 'NONE', #767 ) ;
#1961 = CARTESIAN_POINT ( 'NONE',  ( 14.87526427061310841, 6.000000000000000000, -9.919133192388997600 ) ) ;
#1962 = CARTESIAN_POINT ( 'NONE',  ( -52.28425012924968485, 0.000000000000000000, 0.6977092961205078048 ) ) ;
#1963 = AXIS2_PLACEMENT_3D ( 'NONE', #760, #1373, #119 ) ;
#1964 = LINE ( 'NONE', #1657, #1364 ) ;
#1965 = DIRECTION ( 'NONE',  ( 0.000000000000000000, 1.000000000000000000, 0.000000000000000000 ) ) ;
#1966 = ADVANCED_FACE ( 'NONE', ( #1549 ), #578, .F. ) ;
#1967 = EDGE_LOOP ( 'NONE', ( #1051, #87, #1271, #2009 ) ) ;
#1968 = PRODUCT_CONTEXT ( 'NONE', #1826, 'mechanical' ) ;
#1969 = MECHANICAL_DESIGN_GEOMETRIC_PRESENTATION_REPRESENTATION (  '', ( #775 ), #1282 ) ;
#1970 = ORIENTED_EDGE ( 'NONE', *, *, #26, .T. ) ;
#1971 = SHAPE_REPRESENTATION ( 'pivot_arm', ( #926 ), #1742 ) ;
#1972 = AXIS2_PLACEMENT_3D ( 'NONE', #985, #374, #211 ) ;
#1973 = CARTESIAN_POINT ( 'NONE',  ( 0.000000000000000000, 0.000000000000000000, 0.000000000000000000 ) ) ;
#1974 = EDGE_CURVE ( 'NONE', #78, #822, #1754, .T. ) ;
#1975 = CYLINDRICAL_SURFACE ( 'NONE', #1862, 5.000000000000000888 ) ;
#1976 =( GEOMETRIC_REPRESENTATION_CONTEXT ( 3 ) GLOBAL_UNCERTAINTY_ASSIGNED_CONTEXT ( ( #61 ) ) GLOBAL_UNIT_ASSIGNED_CONTEXT ( ( #188, #323, #1799 ) ) REPRESENTATION_CONTEXT ( 'NONE', 'WORKASPACE' ) );
#1977 = DIRECTION ( 'NONE',  ( -0.000000000000000000, 1.000000000000000000, -0.000000000000000000 ) ) ;
#1978 = ORIENTED_EDGE ( 'NONE', *, *, #1496, .F. ) ;
#1979 = ADVANCED_FACE ( 'NONE', ( #1223 ), #1917, .F. ) ;
#1980 = ORIENTED_EDGE ( 'NONE', *, *, #26, .F. ) ;
#1981 = UNCERTAINTY_MEASURE_WITH_UNIT (LENGTH_MEASURE( 1.000000000000000082E-05 ), #1476, 'distance_accuracy_value', 'NONE');
#1982 = AXIS2_PLACEMENT_3D ( 'NONE', #847, #1831, #697 ) ;
#1983 = AXIS2_PLACEMENT_3D ( 'NONE', #387, #700, #1334 ) ;
#1984 = CARTESIAN_POINT ( 'NONE',  ( -9.124735729386891592, 0.000000000000000000, -13.16913319238899938 ) ) ;
#1985 = DIRECTION ( 'NONE',  ( 0.000000000000000000, 1.000000000000000000, 0.000000000000000000 ) ) ;
#1986 = DIRECTION ( 'NONE',  ( -0.000000000000000000, 1.000000000000000000, -0.000000000000000000 ) ) ;
#1987 = DIRECTION ( 'NONE',  ( 1.000000000000000000, 0.000000000000000000, 0.000000000000000000 ) ) ;
#1988 = ORIENTED_EDGE ( 'NONE', *, *, #1497, .T. ) ;
#1989 = DIRECTION ( 'NONE',  ( 0.000000000000000000, 1.000000000000000000, 0.000000000000000000 ) ) ;
#1990 = DIRECTION ( 'NONE',  ( -0.000000000000000000, 1.000000000000000000, -0.000000000000000000 ) ) ;
#1991 = PRODUCT_DEFINITION_SHAPE ( 'NONE', 'NONE',  #1673 ) ;
#1992 = LINE ( 'NONE', #1006, #1168 ) ;
#1993 = CARTESIAN_POINT ( 'NONE',  ( -66.28425012924968485, 8.000000000000000000, -59.55229070387950685 ) ) ;
#1994 = PRODUCT_RELATED_PRODUCT_CATEGORY ( 'part', '', ( #1495 ) ) ;
#1995 = EDGE_LOOP ( 'NONE', ( #720, #1864, #714, #120 ) ) ;
#1996 = CYLINDRICAL_SURFACE ( 'NONE', #984, 17.50000000000000000 ) ;
#1998 = EDGE_LOOP ( 'NONE', ( #352, #608 ) ) ;
#1997 = AXIS2_PLACEMENT_3D ( 'NONE', #436, #471, #1409 ) ;
#1999 = VECTOR ( 'NONE', #962, 1000.000000000000000 ) ;
#2000 = EDGE_CURVE ( 'NONE', #388, #477, #1055, .T. ) ;
#2001 = DIRECTION ( 'NONE',  ( 0.000000000000000000, 0.000000000000000000, 1.000000000000000000 ) ) ;
#2002 = DIRECTION ( 'NONE',  ( 0.000000000000000000, 0.000000000000000000, 1.000000000000000000 ) ) ;
#2003 = CARTESIAN_POINT ( 'NONE',  ( 0.000000000000000000, 6.000000000000000000, 0.000000000000000000 ) ) ;
#2004 = CIRCLE ( 'NONE', #1526, 3.250000000000001332 ) ;
#2005 = ORIENTED_EDGE ( 'NONE', *, *, #1738, .T. ) ;
#2006 = DIRECTION ( 'NONE',  ( 0.000000000000000000, 1.000000000000000000, 0.000000000000000000 ) ) ;
#2007 = EDGE_CURVE ( 'NONE', #273, #341, #1332, .T. ) ;
#2008 = PRODUCT_DEFINITION_SHAPE ( 'NONE', 'NONE',  #2085 ) ;
#2009 = ORIENTED_EDGE ( 'NONE', *, *, #1555, .T. ) ;
#2010 = CIRCLE ( 'NONE', #1448, 4.249999999999996447 ) ;
#2011 = DIRECTION ( 'NONE',  ( 0.000000000000000000, 0.000000000000000000, 1.000000000000000000 ) ) ;
#2012 = CARTESIAN_POINT ( 'NONE',  ( -52.28425012924968485, 0.000000000000000000, -3.552290703879497524 ) ) ;
#2013 = COLOUR_RGB ( '',0.7921568627450980005, 0.8196078431372548767, 0.9333333333333333481 ) ;
#2014 = FACE_BOUND ( 'NONE', #1633, .T. ) ;
#2015 = VECTOR ( 'NONE', #1687, 1000.000000000000000 ) ;
#2016 = DIRECTION ( 'NONE',  ( -0.000000000000000000, -0.000000000000000000, -1.000000000000000000 ) ) ;
#2017 = ORIENTED_EDGE ( 'NONE', *, *, #1410, .T. ) ;
#2018 = DIRECTION ( 'NONE',  ( -0.000000000000000000, 1.000000000000000000, -0.000000000000000000 ) ) ;
#2019 = ORIENTED_EDGE ( 'NONE', *, *, #1367, .F. ) ;
#2020 = CARTESIAN_POINT ( 'NONE',  ( 19.71574987075032226, 0.000000000000000000, -3.552290703879497524 ) ) ;
#2021 = DIRECTION ( 'NONE',  ( -0.000000000000000000, -1.000000000000000000, -0.000000000000000000 ) ) ;
#2022 = DIRECTION ( 'NONE',  ( 0.000000000000000000, 1.000000000000000000, -0.000000000000000000 ) ) ;
#2023 = CYLINDRICAL_SURFACE ( 'NONE', #716, 3.250000000000002665 ) ;
#2024 = COLOUR_RGB ( '',0.7921568627450980005, 0.8196078431372548767, 0.9333333333333333481 ) ;
#2025 = PRODUCT_DEFINITION_SHAPE ( 'NONE', 'NONE',  #1613 ) ;
#2026 = CARTESIAN_POINT ( 'NONE',  ( 27.87526427061311196, 6.000000000000000000, -36.16913319238899760 ) ) ;
#2027 = ORIENTED_EDGE ( 'NONE', *, *, #140, .T. ) ;
#2028 = CARTESIAN_POINT ( 'NONE',  ( 11.25833063868069850, 5.000000000000000000, 6.500000224868101917 ) ) ;
#2029 = EDGE_LOOP ( 'NONE', ( #1484, #1112 ) ) ;
#2030 = VECTOR ( 'NONE', #960, 1000.000000000000000 ) ;
#2031 = AXIS2_PLACEMENT_3D ( 'NONE', #1726, #1375, #585 ) ;
#2032 = DIRECTION ( 'NONE',  ( 0.000000000000000000, -1.000000000000000000, 0.000000000000000000 ) ) ;
#2033 = EDGE_CURVE ( 'NONE', #1827, #78, #135, .T. ) ;
#2034 = CARTESIAN_POINT ( 'NONE',  ( 17.50000000000000000, 6.000000000000000000, 0.000000000000000000 ) ) ;
#2035 = CARTESIAN_POINT ( 'NONE',  ( 4.898587196589411843E-16, 30.00000000000000000, 4.000000000000000000 ) ) ;
#2036 = CONTEXT_DEPENDENT_SHAPE_REPRESENTATION ( #733, #1308 ) ;
#2037 = CIRCLE ( 'NONE', #610, 4.250000000000000000 ) ;
#2038 = CARTESIAN_POINT ( 'NONE',  ( -66.28425012924968485, 8.000000000000000000, -59.55229070387950685 ) ) ;
#2039 = ADVANCED_FACE ( 'NONE', ( #1743, #432, #279, #302 ), #311, .T. ) ;
#2040 = EDGE_LOOP ( 'NONE', ( #1771, #1319, #1970, #1163 ) ) ;
#2041 = CARTESIAN_POINT ( 'NONE',  ( 2.875264270613107076, 0.000000000000000000, -13.16913319238899938 ) ) ;
#2042 = DIRECTION ( 'NONE',  ( 0.000000000000000000, 0.000000000000000000, 1.000000000000000000 ) ) ;
#2043 = ORIENTED_EDGE ( 'NONE', *, *, #1087, .T. ) ;
#2044 = APPLICATION_CONTEXT ( 'automotive_design' ) ;
#2045 = CARTESIAN_POINT ( 'NONE',  ( -41.28425012924968485, 14.00000000000000000, -20.30229070387950330 ) ) ;
#2046 = ADVANCED_FACE ( 'NONE', ( #1242 ), #2083, .F. ) ;
#2047 = VERTEX_POINT ( 'NONE', #2045 ) ;
#2048 = LINE ( 'NONE', #1213, #1158 ) ;
#2049 = CARTESIAN_POINT ( 'NONE',  ( -22.12473572938689159, 6.000000000000000000, 9.830866807611000624 ) ) ;
#2050 = LINE ( 'NONE', #593, #877 ) ;
#2051 = CIRCLE ( 'NONE', #1402, 17.99999999999999645 ) ;
#2052 = CIRCLE ( 'NONE', #1133, 4.249999999999996447 ) ;
#2053 = DIRECTION ( 'NONE',  ( 0.000000000000000000, 0.000000000000000000, -1.000000000000000000 ) ) ;
#2054 = ORIENTED_EDGE ( 'NONE', *, *, #1664, .F. ) ;
#2055 = FACE_OUTER_BOUND ( 'NONE', #1374, .T. ) ;
#2056 = DIRECTION ( 'NONE',  ( -0.000000000000000000, 1.000000000000000000, -0.000000000000000000 ) ) ;
#2057 = ORIENTED_EDGE ( 'NONE', *, *, #685, .F. ) ;
#2058 = DIRECTION ( 'NONE',  ( 0.000000000000000000, 0.000000000000000000, 1.000000000000000000 ) ) ;
#2059 = FACE_BOUND ( 'NONE', #1643, .T. ) ;
#2060 = LINE ( 'NONE', #484, #738 ) ;
#2061 = AXIS2_PLACEMENT_3D ( 'NONE', #850, #562, #1203 ) ;
#2062 = EDGE_CURVE ( 'NONE', #466, #1141, #959, .T. ) ;
#2063 = DIRECTION ( 'NONE',  ( -0.8660254037844385966, 0.000000000000000000, -0.5000000000000000000 ) ) ;
#2064 = VERTEX_POINT ( 'NONE', #1058 ) ;
#2065 = DIRECTION ( 'NONE',  ( -0.000000000000000000, -1.000000000000000000, -0.000000000000000000 ) ) ;
#2066 = LINE ( 'NONE', #1365, #1283 ) ;
#2067 = EDGE_CURVE ( 'NONE', #110, #441, #496, .T. ) ;
#2068 = VERTEX_POINT ( 'NONE', #1429 ) ;
#2069 = VECTOR ( 'NONE', #1280, 1000.000000000000000 ) ;
#2070 = EDGE_CURVE ( 'NONE', #1941, #1104, #443, .T. ) ;
#2071 = CARTESIAN_POINT ( 'NONE',  ( 0.000000000000000000, 6.000000000000000000, -34.43136325280410404 ) ) ;
#2072 = AXIS2_PLACEMENT_3D ( 'NONE', #1124, #1985, #837 ) ;
#2073 = DIRECTION ( 'NONE',  ( -0.000000000000000000, -0.000000000000000000, 1.000000000000000000 ) ) ;
#2074 = DIRECTION ( 'NONE',  ( 0.000000000000000000, 0.000000000000000000, 1.000000000000000000 ) ) ;
#2075 = CARTESIAN_POINT ( 'NONE',  ( 0.000000000000000000, 4.000000000000000000, 0.000000000000000000 ) ) ;
#2076 = CARTESIAN_POINT ( 'NONE',  ( 0.000000000000000000, 6.000000000000000000, 0.000000000000000000 ) ) ;
#2077 = ORIENTED_EDGE ( 'NONE', *, *, #1369, .F. ) ;
#2078 = AXIS2_PLACEMENT_3D ( 'NONE', #1355, #1025, #235 ) ;
#2079 =( GEOMETRIC_REPRESENTATION_CONTEXT ( 3 ) GLOBAL_UNCERTAINTY_ASSIGNED_CONTEXT ( ( #1206 ) ) GLOBAL_UNIT_ASSIGNED_CONTEXT ( ( #996, #175, #354 ) ) REPRESENTATION_CONTEXT ( 'NONE', 'WORKASPACE' ) );
#2080 = ORIENTED_EDGE ( 'NONE', *, *, #995, .F. ) ;
#2081 = EDGE_CURVE ( 'NONE', #2047, #1878, #2052, .T. ) ;
#2082 = AXIS2_PLACEMENT_3D ( 'NONE', #12, #1952, #1132 ) ;
#2083 = CYLINDRICAL_SURFACE ( 'NONE', #688, 4.249999999999996447 ) ;
#2084 = VERTEX_POINT ( 'NONE', #916 ) ;
#2085 = NEXT_ASSEMBLY_USAGE_OCCURRENCE ( 'NAUO1', ' ', ' ', #1613, #1397, $ ) ;
#2086 = NEXT_ASSEMBLY_USAGE_OCCURRENCE ( 'NAUO2', ' ', ' ', #1613, #1901, $ ) ;
#2087 = NEXT_ASSEMBLY_USAGE_OCCURRENCE ( 'NAUO3', ' ', ' ', #1613, #1673, $ ) ;
#2088 = NEXT_ASSEMBLY_USAGE_OCCURRENCE ( 'NAUO4', ' ', ' ', #1613, #554, $ ) ;
#2089 = NEXT_ASSEMBLY_USAGE_OCCURRENCE ( 'NAUO5', ' ', ' ', #1613, #1772, $ ) ;
ENDSEC;
END-ISO-10303-21;
