  0
SECTION
  2
HEADER
  9
$ACADVER
  1
AC1032
  9
$ACADMAINTVER
 90
      378
  9
$DWGCODEPAGE
  3
ANSI_1252
  9
$LASTSAVEDBY
  1
kaila
  9
$REQUIREDVERSIONS
160
                 0
  9
$INSBASE
 10
0.0
 20
0.0
 30
0.0
  9
$EXTMIN
 10
-0.0000000000000284
 20
-11500.0
 30
0.0
  9
$EXTMAX
 10
52394.54082556751
 20
11050.0
 30
0.0
  9
$LIMMIN
 10
0.0
 20
0.0
  9
$LIMMAX
 10
420.0
 20
297.0
  9
$ORTHOMODE
 70
     0
  9
$REGENMODE
 70
     1
  9
$FILLMODE
 70
     1
  9
$QTEXTMODE
 70
     0
  9
$MIRRTEXT
 70
     1
  9
$LTSCALE
 40
1.0
  9
$ATTMODE
 70
     1
  9
$TEXTSIZE
 40
2.5
  9
$TRACEWID
 40
1.0
  9
$TEXTSTYLE
  7
OpenSans
  9
$CLAYER
  8
ARCH-WALLS
  9
$CELTYPE
  6
ByLayer
  9
$CECOLOR
 62
   256
  9
$CELTSCALE
 40
1.0
  9
$DISPSILH
 70
     0
  9
$DIMSCALE
 40
1.0
  9
$DIMASZ
 40
0.175
  9
$DIMEXO
 40
0.125
  9
$DIMDLI
 40
3.75
  9
$DIMRND
 40
0.0
  9
$DIMDLE
 40
0.0
  9
$DIMEXE
 40
0.375
  9
$DIMTP
 40
0.0
  9
$DIMTM
 40
0.0
  9
$DIMTXT
 40
0.25
  9
$DIMCEN
 40
2.5
  9
$DIMTSZ
 40
0.0
  9
$DIMTOL
 70
     0
  9
$DIMLIM
 70
     0
  9
$DIMTIH
 70
     0
  9
$DIMTOH
 70
     0
  9
$DIMSE1
 70
     0
  9
$DIMSE2
 70
     0
  9
$DIMTAD
 70
     1
  9
$DIMZIN
 70
    12
  9
$DIMBLK
  1
ARCHTICK
  9
$DIMASO
 70
     1
  9
$DIMSHO
 70
     1
  9
$DIMPOST
  1

  9
$DIMAPOST
  1

  9
$DIMALT
 70
     0
  9
$DIMALTD
 70
     3
  9
$DIMALTF
 40
0.03937007874
  9
$DIMLFAC
 40
100.0
  9
$DIMTOFL
 70
     1
  9
$DIMTVP
 40
0.0
  9
$DIMTIX
 70
     0
  9
$DIMSOXD
 70
     0
  9
$DIMSAH
 70
     0
  9
$DIMBLK1
  1

  9
$DIMBLK2
  1

  9
$DIMSTYLE
  2
EZDXF
  9
$DIMCLRD
 70
     0
  9
$DIMCLRE
 70
     0
  9
$DIMCLRT
 70
     0
  9
$DIMTFAC
 40
0.5
  9
$DIMGAP
 40
0.1
  9
$DIMJUST
 70
     0
  9
$DIMSD1
 70
     0
  9
$DIMSD2
 70
     0
  9
$DIMTOLJ
 70
     0
  9
$DIMTZIN
 70
     8
  9
$DIMALTZ
 70
     0
  9
$DIMALTTZ
 70
     0
  9
$DIMUPT
 70
     1
  9
$DIMDEC
 70
     2
  9
$DIMTDEC
 70
     2
  9
$DIMALTU
 70
     2
  9
$DIMALTTD
 70
     3
  9
$DIMTXSTY
  7
OpenSansCondensed-Light
  9
$DIMAUNIT
 70
     0
  9
$DIMADEC
 70
     2
  9
$DIMALTRND
 40
0.0
  9
$DIMAZIN
 70
     3
  9
$DIMDSEP
 70
    46
  9
$DIMATFIT
 70
     3
  9
$DIMFRAC
 70
     0
  9
$DIMLDRBLK
  1

  9
$DIMLUNIT
 70
     2
  9
$DIMLWD
 70
    -2
  9
$DIMLWE
 70
    -2
  9
$DIMTMOVE
 70
     2
  9
$DIMFXL
 40
1.0
  9
$DIMFXLON
 70
     0
  9
$DIMJOGANG
 40
0.785398163397
  9
$DIMTFILL
 70
     0
  9
$DIMTFILLCLR
 70
     0
  9
$DIMARCSYM
 70
     0
  9
$DIMLTYPE
  6

  9
$DIMLTEX1
  6

  9
$DIMLTEX2
  6

  9
$DIMTXTDIRECTION
 70
     0
  9
$LUNITS
 70
     2
  9
$LUPREC
 70
     4
  9
$SKETCHINC
 40
1.0
  9
$FILLETRAD
 40
10.0
  9
$AUNITS
 70
     0
  9
$AUPREC
 70
     2
  9
$MENU
  1
.
  9
$ELEVATION
 40
0.0
  9
$PELEVATION
 40
0.0
  9
$THICKNESS
 40
0.0
  9
$LIMCHECK
 70
     0
  9
$CHAMFERA
 40
0.0
  9
$CHAMFERB
 40
0.0
  9
$CHAMFERC
 40
0.0
  9
$CHAMFERD
 40
0.0
  9
$SKPOLY
 70
     0
  9
$TDCREATE
 40
2458532.195659723
  9
$TDUCREATE
 40
2458532.153996898
  9
$TDUPDATE
 40
2461259.673159723
  9
$TDUUPDATE
 40
2461259.589826389
  9
$TDINDWG
 40
0.1551620370
  9
$TDUSRTIMER
 40
0.1551620370
  9
$USRTIMER
 70
     1
  9
$ANGBASE
 50
0.0
  9
$ANGDIR
 70
     0
  9
$PDMODE
 70
     0
  9
$PDSIZE
 40
0.0
  9
$PLINEWID
 40
0.0
  9
$SPLFRAME
 70
     0
  9
$SPLINETYPE
 70
     6
  9
$SPLINESEGS
 70
     8
  9
$HANDSEED
  5
232
  9
$SURFTAB1
 70
     6
  9
$SURFTAB2
 70
     6
  9
$SURFTYPE
 70
     6
  9
$SURFU
 70
     6
  9
$SURFV
 70
     6
  9
$UCSBASE
  2

  9
$UCSNAME
  2

  9
$UCSORG
 10
0.0
 20
0.0
 30
0.0
  9
$UCSXDIR
 10
1.0
 20
0.0
 30
0.0
  9
$UCSYDIR
 10
0.0
 20
1.0
 30
0.0
  9
$UCSORTHOREF
  2

  9
$UCSORTHOVIEW
 70
     0
  9
$UCSORGTOP
 10
0.0
 20
0.0
 30
0.0
  9
$UCSORGBOTTOM
 10
0.0
 20
0.0
 30
0.0
  9
$UCSORGLEFT
 10
0.0
 20
0.0
 30
0.0
  9
$UCSORGRIGHT
 10
0.0
 20
0.0
 30
0.0
  9
$UCSORGFRONT
 10
0.0
 20
0.0
 30
0.0
  9
$UCSORGBACK
 10
0.0
 20
0.0
 30
0.0
  9
$PUCSBASE
  2

  9
$PUCSNAME
  2

  9
$PUCSORG
 10
0.0
 20
0.0
 30
0.0
  9
$PUCSXDIR
 10
1.0
 20
0.0
 30
0.0
  9
$PUCSYDIR
 10
0.0
 20
1.0
 30
0.0
  9
$PUCSORTHOREF
  2

  9
$PUCSORTHOVIEW
 70
     0
  9
$PUCSORGTOP
 10
0.0
 20
0.0
 30
0.0
  9
$PUCSORGBOTTOM
 10
0.0
 20
0.0
 30
0.0
  9
$PUCSORGLEFT
 10
0.0
 20
0.0
 30
0.0
  9
$PUCSORGRIGHT
 10
0.0
 20
0.0
 30
0.0
  9
$PUCSORGFRONT
 10
0.0
 20
0.0
 30
0.0
  9
$PUCSORGBACK
 10
0.0
 20
0.0
 30
0.0
  9
$USERI1
 70
     0
  9
$USERI2
 70
     0
  9
$USERI3
 70
     0
  9
$USERI4
 70
     0
  9
$USERI5
 70
     0
  9
$USERR1
 40
0.0
  9
$USERR2
 40
0.0
  9
$USERR3
 40
0.0
  9
$USERR4
 40
0.0
  9
$USERR5
 40
0.0
  9
$WORLDVIEW
 70
     1
  9
$SHADEDGE
 70
     3
  9
$SHADEDIF
 70
    70
  9
$TILEMODE
 70
     1
  9
$MAXACTVP
 70
    64
  9
$PINSBASE
 10
0.0
 20
0.0
 30
0.0
  9
$PLIMCHECK
 70
     0
  9
$PEXTMIN
 10
1.000000000000000E+20
 20
1.000000000000000E+20
 30
1.000000000000000E+20
  9
$PEXTMAX
 10
-1.000000000000000E+20
 20
-1.000000000000000E+20
 30
-1.000000000000000E+20
  9
$PLIMMIN
 10
0.0
 20
0.0
  9
$PLIMMAX
 10
420.0
 20
297.0
  9
$UNITMODE
 70
     0
  9
$VISRETAIN
 70
     1
  9
$PLINEGEN
 70
     0
  9
$PSLTSCALE
 70
     1
  9
$TREEDEPTH
 70
  3020
  9
$CMLSTYLE
  2
Standard
  9
$CMLJUST
 70
     0
  9
$CMLSCALE
 40
20.0
  9
$PROXYGRAPHICS
 70
     1
  9
$MEASUREMENT
 70
     1
  9
$CELWEIGHT
370
    -1
  9
$ENDCAPS
280
     0
  9
$JOINSTYLE
280
     0
  9
$LWDISPLAY
290
     0
  9
$INSUNITS
 70
     4
  9
$HYPERLINKBASE
  1

  9
$STYLESHEET
  1

  9
$XEDIT
290
     1
  9
$CEPSNTYPE
380
     0
  9
$PSTYLEMODE
290
     1
  9
$FINGERPRINTGUID
  2
{547D78B9-F3C0-442D-81DC-0402995E9BDA}
  9
$VERSIONGUID
  2
{773A607B-8E10-DE44-A812-D546C4A51B42}
  9
$EXTNAMES
290
     1
  9
$PSVPSCALE
 40
0.0
  9
$OLESTARTUP
290
     0
  9
$SORTENTS
280
   127
  9
$INDEXCTL
280
     0
  9
$HIDETEXT
280
     1
  9
$XCLIPFRAME
280
     1
  9
$HALOGAP
280
     0
  9
$OBSCOLOR
 70
   257
  9
$OBSLTYPE
280
     0
  9
$INTERSECTIONDISPLAY
280
     0
  9
$INTERSECTIONCOLOR
 70
   257
  9
$DIMASSOC
280
     2
  9
$PROJECTNAME
  1

  9
$CAMERADISPLAY
290
     0
  9
$LENSLENGTH
 40
50.0
  9
$CAMERAHEIGHT
 40
0.0
  9
$STEPSPERSEC
 40
24.0
  9
$STEPSIZE
 40
100.0
  9
$3DDWFPREC
 40
2.0
  9
$PSOLWIDTH
 40
0.005
  9
$PSOLHEIGHT
 40
0.08
  9
$LOFTANG1
 40
1.570796326795
  9
$LOFTANG2
 40
1.570796326795
  9
$LOFTMAG1
 40
0.0
  9
$LOFTMAG2
 40
0.0
  9
$LOFTPARAM
 70
     7
  9
$LOFTNORMALS
280
     1
  9
$LATITUDE
 40
37.795
  9
$LONGITUDE
 40
-122.394
  9
$NORTHDIRECTION
 40
0.0
  9
$TIMEZONE
 70
 -8000
  9
$LIGHTGLYPHDISPLAY
280
     1
  9
$TILEMODELIGHTSYNCH
280
     1
  9
$CMATERIAL
347
20
  9
$SOLIDHIST
280
     0
  9
$SHOWHIST
280
     1
  9
$DWFFRAME
280
     2
  9
$DGNFRAME
280
     2
  9
$REALWORLDSCALE
290
     1
  9
$INTERFERECOLOR
 62
   256
  9
$INTERFEREOBJVS
345
6B
  9
$INTERFEREVPVS
346
71
  9
$CSHADOW
280
     0
  9
$SHADOWPLANELOCATION
 40
0.0
  0
ENDSEC
  0
SECTION
  2
CLASSES
  0
CLASS
  1
ACDBDICTIONARYWDFLT
  2
AcDbDictionaryWithDefault
  3
ObjectDBX Classes
 90
        0
 91
        1
280
     0
281
     0
  0
CLASS
  1
SUN
  2
AcDbSun
  3
SCENEOE
 90
     1153
 91
        0
280
     0
281
     0
  0
CLASS
  1
VISUALSTYLE
  2
AcDbVisualStyle
  3
ObjectDBX Classes
 90
     4095
 91
       25
280
     0
281
     0
  0
CLASS
  1
MATERIAL
  2
AcDbMaterial
  3
ObjectDBX Classes
 90
     1153
 91
        3
280
     0
281
     0
  0
CLASS
  1
SCALE
  2
AcDbScale
  3
ObjectDBX Classes
 90
     1153
 91
       17
280
     0
281
     0
  0
CLASS
  1
TABLESTYLE
  2
AcDbTableStyle
  3
ObjectDBX Classes
 90
     4095
 91
        1
280
     0
281
     0
  0
CLASS
  1
MLEADERSTYLE
  2
AcDbMLeaderStyle
  3
ACDB_MLEADERSTYLE_CLASS
 90
     4095
 91
        1
280
     0
281
     0
  0
CLASS
  1
DICTIONARYVAR
  2
AcDbDictionaryVar
  3
ObjectDBX Classes
 90
        0
 91
       12
280
     0
281
     0
  0
CLASS
  1
CELLSTYLEMAP
  2
AcDbCellStyleMap
  3
ObjectDBX Classes
 90
     1152
 91
        3
280
     0
281
     0
  0
CLASS
  1
MENTALRAYRENDERSETTINGS
  2
AcDbMentalRayRenderSettings
  3
SCENEOE
 90
     1024
 91
        0
280
     0
281
     0
  0
CLASS
  1
ACDBDETAILVIEWSTYLE
  2
AcDbDetailViewStyle
  3
ObjectDBX Classes
 90
     1025
 91
        1
280
     0
281
     0
  0
CLASS
  1
ACDBSECTIONVIEWSTYLE
  2
AcDbSectionViewStyle
  3
ObjectDBX Classes
 90
     1025
 91
        1
280
     0
281
     0
  0
CLASS
  1
RASTERVARIABLES
  2
AcDbRasterVariables
  3
ISM
 90
        0
 91
        0
280
     0
281
     0
  0
CLASS
  1
SORTENTSTABLE
  2
AcDbSortentsTable
  3
ObjectDBX Classes
 90
        0
 91
        1
280
     0
281
     0
  0
CLASS
  1
DIMASSOC
  2
AcDbDimAssoc
  3
"AcDbDimAssoc|Product Desc:     AcDim ARX App For Dimension|Company:          Autodesk, Inc.|WEB Address:      www.autodesk.com"
 90
        0
 91
        1
280
     0
281
     0
  0
ENDSEC
  0
SECTION
  2
TABLES
  0
TABLE
  2
VPORT
  5
8
330
0
100
AcDbSymbolTable
 70
     1
  0
VPORT
  5
23
330
8
100
AcDbSymbolTableRecord
100
AcDbViewportTableRecord
  2
*Active
 70
     0
 10
0.0
 20
0.0
 11
1.0
 21
1.0
 12
30134.07569798878
 22
1318.370268164432
 13
0.0
 23
0.0
 14
0.5
 24
0.5
 15
0.5
 25
0.5
 16
0.0
 26
0.0
 36
1.0
 17
0.0
 27
0.0
 37
0.0
 40
32971.65894776254
 41
2.555259653794939
 42
50.0
 43
0.0
 44
0.0
 50
0.0
 51
0.0
 71
     0
 72
  1000
 73
     1
 74
     3
 75
     0
 76
     0
 77
     0
 78
     0
281
     0
 65
     0
110
0.0
120
0.0
130
0.0
111
1.0
121
0.0
131
0.0
112
0.0
122
1.0
132
0.0
 79
     0
146
0.0
348
5A
 60
     3
 61
     5
292
     1
282
     1
141
0.0
142
0.0
 63
   250
421
  3355443
1001
ACAD_NAV_VCDISPLAY
1070
     3
  0
ENDTAB
  0
TABLE
  2
LTYPE
  5
2
330
0
100
AcDbSymbolTable
 70
    20
  0
LTYPE
  5
24
330
2
100
AcDbSymbolTableRecord
100
AcDbLinetypeTableRecord
  2
ByBlock
 70
     0
  3

 72
    65
 73
     0
 40
0.0
  0
LTYPE
  5
25
330
2
100
AcDbSymbolTableRecord
100
AcDbLinetypeTableRecord
  2
ByLayer
 70
     0
  3

 72
    65
 73
     0
 40
0.0
  0
LTYPE
  5
26
330
2
100
AcDbSymbolTableRecord
100
AcDbLinetypeTableRecord
  2
Continuous
 70
     0
  3

 72
    65
 73
     0
 40
0.0
  0
LTYPE
  5
2F
330
2
100
AcDbSymbolTableRecord
100
AcDbLinetypeTableRecord
  2
CENTER
 70
     0
  3
Center ____ _ ____ _ ____ _ ____ _ ____ _ ____
 72
    65
 73
     4
 40
5.08
 49
3.174999999999999
 74
     0
 49
-0.635
 74
     0
 49
0.635
 74
     0
 49
-0.635
 74
     0
  0
LTYPE
  5
30
330
2
100
AcDbSymbolTableRecord
100
AcDbLinetypeTableRecord
  2
CENTERX2
 70
     0
  3
Center (2x) ________  __  ________  __  ________
 72
    65
 73
     4
 40
8.89
 49
6.349999999999999
 74
     0
 49
-0.635
 74
     0
 49
1.27
 74
     0
 49
-0.635
 74
     0
  0
LTYPE
  5
31
330
2
100
AcDbSymbolTableRecord
100
AcDbLinetypeTableRecord
  2
CENTER2
 70
     0
  3
Center (.5x) ____ _ ____ _ ____ _ ____ _ ____
 72
    65
 73
     4
 40
2.54
 49
1.586999999999999
 74
     0
 49
-0.318
 74
     0
 49
0.318
 74
     0
 49
-0.318
 74
     0
  0
LTYPE
  5
32
330
2
100
AcDbSymbolTableRecord
100
AcDbLinetypeTableRecord
  2
DASHED
 70
     0
  3
Dashed __ __ __ __ __ __ __ __ __ __ __ __ __ _
 72
    65
 73
     2
 40
1.524
 49
1.27
 74
     0
 49
-0.254
 74
     0
  0
LTYPE
  5
33
330
2
100
AcDbSymbolTableRecord
100
AcDbLinetypeTableRecord
  2
DASHEDX2
 70
     0
  3
Dashed (2x) ____  ____  ____  ____  ____  ____
 72
    65
 73
     2
 40
3.048
 49
2.54
 74
     0
 49
-0.508
 74
     0
  0
LTYPE
  5
34
330
2
100
AcDbSymbolTableRecord
100
AcDbLinetypeTableRecord
  2
DASHED2
 70
     0
  3
Dashed (.5x) _ _ _ _ _ _ _ _ _ _ _ _ _ _
 72
    65
 73
     2
 40
0.762
 49
0.635
 74
     0
 49
-0.127
 74
     0
  0
LTYPE
  5
35
330
2
100
AcDbSymbolTableRecord
100
AcDbLinetypeTableRecord
  2
PHANTOM
 70
     0
  3
Phantom ______  __  __  ______  __  __  ______
 72
    65
 73
     6
 40
6.349999999999999
 49
3.174999999999999
 74
     0
 49
-0.635
 74
     0
 49
0.635
 74
     0
 49
-0.635
 74
     0
 49
0.635
 74
     0
 49
-0.635
 74
     0
  0
LTYPE
  5
36
330
2
100
AcDbSymbolTableRecord
100
AcDbLinetypeTableRecord
  2
PHANTOMX2
 70
     0
  3
Phantom (2x)____________    ____    ____    ____________
 72
    65
 73
     6
 40
10.795
 49
6.349999999999999
 74
     0
 49
-0.635
 74
     0
 49
1.27
 74
     0
 49
-0.635
 74
     0
 49
1.27
 74
     0
 49
-0.635
 74
     0
  0
LTYPE
  5
37
330
2
100
AcDbSymbolTableRecord
100
AcDbLinetypeTableRecord
  2
PHANTOM2
 70
     0
  3
Phantom (.5x) ___ _ _ ___ _ _ ___ _ _ ___ _ _ ___
 72
    65
 73
     6
 40
3.174999999999999
 49
1.586999999999999
 74
     0
 49
-0.318
 74
     0
 49
0.318
 74
     0
 49
-0.318
 74
     0
 49
0.318
 74
     0
 49
-0.318
 74
     0
  0
LTYPE
  5
38
330
2
100
AcDbSymbolTableRecord
100
AcDbLinetypeTableRecord
  2
DASHDOT
 70
     0
  3
Dash dot __ . __ . __ . __ . __ . __ . __ . __
 72
    65
 73
     4
 40
3.556
 49
2.54
 74
     0
 49
-0.508
 74
     0
 49
0.0
 74
     0
 49
-0.508
 74
     0
  0
LTYPE
  5
39
330
2
100
AcDbSymbolTableRecord
100
AcDbLinetypeTableRecord
  2
DASHDOTX2
 70
     0
  3
Dash dot (2x) ____  .  ____  .  ____  .  ____
 72
    65
 73
     4
 40
6.096
 49
5.08
 74
     0
 49
-0.508
 74
     0
 49
0.0
 74
     0
 49
-0.508
 74
     0
  0
LTYPE
  5
3A
330
2
100
AcDbSymbolTableRecord
100
AcDbLinetypeTableRecord
  2
DASHDOT2
 70
     0
  3
Dash dot (.5x) _ . _ . _ . _ . _ . _ . _ . _
 72
    65
 73
     4
 40
1.778
 49
1.27
 74
     0
 49
-0.254
 74
     0
 49
0.0
 74
     0
 49
-0.254
 74
     0
  0
LTYPE
  5
3B
330
2
100
AcDbSymbolTableRecord
100
AcDbLinetypeTableRecord
  2
DOT
 70
     0
  3
Dot .  .  .  .  .  .  .  .  .  .  .  .  .  .  .  .
 72
    65
 73
     2
 40
0.508
 49
0.0
 74
     0
 49
-0.508
 74
     0
  0
LTYPE
  5
3C
330
2
100
AcDbSymbolTableRecord
100
AcDbLinetypeTableRecord
  2
DOTX2
 70
     0
  3
Dot (2x) .    .    .    .    .    .    .    . 
 72
    65
 73
     2
 40
1.016
 49
0.0
 74
     0
 49
-1.016
 74
     0
  0
LTYPE
  5
3D
330
2
100
AcDbSymbolTableRecord
100
AcDbLinetypeTableRecord
  2
DOT2
 70
     0
  3
Dot (.5) . . . . . . . . . . . . . . . . . . . 
 72
    65
 73
     2
 40
0.254
 49
0.0
 74
     0
 49
-0.254
 74
     0
  0
LTYPE
  5
3E
330
2
100
AcDbSymbolTableRecord
100
AcDbLinetypeTableRecord
  2
DIVIDE
 70
     0
  3
Divide __ . . __ . . __ . . __ . . __ . . __
 72
    65
 73
     6
 40
4.064
 49
2.54
 74
     0
 49
-0.508
 74
     0
 49
0.0
 74
     0
 49
-0.508
 74
     0
 49
0.0
 74
     0
 49
-0.508
 74
     0
  0
LTYPE
  5
3F
330
2
100
AcDbSymbolTableRecord
100
AcDbLinetypeTableRecord
  2
DIVIDEX2
 70
     0
  3
Divide (2x) ____  . .  ____  . .  ____  . .  ____
 72
    65
 73
     6
 40
6.604
 49
5.08
 74
     0
 49
-0.508
 74
     0
 49
0.0
 74
     0
 49
-0.508
 74
     0
 49
0.0
 74
     0
 49
-0.508
 74
     0
  0
LTYPE
  5
40
330
2
100
AcDbSymbolTableRecord
100
AcDbLinetypeTableRecord
  2
DIVIDE2
 70
     0
  3
Divide(.5x) _ . _ . _ . _ . _ . _ . _ . _
 72
    65
 73
     6
 40
2.032
 49
1.27
 74
     0
 49
-0.254
 74
     0
 49
0.0
 74
     0
 49
-0.254
 74
     0
 49
0.0
 74
     0
 49
-0.254
 74
     0
  0
ENDTAB
  0
TABLE
  2
LAYER
  5
1
102
{ACAD_XDICTIONARY
360
1EB
102
}
330
0
100
AcDbSymbolTable
 70
    10
  0
LAYER
  5
27
330
1
100
AcDbSymbolTableRecord
100
AcDbLayerTableRecord
  2
0
 70
     0
 62
     7
  6
Continuous
370
    -3
390
13
347
21
348
0
  0
LAYER
  5
28
330
1
100
AcDbSymbolTableRecord
100
AcDbLayerTableRecord
  2
Defpoints
 70
     0
 62
     7
  6
Continuous
290
     0
370
    -3
390
13
347
21
348
0
  0
LAYER
  5
8A
330
1
100
AcDbSymbolTableRecord
100
AcDbLayerTableRecord
  2
ARCH-WALLS
 70
     0
 62
     7
  6
Continuous
370
    -3
390
13
347
21
348
0
  0
LAYER
  5
8B
330
1
100
AcDbSymbolTableRecord
100
AcDbLayerTableRecord
  2
HVAC-EQUIP
 70
     0
 62
     3
  6
Continuous
370
    -3
390
13
347
21
348
0
  0
LAYER
  5
8C
330
1
100
AcDbSymbolTableRecord
100
AcDbLayerTableRecord
  2
HVAC-SUPPLY
 70
     0
 62
     5
  6
Continuous
370
    -3
390
13
347
21
348
0
  0
LAYER
  5
8D
330
1
100
AcDbSymbolTableRecord
100
AcDbLayerTableRecord
  2
HVAC-RETURN
 70
     0
 62
     6
  6
Continuous
370
    -3
390
13
347
21
348
0
  0
LAYER
  5
8E
330
1
100
AcDbSymbolTableRecord
100
AcDbLayerTableRecord
  2
HVAC-RISER
 70
     0
 62
     4
  6
Continuous
370
    -3
390
13
347
21
348
0
  0
LAYER
  5
8F
330
1
100
AcDbSymbolTableRecord
100
AcDbLayerTableRecord
  2
TEXT-MEP
 70
     0
 62
     2
  6
Continuous
370
    -3
390
13
347
21
348
0
  0
LAYER
  5
90
330
1
100
AcDbSymbolTableRecord
100
AcDbLayerTableRecord
  2
DIM
 70
     0
 62
     2
  6
Continuous
370
    -3
390
13
347
21
348
0
  0
LAYER
  5
91
330
1
100
AcDbSymbolTableRecord
100
AcDbLayerTableRecord
  2
TITLEBLOCK
 70
     0
 62
     7
  6
Continuous
370
    -3
390
13
347
21
348
0
  0
ENDTAB
  0
TABLE
  2
STYLE
  5
5
330
0
100
AcDbSymbolTable
 70
    26
  0
STYLE
  5
29
330
5
100
AcDbSymbolTableRecord
100
AcDbTextStyleTableRecord
  2
Standard
 70
     0
 40
0.0
 41
1.0
 50
0.0
 71
     0
 42
2.5
  3
txt
  4

  0
STYLE
  5
41
330
5
100
AcDbSymbolTableRecord
100
AcDbTextStyleTableRecord
  2
OpenSans-Light
 70
     0
 40
0.0
 41
1.0
 50
0.0
 71
     0
 42
2.5
  3
OpenSans-Light.ttf
  4

  0
STYLE
  5
42
330
5
100
AcDbSymbolTableRecord
100
AcDbTextStyleTableRecord
  2
OpenSans-Light-Italic
 70
     0
 40
0.0
 41
1.0
 50
0.0
 71
     0
 42
2.5
  3
OpenSans-LightItalic.ttf
  4

  0
STYLE
  5
43
330
5
100
AcDbSymbolTableRecord
100
AcDbTextStyleTableRecord
  2
OpenSans
 70
     0
 40
0.0
 41
1.0
 50
0.0
 71
     0
 42
2.5
  3
OpenSans-Regular.ttf
  4

  0
STYLE
  5
44
330
5
100
AcDbSymbolTableRecord
100
AcDbTextStyleTableRecord
  2
OpenSans-Italic
 70
     0
 40
0.0
 41
1.0
 50
0.0
 71
     0
 42
2.5
  3
OpenSans-Italic.ttf
  4

  0
STYLE
  5
45
330
5
100
AcDbSymbolTableRecord
100
AcDbTextStyleTableRecord
  2
OpenSans-SemiBold
 70
     0
 40
0.0
 41
1.0
 50
0.0
 71
     0
 42
2.5
  3
OpenSans-SemiBold.ttf
  4

  0
STYLE
  5
46
330
5
100
AcDbSymbolTableRecord
100
AcDbTextStyleTableRecord
  2
OpenSans-SemiBoldItalic
 70
     0
 40
0.0
 41
1.0
 50
0.0
 71
     0
 42
2.5
  3
OpenSans-SemiBoldItalic.ttf
  4

  0
STYLE
  5
47
330
5
100
AcDbSymbolTableRecord
100
AcDbTextStyleTableRecord
  2
OpenSans-Bold
 70
     0
 40
0.0
 41
1.0
 50
0.0
 71
     0
 42
2.5
  3
OpenSans-Bold.ttf
  4

  0
STYLE
  5
48
330
5
100
AcDbSymbolTableRecord
100
AcDbTextStyleTableRecord
  2
OpenSans-BoldItalic
 70
     0
 40
0.0
 41
1.0
 50
0.0
 71
     0
 42
2.5
  3
OpenSans-BoldItalic.ttf
  4

  0
STYLE
  5
49
330
5
100
AcDbSymbolTableRecord
100
AcDbTextStyleTableRecord
  2
OpenSans-ExtraBold
 70
     0
 40
0.0
 41
1.0
 50
0.0
 71
     0
 42
2.5
  3
OpenSans-ExtraBold.ttf
  4

  0
STYLE
  5
4A
330
5
100
AcDbSymbolTableRecord
100
AcDbTextStyleTableRecord
  2
OpenSans-ExtraBoldItalic
 70
     0
 40
0.0
 41
1.0
 50
0.0
 71
     0
 42
2.5
  3
OpenSans-ExtraBoldItalic.ttf
  4

  0
STYLE
  5
4B
330
5
100
AcDbSymbolTableRecord
100
AcDbTextStyleTableRecord
  2
OpenSansCondensed-Bold
 70
     0
 40
0.0
 41
1.0
 50
0.0
 71
     0
 42
2.5
  3
OpenSansCondensed-Bold.ttf
  4

  0
STYLE
  5
4C
330
5
100
AcDbSymbolTableRecord
100
AcDbTextStyleTableRecord
  2
OpenSansCondensed-Light
 70
     0
 40
0.0
 41
1.0
 50
0.0
 71
     0
 42
2.5
  3
OpenSansCondensed-Light.ttf
  4

  0
STYLE
  5
4D
330
5
100
AcDbSymbolTableRecord
100
AcDbTextStyleTableRecord
  2
OpenSansCondensed-Italic
 70
     0
 40
0.0
 41
1.0
 50
0.0
 71
     0
 42
2.5
  3
OpenSansCondensed-LightItalic.ttf
  4

  0
STYLE
  5
4E
330
5
100
AcDbSymbolTableRecord
100
AcDbTextStyleTableRecord
  2
LiberationSans
 70
     0
 40
0.0
 41
1.0
 50
0.0
 71
     0
 42
2.5
  3
LiberationSans-Regular.ttf
  4

  0
STYLE
  5
4F
330
5
100
AcDbSymbolTableRecord
100
AcDbTextStyleTableRecord
  2
LiberationSans-Bold
 70
     0
 40
0.0
 41
1.0
 50
0.0
 71
     0
 42
2.5
  3
LiberationSans-Bold.ttf
  4

  0
STYLE
  5
50
330
5
100
AcDbSymbolTableRecord
100
AcDbTextStyleTableRecord
  2
LiberationSans-BoldItalic
 70
     0
 40
0.0
 41
1.0
 50
0.0
 71
     0
 42
2.5
  3
LiberationSans-BoldItalic.ttf
  4

  0
STYLE
  5
51
330
5
100
AcDbSymbolTableRecord
100
AcDbTextStyleTableRecord
  2
LiberationSans-Italic
 70
     0
 40
0.0
 41
1.0
 50
0.0
 71
     0
 42
2.5
  3
LiberationSans-Italic.ttf
  4

  0
STYLE
  5
52
330
5
100
AcDbSymbolTableRecord
100
AcDbTextStyleTableRecord
  2
LiberationSerif
 70
     0
 40
0.0
 41
1.0
 50
0.0
 71
     0
 42
2.5
  3
LiberationSerif-Regular.ttf
  4

  0
STYLE
  5
53
330
5
100
AcDbSymbolTableRecord
100
AcDbTextStyleTableRecord
  2
LiberationSerif-Bold
 70
     0
 40
0.0
 41
1.0
 50
0.0
 71
     0
 42
2.5
  3
LiberationSerif-Bold.ttf
  4

  0
STYLE
  5
54
330
5
100
AcDbSymbolTableRecord
100
AcDbTextStyleTableRecord
  2
LiberationSerif-BoldItalic
 70
     0
 40
0.0
 41
1.0
 50
0.0
 71
     0
 42
2.5
  3
LiberationSerif-BoldItalic.ttf
  4

  0
STYLE
  5
55
330
5
100
AcDbSymbolTableRecord
100
AcDbTextStyleTableRecord
  2
LiberationSerif-Italic
 70
     0
 40
0.0
 41
1.0
 50
0.0
 71
     0
 42
2.5
  3
LiberationSerif-Italic.ttf
  4

  0
STYLE
  5
56
330
5
100
AcDbSymbolTableRecord
100
AcDbTextStyleTableRecord
  2
LiberationMono
 70
     0
 40
0.0
 41
1.0
 50
0.0
 71
     0
 42
2.5
  3
LiberationMono-Regular.ttf
  4

  0
STYLE
  5
57
330
5
100
AcDbSymbolTableRecord
100
AcDbTextStyleTableRecord
  2
LiberationMono-Bold
 70
     0
 40
0.0
 41
1.0
 50
0.0
 71
     0
 42
2.5
  3
LiberationMono-Bold.ttf
  4

  0
STYLE
  5
58
330
5
100
AcDbSymbolTableRecord
100
AcDbTextStyleTableRecord
  2
LiberationMono-BoldItalic
 70
     0
 40
0.0
 41
1.0
 50
0.0
 71
     0
 42
2.5
  3
LiberationMono-BoldItalic.ttf
  4

  0
STYLE
  5
59
330
5
100
AcDbSymbolTableRecord
100
AcDbTextStyleTableRecord
  2
LiberationMono-Italic
 70
     0
 40
0.0
 41
1.0
 50
0.0
 71
     0
 42
2.5
  3
LiberationMono-Italic.ttf
  4

  0
ENDTAB
  0
TABLE
  2
VIEW
  5
7
330
0
100
AcDbSymbolTable
 70
     4
  0
ENDTAB
  0
TABLE
  2
UCS
  5
6
330
0
100
AcDbSymbolTable
 70
     0
  0
ENDTAB
  0
TABLE
  2
APPID
  5
3
330
0
100
AcDbSymbolTable
 70
     5
  0
APPID
  5
2A
330
3
100
AcDbSymbolTableRecord
100
AcDbRegAppTableRecord
  2
ACAD
 70
     0
  0
APPID
  5
17F
330
3
100
AcDbSymbolTableRecord
100
AcDbRegAppTableRecord
  2
HATCHBACKGROUNDCOLOR
 70
     0
  0
APPID
  5
180
330
3
100
AcDbSymbolTableRecord
100
AcDbRegAppTableRecord
  2
EZDXF
 70
     0
  0
APPID
  5
19F
330
3
100
AcDbSymbolTableRecord
100
AcDbRegAppTableRecord
  2
ACAD_NAV_VCDISPLAY
 70
     0
  0
APPID
  5
1B2
330
3
100
AcDbSymbolTableRecord
100
AcDbRegAppTableRecord
  2
ACAD_EXEMPT_FROM_CAD_STANDARDS
 70
     0
  0
ENDTAB
  0
TABLE
  2
DIMSTYLE
  5
4
330
0
100
AcDbSymbolTable
 70
    12
100
AcDbDimStyleTable
 71
     0
  0
DIMSTYLE
105
2B
330
4
100
AcDbSymbolTableRecord
100
AcDbDimStyleTableRecord
  2
Standard
 70
     0
 41
2.5
 42
0.625
 43
3.75
 44
1.25
 49
2.5
 73
     0
 74
     0
 77
     1
 78
     8
 79
     3
140
2.5
141
2.5
143
0.03937007874
147
0.625
171
     3
172
     1
179
     2
271
     2
272
     2
274
     3
278
    44
283
     0
284
     8
  0
DIMSTYLE
105
73
330
4
100
AcDbSymbolTableRecord
100
AcDbDimStyleTableRecord
  2
EZDXF
 70
     0
 41
0.175
 42
0.125
 43
3.75
 44
0.375
 49
2.5
 73
     0
 74
     0
 77
     1
 78
    12
 79
     3
140
0.25
141
2.5
143
0.03937007874
144
100.0
146
0.5
147
0.1
171
     3
172
     1
179
     2
271
     2
272
     2
274
     3
279
     2
283
     0
284
     8
288
     1
340
4C
342
74
  0
DIMSTYLE
105
7C
330
4
100
AcDbSymbolTableRecord
100
AcDbDimStyleTableRecord
  2
EZ_M_100_H25_CM
 70
     0
 41
0.25
 42
0.125
 43
3.75
 44
0.375
 49
2.5
 73
     0
 74
     0
 77
     1
 78
    12
 79
     3
140
0.25
141
2.5
142
0.125
143
0.03937007874
144
100.0
146
0.5
147
0.1
171
     3
172
     1
179
     2
271
     2
272
     2
274
     3
279
     2
283
     0
284
     8
288
     1
340
4C
  0
DIMSTYLE
105
7D
330
4
100
AcDbSymbolTableRecord
100
AcDbDimStyleTableRecord
  2
EZ_M_50_H25_CM
 70
     0
 41
0.125
 43
3.75
 44
0.1875
 49
2.5
 73
     0
 74
     0
 77
     1
 78
    12
 79
     3
140
0.125
141
2.5
142
0.0625
143
0.03937007874
144
100.0
146
0.5
147
0.05
171
     3
172
     1
179
     2
271
     2
272
     2
274
     3
279
     2
283
     0
284
     8
288
     1
340
4C
  0
DIMSTYLE
105
7E
330
4
100
AcDbSymbolTableRecord
100
AcDbDimStyleTableRecord
  2
EZ_M_25_H25_CM
 70
     0
 41
0.0625
 42
0.03125
 43
3.75
 44
0.09375
 49
2.5
 73
     0
 74
     0
 77
     1
 78
    12
 79
     3
140
0.0625
141
2.5
142
0.03125
143
0.03937007874
144
100.0
146
0.5
147
0.025
171
     3
172
     1
179
     2
271
     2
272
     2
274
     3
279
     2
283
     0
284
     8
288
     1
340
4C
  0
DIMSTYLE
105
7F
330
4
100
AcDbSymbolTableRecord
100
AcDbDimStyleTableRecord
  2
EZ_M_20_H25_CM
 70
     0
 41
0.05
 42
0.025
 43
3.75
 44
0.075
 49
2.5
 73
     0
 74
     0
 77
     1
 78
    12
 79
     3
140
0.05
141
2.5
142
0.025
143
0.03937007874
144
100.0
146
0.5
147
0.02
171
     3
172
     1
179
     2
271
     2
272
     2
274
     3
279
     2
283
     0
284
     8
288
     1
340
4C
  0
DIMSTYLE
105
80
330
4
100
AcDbSymbolTableRecord
100
AcDbDimStyleTableRecord
  2
EZ_M_10_H25_CM
 70
     0
 41
0.025
 42
0.0125
 43
3.75
 44
0.0375
 49
2.5
 73
     0
 74
     0
 77
     1
 78
    12
 79
     3
140
0.025
141
2.5
142
0.0125
143
0.03937007874
144
100.0
146
0.5
147
0.01
171
     3
172
     1
179
     2
271
     2
272
     2
274
     3
279
     2
283
     0
284
     8
288
     1
340
4C
  0
DIMSTYLE
105
81
330
4
100
AcDbSymbolTableRecord
100
AcDbDimStyleTableRecord
  2
EZ_M_5_H25_CM
 70
     0
 41
0.0125
 42
0.00625
 43
3.75
 44
0.01875
 49
2.5
 73
     0
 74
     0
 77
     1
 78
    12
 79
     3
140
0.0125
141
2.5
142
0.00625
143
0.03937007874
144
100.0
146
0.5
147
0.005
171
     3
172
     1
179
     2
271
     2
272
     2
274
     3
279
     2
283
     0
284
     8
288
     1
340
4C
  0
DIMSTYLE
105
82
330
4
100
AcDbSymbolTableRecord
100
AcDbDimStyleTableRecord
  2
EZ_M_1_H25_CM
 70
     0
 41
0.0025
 42
0.00125
 43
3.75
 44
0.00375
 49
2.5
 73
     0
 74
     0
 77
     1
 78
    12
 79
     3
140
0.0025
141
2.5
142
0.00125
143
0.03937007874
144
100.0
146
0.5
147
0.001
171
     3
172
     1
179
     2
271
     2
272
     2
274
     3
279
     2
283
     0
284
     8
288
     1
340
4C
  0
DIMSTYLE
105
83
330
4
100
AcDbSymbolTableRecord
100
AcDbDimStyleTableRecord
  2
EZ_RADIUS
 70
     0
 41
0.25
 42
0.125
 43
3.75
 44
0.375
 49
2.5
 73
     0
 74
     0
 77
     1
 78
    12
 79
     3
140
0.25
141
0.0
143
0.03937007874
144
100.0
146
0.5
147
0.1
171
     3
179
     2
271
     2
272
     2
274
     3
279
     1
283
     0
284
     8
288
     1
340
4C
342
84
  0
DIMSTYLE
105
88
330
4
100
AcDbSymbolTableRecord
100
AcDbDimStyleTableRecord
  2
EZ_RADIUS_INSIDE
 70
     0
 41
0.25
 42
0.125
 43
3.75
 44
0.375
 49
2.5
 73
     0
 74
     0
 78
    12
 79
     3
140
0.25
141
0.0
143
0.03937007874
144
100.0
146
0.5
147
0.1
171
     3
174
     1
179
     2
271
     2
272
     2
274
     3
283
     0
284
     8
288
     1
289
     0
340
4C
342
84
  0
DIMSTYLE
105
89
330
4
100
AcDbSymbolTableRecord
100
AcDbDimStyleTableRecord
  2
EZ_CURVED
 70
     0
 41
0.25
 42
0.125
 43
3.75
 44
0.375
 49
2.5
 73
     0
 74
     0
 77
     1
 78
    12
 79
     2
 90
        2
140
0.25
141
2.5
143
0.03937007874
144
100.0
146
0.5
147
0.1
171
     3
172
     1
179
     2
271
     2
272
     2
274
     3
279
     2
283
     0
284
     8
288
     1
340
4C
  0
ENDTAB
  0
TABLE
  2
BLOCK_RECORD
  5
9
330
0
100
AcDbSymbolTable
 70
     3
  0
BLOCK_RECORD
  5
17
102
{ACAD_XDICTIONARY
360
1B5
102
}
330
9
100
AcDbSymbolTableRecord
100
AcDbBlockTableRecord
  2
*Model_Space
340
1A
 70
     0
280
     1
281
     0
  0
BLOCK_RECORD
  5
1B
330
9
100
AcDbSymbolTableRecord
100
AcDbBlockTableRecord
  2
*Paper_Space
340
1E
 70
     0
280
     1
281
     0
  0
BLOCK_RECORD
  5
74
330
9
100
AcDbSymbolTableRecord
100
AcDbBlockTableRecord
  2
_ARCHTICK
340
0
 70
     0
280
     1
281
     0
  0
BLOCK_RECORD
  5
78
330
9
100
AcDbSymbolTableRecord
100
AcDbBlockTableRecord
  2
_CLOSEDFILLED
340
0
 70
     0
280
     1
281
     0
  0
BLOCK_RECORD
  5
84
330
9
100
AcDbSymbolTableRecord
100
AcDbBlockTableRecord
  2
_CLOSEDBLANK
340
0
 70
     0
280
     1
281
     0
  0
ENDTAB
  0
ENDSEC
  0
SECTION
  2
BLOCKS
  0
BLOCK
  5
18
330
17
100
AcDbEntity
  8
0
100
AcDbBlockBegin
  2
*Model_Space
 70
     0
 10
0.0
 20
0.0
 30
0.0
  3
*Model_Space
  1

  0
ENDBLK
  5
19
330
17
100
AcDbEntity
  8
0
100
AcDbBlockEnd
  0
BLOCK
  5
1C
330
1B
100
AcDbEntity
 67
     1
  8
0
100
AcDbBlockBegin
  2
*Paper_Space
 70
     0
 10
0.0
 20
0.0
 30
0.0
  3
*Paper_Space
  1

  0
ENDBLK
  5
1D
330
1B
100
AcDbEntity
 67
     1
  8
0
100
AcDbBlockEnd
  0
BLOCK
  5
75
330
74
100
AcDbEntity
  8
0
100
AcDbBlockBegin
  2
_ARCHTICK
 70
     0
 10
0.0
 20
0.0
 30
0.0
  3
_ARCHTICK
  1

  0
LWPOLYLINE
  5
77
330
74
100
AcDbEntity
  8
0
  6
ByBlock
 62
     0
100
AcDbPolyline
 90
        2
 70
     0
 43
0.15
 10
-0.5
 20
-0.5
 10
0.5
 20
0.5
  0
ENDBLK
  5
76
330
74
100
AcDbEntity
  8
0
100
AcDbBlockEnd
  0
BLOCK
  5
79
330
78
100
AcDbEntity
  8
0
100
AcDbBlockBegin
  2
_CLOSEDFILLED
 70
     0
 10
0.0
 20
0.0
 30
0.0
  3
_CLOSEDFILLED
  1

  0
SOLID
  5
7B
330
78
100
AcDbEntity
  8
0
  6
ByBlock
 62
     0
100
AcDbTrace
 10
-1.0
 20
0.1643989837240253
 30
0.0
 11
0.0
 21
0.0
 31
0.0
 12
-1.0
 22
-0.1643989837240253
 32
0.0
 13
-1.0
 23
-0.1643989837240253
 33
0.0
  0
ENDBLK
  5
7A
330
78
100
AcDbEntity
  8
0
100
AcDbBlockEnd
  0
BLOCK
  5
85
330
84
100
AcDbEntity
  8
0
100
AcDbBlockBegin
  2
_CLOSEDBLANK
 70
     0
 10
0.0
 20
0.0
 30
0.0
  3
_CLOSEDBLANK
  1

  0
LWPOLYLINE
  5
87
330
84
100
AcDbEntity
  8
0
  6
ByBlock
 62
     0
100
AcDbPolyline
 90
        3
 70
     1
 43
0.0
 10
-1.0
 20
0.1643989837240253
 10
0.0
 20
0.0
 10
-1.0
 20
-0.1643989837240253
  0
ENDBLK
  5
86
330
84
100
AcDbEntity
  8
0
100
AcDbBlockEnd
  0
ENDSEC
  0
SECTION
  2
ENTITIES
  0
LWPOLYLINE
  5
92
330
17
100
AcDbEntity
  8
ARCH-WALLS
100
AcDbPolyline
 90
        4
 70
     1
 43
0.0
 10
0.0
 20
0.0
 10
15000.0
 20
0.0
 10
15000.0
 20
10000.0
 10
0.0
 20
10000.0
  0
LINE
  5
93
330
17
100
AcDbEntity
  8
ARCH-WALLS
100
AcDbLine
 10
0.0
 20
1500.0
 30
0.0
 11
12500.0
 21
1500.0
 31
0.0
  0
LINE
  5
94
330
17
100
AcDbEntity
  8
ARCH-WALLS
100
AcDbLine
 10
12500.0
 20
0.0
 30
0.0
 11
12500.0
 21
1500.0
 31
0.0
  0
LWPOLYLINE
  5
95
330
17
100
AcDbEntity
  8
ARCH-WALLS
100
AcDbPolyline
 90
        4
 70
     1
 43
0.0
 10
0.0
 20
1500.0
 10
3000.0
 20
1500.0
 10
3000.0
 20
4500.0
 10
0.0
 20
4500.0
  0
TEXT
  5
96
330
17
100
AcDbEntity
  8
TEXT-MEP
100
AcDbText
 10
300.0
 20
2700.0
 30
0.0
 40
300.0
  1
OFFICE 1
100
AcDbText
  0
LWPOLYLINE
  5
97
330
17
100
AcDbEntity
  8
ARCH-WALLS
100
AcDbPolyline
 90
        4
 70
     1
 43
0.0
 10
0.0
 20
4500.0
 10
3000.0
 20
4500.0
 10
3000.0
 20
7500.0
 10
0.0
 20
7500.0
  0
TEXT
  5
98
330
17
100
AcDbEntity
  8
TEXT-MEP
100
AcDbText
 10
300.0
 20
5700.0
 30
0.0
 40
300.0
  1
OFFICE 2
100
AcDbText
  0
LWPOLYLINE
  5
99
330
17
100
AcDbEntity
  8
ARCH-WALLS
100
AcDbPolyline
 90
        4
 70
     1
 43
0.0
 10
6000.0
 20
1500.0
 10
8000.0
 20
1500.0
 10
8000.0
 20
3500.0
 10
6000.0
 20
3500.0
  0
TEXT
  5
9A
330
17
100
AcDbEntity
  8
TEXT-MEP
100
AcDbText
 10
6150.0
 20
2300.0
 30
0.0
 40
280.0
  1
WC
100
AcDbText
  0
LWPOLYLINE
  5
9B
330
17
100
AcDbEntity
  8
ARCH-WALLS
100
AcDbPolyline
 90
        4
 70
     1
 43
0.0
 10
11000.0
 20
1500.0
 10
15000.0
 20
1500.0
 10
15000.0
 20
4500.0
 10
11000.0
 20
4500.0
  0
TEXT
  5
9C
330
17
100
AcDbEntity
  8
TEXT-MEP
100
AcDbText
 10
11300.0
 20
2700.0
 30
0.0
 40
300.0
  1
MEETING ROOM
100
AcDbText
  0
TEXT
  5
9D
330
17
100
AcDbEntity
  8
TEXT-MEP
100
AcDbText
 10
4197.967769572424
 20
4338.148381689701
 30
0.0
 40
380.0
  1
OPEN PLAN OFFICE
100
AcDbText
  0
TEXT
  5
9E
330
17
100
AcDbEntity
  8
TEXT-MEP
100
AcDbText
 10
12650.0
 20
200.0
 30
0.0
 40
200.0
  1
MECH.ROOM
100
AcDbText
  0
TEXT
  5
9F
330
17
100
AcDbEntity
  8
TEXT-MEP
100
AcDbText
 10
0.0
 20
10500.0
 30
0.0
 40
550.0
  1
GROUND FLOOR PLAN
100
AcDbText
  0
LWPOLYLINE
  5
A0
330
17
100
AcDbEntity
  8
HVAC-EQUIP
100
AcDbPolyline
 90
        4
 70
     1
 43
0.0
 10
12533.90224356466
 20
43.0388910049005
 10
14533.90224356466
 20
43.0388910049005
 10
14533.90224356466
 20
743.0388910049004
 10
12533.90224356466
 20
743.0388910049004
  0
LINE
  5
A1
330
17
100
AcDbEntity
  8
HVAC-EQUIP
100
AcDbLine
 10
12533.90224356466
 20
43.0388910049005
 30
0.0
 11
14533.90224356466
 21
743.0388910049004
 31
0.0
  0
LINE
  5
A2
330
17
100
AcDbEntity
  8
HVAC-EQUIP
100
AcDbLine
 10
14533.90224356466
 20
43.0388910049005
 30
0.0
 11
12533.90224356466
 21
743.0388910049004
 31
0.0
  0
TEXT
  5
A3
330
17
100
AcDbEntity
  8
TEXT-MEP
100
AcDbText
 10
13077.77238041317
 20
-345.6139714043747
 30
0.0
 40
220.0
  1
AHU-1
100
AcDbText
  0
CIRCLE
  5
A4
330
17
100
AcDbEntity
  8
HVAC-RISER
100
AcDbCircle
 10
14287.2281323269
 20
1150.0
 30
0.0
 40
350.0
  0
LINE
  5
A5
330
17
100
AcDbEntity
  8
HVAC-RISER
100
AcDbLine
 10
14042.2281323269
 20
905.0
 30
0.0
 11
14532.2281323269
 21
1395.0
 31
0.0
  0
LINE
  5
A6
330
17
100
AcDbEntity
  8
HVAC-RISER
100
AcDbLine
 10
14042.2281323269
 20
1395.0
 30
0.0
 11
14532.2281323269
 21
905.0
 31
0.0
  0
TEXT
  5
A7
330
17
100
AcDbEntity
  8
TEXT-MEP
100
AcDbText
 10
14700.0
 20
1050.0
 30
0.0
 40
200.0
  1
RISER (SA+RA)
100
AcDbText
  0
LINE
  5
AB
330
17
100
AcDbEntity
  8
HVAC-SUPPLY
100
AcDbLine
 10
14200.0
 20
8700.0
 30
0.0
 11
1500.0
 21
8700.0
 31
0.0
  0
LWPOLYLINE
  5
AC
330
17
100
AcDbEntity
  8
HVAC-SUPPLY
100
AcDbPolyline
 90
        3
 70
     1
 43
0.0
 10
7850.0
 20
8410.0
 10
7850.0
 20
8590.0
 10
7670.0
 20
8500.0
  0
TEXT
  5
AD
330
17
100
AcDbEntity
  8
TEXT-MEP
100
AcDbText
 10
8830.007306792264
 20
9418.9042476182
 30
0.0
 40
200.0
  1
400x400 SA
100
AcDbText
  0
LINE
  5
AE
330
17
100
AcDbEntity
  8
HVAC-SUPPLY
100
AcDbLine
 10
12900.0
 20
8300.0
 30
0.0
 11
12900.0
 21
3000.0
 31
0.0
  0
LINE
  5
AF
330
17
100
AcDbEntity
  8
HVAC-SUPPLY
100
AcDbLine
 10
13100.0
 20
8300.0
 30
0.0
 11
13100.0
 21
3000.0
 31
0.0
  0
LWPOLYLINE
  5
B0
330
17
100
AcDbEntity
  8
HVAC-SUPPLY
100
AcDbPolyline
 90
        3
 70
     1
 43
0.0
 10
12925.0
 20
5750.0
 10
13075.0
 20
5750.0
 10
13000.0
 20
5600.0
  0
LWPOLYLINE
  5
B1
330
17
100
AcDbEntity
  8
HVAC-SUPPLY
100
AcDbPolyline
 90
        4
 70
     1
 43
0.0
 10
12700.0
 20
2700.0
 10
13300.0
 20
2700.0
 10
13300.0
 20
3300.0
 10
12700.0
 20
3300.0
  0
LINE
  5
B2
330
17
100
AcDbEntity
  8
HVAC-SUPPLY
100
AcDbLine
 10
12700.0
 20
2700.0
 30
0.0
 11
13300.0
 21
3300.0
 31
0.0
  0
LINE
  5
B3
330
17
100
AcDbEntity
  8
HVAC-SUPPLY
100
AcDbLine
 10
13300.0
 20
2700.0
 30
0.0
 11
12700.0
 21
3300.0
 31
0.0
  0
LINE
  5
B4
330
17
100
AcDbEntity
  8
HVAC-SUPPLY
100
AcDbLine
 10
9400.0
 20
8300.0
 30
0.0
 11
9400.0
 21
6000.0
 31
0.0
  0
LINE
  5
B5
330
17
100
AcDbEntity
  8
HVAC-SUPPLY
100
AcDbLine
 10
9600.0
 20
8300.0
 30
0.0
 11
9600.0
 21
6000.0
 31
0.0
  0
LWPOLYLINE
  5
B6
330
17
100
AcDbEntity
  8
HVAC-SUPPLY
100
AcDbPolyline
 90
        3
 70
     1
 43
0.0
 10
9425.0
 20
7250.0
 10
9575.0
 20
7250.0
 10
9500.0
 20
7100.0
  0
LWPOLYLINE
  5
B7
330
17
100
AcDbEntity
  8
HVAC-SUPPLY
100
AcDbPolyline
 90
        4
 70
     1
 43
0.0
 10
9200.0
 20
5700.0
 10
9800.0
 20
5700.0
 10
9800.0
 20
6300.0
 10
9200.0
 20
6300.0
  0
LINE
  5
B8
330
17
100
AcDbEntity
  8
HVAC-SUPPLY
100
AcDbLine
 10
9200.0
 20
5700.0
 30
0.0
 11
9800.0
 21
6300.0
 31
0.0
  0
LINE
  5
B9
330
17
100
AcDbEntity
  8
HVAC-SUPPLY
100
AcDbLine
 10
9800.0
 20
5700.0
 30
0.0
 11
9200.0
 21
6300.0
 31
0.0
  0
LINE
  5
BA
330
17
100
AcDbEntity
  8
HVAC-SUPPLY
100
AcDbLine
 10
6900.0
 20
8300.0
 30
0.0
 11
6900.0
 21
6000.0
 31
0.0
  0
LINE
  5
BB
330
17
100
AcDbEntity
  8
HVAC-SUPPLY
100
AcDbLine
 10
7100.0
 20
8300.0
 30
0.0
 11
7100.0
 21
6000.0
 31
0.0
  0
LWPOLYLINE
  5
BC
330
17
100
AcDbEntity
  8
HVAC-SUPPLY
100
AcDbPolyline
 90
        3
 70
     1
 43
0.0
 10
6925.0
 20
7250.0
 10
7075.0
 20
7250.0
 10
7000.0
 20
7100.0
  0
LWPOLYLINE
  5
BD
330
17
100
AcDbEntity
  8
HVAC-SUPPLY
100
AcDbPolyline
 90
        4
 70
     1
 43
0.0
 10
6700.0
 20
5700.0
 10
7300.0
 20
5700.0
 10
7300.0
 20
6300.0
 10
6700.0
 20
6300.0
  0
LINE
  5
BE
330
17
100
AcDbEntity
  8
HVAC-SUPPLY
100
AcDbLine
 10
6700.0
 20
5700.0
 30
0.0
 11
7300.0
 21
6300.0
 31
0.0
  0
LINE
  5
BF
330
17
100
AcDbEntity
  8
HVAC-SUPPLY
100
AcDbLine
 10
7300.0
 20
5700.0
 30
0.0
 11
6700.0
 21
6300.0
 31
0.0
  0
LINE
  5
C0
330
17
100
AcDbEntity
  8
HVAC-SUPPLY
100
AcDbLine
 10
4400.0
 20
8300.0
 30
0.0
 11
4400.0
 21
6000.0
 31
0.0
  0
LINE
  5
C1
330
17
100
AcDbEntity
  8
HVAC-SUPPLY
100
AcDbLine
 10
4600.0
 20
8300.0
 30
0.0
 11
4600.0
 21
6000.0
 31
0.0
  0
LWPOLYLINE
  5
C2
330
17
100
AcDbEntity
  8
HVAC-SUPPLY
100
AcDbPolyline
 90
        3
 70
     1
 43
0.0
 10
4425.0
 20
7250.0
 10
4575.0
 20
7250.0
 10
4500.0
 20
7100.0
  0
LWPOLYLINE
  5
C3
330
17
100
AcDbEntity
  8
HVAC-SUPPLY
100
AcDbPolyline
 90
        4
 70
     1
 43
0.0
 10
4200.0
 20
5700.0
 10
4800.0
 20
5700.0
 10
4800.0
 20
6300.0
 10
4200.0
 20
6300.0
  0
LINE
  5
C4
330
17
100
AcDbEntity
  8
HVAC-SUPPLY
100
AcDbLine
 10
4200.0
 20
5700.0
 30
0.0
 11
4800.0
 21
6300.0
 31
0.0
  0
LINE
  5
C5
330
17
100
AcDbEntity
  8
HVAC-SUPPLY
100
AcDbLine
 10
4800.0
 20
5700.0
 30
0.0
 11
4200.0
 21
6300.0
 31
0.0
  0
LINE
  5
C6
330
17
100
AcDbEntity
  8
HVAC-SUPPLY
100
AcDbLine
 10
1400.0
 20
8500.0
 30
0.0
 11
1400.0
 21
3000.0
 31
0.0
  0
LWPOLYLINE
  5
C8
330
17
100
AcDbEntity
  8
HVAC-SUPPLY
100
AcDbPolyline
 90
        4
 70
     1
 43
0.0
 10
1200.0
 20
5700.0
 10
1800.0
 20
5700.0
 10
1800.0
 20
6300.0
 10
1200.0
 20
6300.0
  0
LINE
  5
C9
330
17
100
AcDbEntity
  8
HVAC-SUPPLY
100
AcDbLine
 10
1200.0
 20
5700.0
 30
0.0
 11
1800.0
 21
6300.0
 31
0.0
  0
LINE
  5
CA
330
17
100
AcDbEntity
  8
HVAC-SUPPLY
100
AcDbLine
 10
1800.0
 20
5700.0
 30
0.0
 11
1200.0
 21
6300.0
 31
0.0
  0
LWPOLYLINE
  5
CB
330
17
100
AcDbEntity
  8
HVAC-SUPPLY
100
AcDbPolyline
 90
        4
 70
     1
 43
0.0
 10
1200.0
 20
2700.0
 10
1800.0
 20
2700.0
 10
1800.0
 20
3300.0
 10
1200.0
 20
3300.0
  0
LINE
  5
CC
330
17
100
AcDbEntity
  8
HVAC-SUPPLY
100
AcDbLine
 10
1200.0
 20
2700.0
 30
0.0
 11
1800.0
 21
3300.0
 31
0.0
  0
LINE
  5
CD
330
17
100
AcDbEntity
  8
HVAC-SUPPLY
100
AcDbLine
 10
1800.0
 20
2700.0
 30
0.0
 11
1200.0
 21
3300.0
 31
0.0
  0
LWPOLYLINE
  5
CE
330
17
100
AcDbEntity
  8
HVAC-SUPPLY
100
AcDbPolyline
 90
        3
 70
     1
 43
0.0
 10
1425.0
 20
4500.0
 10
1575.0
 20
4500.0
 10
1500.0
 20
4350.0
  0
TEXT
  5
CF
330
17
100
AcDbEntity
  8
TEXT-MEP
100
AcDbText
 10
5200.0
 20
7800.0
 30
0.0
 40
180.0
  1
200x200 SA (typ. branch)
100
AcDbText
  0
TEXT
  5
D4
330
17
100
AcDbEntity
  8
TEXT-MEP
100
AcDbText
 10
9016.977500339541
 20
8388.850481492674
 30
0.0
 40
200.0
  1
500x300 RA
100
AcDbText
  0
LINE
  5
D8
330
17
100
AcDbEntity
  8
HVAC-RETURN
100
AcDbLine
 10
7000.0
 20
9675.0
 30
0.0
 11
12900.0
 21
9675.0
 31
0.0
  0
LINE
  5
DA
330
17
100
AcDbEntity
  8
HVAC-RETURN
100
AcDbLine
 10
13075.0
 20
9500.0
 30
0.0
 11
13075.0
 21
900.0
 31
0.0
  0
LWPOLYLINE
  5
DB
330
17
100
AcDbEntity
  8
HVAC-RETURN
100
AcDbPolyline
 90
        3
 70
     1
 43
0.0
 10
12810.0
 20
5025.0
 10
12990.0
 20
5025.0
 10
12900.0
 20
4845.0
  0
LWPOLYLINE
  5
DC
330
17
100
AcDbEntity
  8
ARCH-WALLS
100
AcDbPolyline
 90
        4
 70
     1
 43
0.0
 10
20000.0
 20
0.0
 10
35000.0
 20
0.0
 10
35000.0
 20
10000.0
 10
20000.0
 20
10000.0
  0
LINE
  5
DD
330
17
100
AcDbEntity
  8
ARCH-WALLS
100
AcDbLine
 10
20000.0
 20
1500.0
 30
0.0
 11
35000.0
 21
1500.0
 31
0.0
  0
LWPOLYLINE
  5
DE
330
17
100
AcDbEntity
  8
ARCH-WALLS
100
AcDbPolyline
 90
        4
 70
     1
 43
0.0
 10
20000.0
 20
1500.0
 10
23000.0
 20
1500.0
 10
23000.0
 20
4500.0
 10
20000.0
 20
4500.0
  0
TEXT
  5
DF
330
17
100
AcDbEntity
  8
TEXT-MEP
100
AcDbText
 10
20300.0
 20
2700.0
 30
0.0
 40
300.0
  1
OFFICE 1
100
AcDbText
  0
LWPOLYLINE
  5
E0
330
17
100
AcDbEntity
  8
ARCH-WALLS
100
AcDbPolyline
 90
        4
 70
     1
 43
0.0
 10
20000.0
 20
4500.0
 10
23000.0
 20
4500.0
 10
23000.0
 20
7500.0
 10
20000.0
 20
7500.0
  0
TEXT
  5
E1
330
17
100
AcDbEntity
  8
TEXT-MEP
100
AcDbText
 10
20300.0
 20
5700.0
 30
0.0
 40
300.0
  1
OFFICE 2
100
AcDbText
  0
LWPOLYLINE
  5
E2
330
17
100
AcDbEntity
  8
ARCH-WALLS
100
AcDbPolyline
 90
        4
 70
     1
 43
0.0
 10
26000.0
 20
1500.0
 10
28000.0
 20
1500.0
 10
28000.0
 20
3500.0
 10
26000.0
 20
3500.0
  0
TEXT
  5
E3
330
17
100
AcDbEntity
  8
TEXT-MEP
100
AcDbText
 10
26150.0
 20
2300.0
 30
0.0
 40
280.0
  1
WC
100
AcDbText
  0
LWPOLYLINE
  5
E4
330
17
100
AcDbEntity
  8
ARCH-WALLS
100
AcDbPolyline
 90
        4
 70
     1
 43
0.0
 10
31000.0
 20
1500.0
 10
35000.0
 20
1500.0
 10
35000.0
 20
4500.0
 10
31000.0
 20
4500.0
  0
TEXT
  5
E5
330
17
100
AcDbEntity
  8
TEXT-MEP
100
AcDbText
 10
31300.0
 20
2700.0
 30
0.0
 40
300.0
  1
MEETING ROOM
100
AcDbText
  0
TEXT
  5
E6
330
17
100
AcDbEntity
  8
TEXT-MEP
100
AcDbText
 10
24371.04195885916
 20
4574.804584728364
 30
0.0
 40
380.0
  1
OPEN PLAN OFFICE
100
AcDbText
  0
TEXT
  5
E7
330
17
100
AcDbEntity
  8
TEXT-MEP
100
AcDbText
 10
20000.0
 20
10500.0
 30
0.0
 40
550.0
  1
FIRST FLOOR PLAN
100
AcDbText
  0
CIRCLE
  5
E8
330
17
100
AcDbEntity
  8
HVAC-RISER
100
AcDbCircle
 10
34282.230188408
 20
982.9678878844424
 30
0.0
 40
350.0
  0
LINE
  5
E9
330
17
100
AcDbEntity
  8
HVAC-RISER
100
AcDbLine
 10
34037.23018840799
 20
737.9678878844424
 30
0.0
 11
34527.23018840799
 21
1227.967887884442
 31
0.0
  0
LINE
  5
EA
330
17
100
AcDbEntity
  8
HVAC-RISER
100
AcDbLine
 10
34037.23018840799
 20
1227.967887884442
 30
0.0
 11
34527.23018840799
 21
737.9678878844424
 31
0.0
  0
TEXT
  5
EB
330
17
100
AcDbEntity
  8
TEXT-MEP
100
AcDbText
 10
34700.0
 20
1050.0
 30
0.0
 40
200.0
  1
FROM RISER
100
AcDbText
  0
LINE
  5
EC
330
17
100
AcDbEntity
  8
HVAC-SUPPLY
100
AcDbLine
 10
34000.0
 20
1189.960933060333
 30
0.0
 11
34000.0
 21
8300.0
 31
0.0
  0
LINE
  5
ED
330
17
100
AcDbEntity
  8
HVAC-SUPPLY
100
AcDbLine
 10
34400.0
 20
1312.558954932055
 30
0.0
 11
34400.0
 21
8500.0
 31
0.0
  0
LINE
  5
EE
330
17
100
AcDbEntity
  8
HVAC-SUPPLY
100
AcDbLine
 10
34000.0
 20
8300.0
 30
0.0
 11
21600.0
 21
8300.0
 31
0.0
  0
LINE
  5
EF
330
17
100
AcDbEntity
  8
HVAC-SUPPLY
100
AcDbLine
 10
34200.0
 20
8700.0
 30
0.0
 11
21500.0
 21
8700.0
 31
0.0
  0
LWPOLYLINE
  5
F0
330
17
100
AcDbEntity
  8
HVAC-SUPPLY
100
AcDbPolyline
 90
        3
 70
     1
 43
0.0
 10
27850.0
 20
8410.0
 10
27850.0
 20
8590.0
 10
27670.0
 20
8500.0
  0
TEXT
  5
F1
330
17
100
AcDbEntity
  8
TEXT-MEP
100
AcDbText
 10
29694.78540199666
 20
9401.967467299632
 30
0.0
 40
200.0
  1
400x400 SA
100
AcDbText
  0
LINE
  5
F2
330
17
100
AcDbEntity
  8
HVAC-SUPPLY
100
AcDbLine
 10
32900.0
 20
8300.0
 30
0.0
 11
32900.0
 21
4500.0
 31
0.0
  0
LINE
  5
F3
330
17
100
AcDbEntity
  8
HVAC-SUPPLY
100
AcDbLine
 10
33100.0
 20
8300.0
 30
0.0
 11
33100.0
 21
4500.0
 31
0.0
  0
LWPOLYLINE
  5
F4
330
17
100
AcDbEntity
  8
HVAC-SUPPLY
100
AcDbPolyline
 90
        3
 70
     1
 43
0.0
 10
32925.0
 20
5750.0
 10
33075.0
 20
5750.0
 10
33000.0
 20
5600.0
  0
LWPOLYLINE
  5
F5
330
17
100
AcDbEntity
  8
HVAC-SUPPLY
100
AcDbPolyline
 90
        4
 70
     1
 43
0.0
 10
32701.87451677287
 20
3640.224371666766
 10
33301.87451677286
 20
3640.224371666766
 10
33301.87451677286
 20
4240.224371666765
 10
32701.87451677287
 20
4240.224371666765
  0
LINE
  5
F6
330
17
100
AcDbEntity
  8
HVAC-SUPPLY
100
AcDbLine
 10
32701.87451677287
 20
3640.224371666766
 30
0.0
 11
33301.87451677286
 21
4240.224371666765
 31
0.0
  0
LINE
  5
F7
330
17
100
AcDbEntity
  8
HVAC-SUPPLY
100
AcDbLine
 10
33301.87451677286
 20
3640.224371666766
 30
0.0
 11
32701.87451677287
 21
4240.224371666765
 31
0.0
  0
LINE
  5
F8
330
17
100
AcDbEntity
  8
HVAC-SUPPLY
100
AcDbLine
 10
29400.0
 20
8300.0
 30
0.0
 11
29400.0
 21
6300.0
 31
0.0
  0
LINE
  5
F9
330
17
100
AcDbEntity
  8
HVAC-SUPPLY
100
AcDbLine
 10
29600.0
 20
8300.0
 30
0.0
 11
29600.0
 21
6300.0
 31
0.0
  0
LWPOLYLINE
  5
FA
330
17
100
AcDbEntity
  8
HVAC-SUPPLY
100
AcDbPolyline
 90
        3
 70
     1
 43
0.0
 10
29425.0
 20
7250.0
 10
29575.0
 20
7250.0
 10
29500.0
 20
7100.0
  0
LWPOLYLINE
  5
FB
330
17
100
AcDbEntity
  8
HVAC-SUPPLY
100
AcDbPolyline
 90
        4
 70
     1
 43
0.0
 10
29200.0
 20
5700.0
 10
29800.0
 20
5700.0
 10
29800.0
 20
6300.0
 10
29200.0
 20
6300.0
  0
LINE
  5
FC
330
17
100
AcDbEntity
  8
HVAC-SUPPLY
100
AcDbLine
 10
29200.0
 20
5700.0
 30
0.0
 11
29800.0
 21
6300.0
 31
0.0
  0
LINE
  5
FD
330
17
100
AcDbEntity
  8
HVAC-SUPPLY
100
AcDbLine
 10
29800.0
 20
5700.0
 30
0.0
 11
29200.0
 21
6300.0
 31
0.0
  0
LINE
  5
FE
330
17
100
AcDbEntity
  8
HVAC-SUPPLY
100
AcDbLine
 10
26900.0
 20
8300.0
 30
0.0
 11
26900.0
 21
6300.0
 31
0.0
  0
LINE
  5
FF
330
17
100
AcDbEntity
  8
HVAC-SUPPLY
100
AcDbLine
 10
27100.0
 20
8300.0
 30
0.0
 11
27100.0
 21
6300.0
 31
0.0
  0
LWPOLYLINE
  5
100
330
17
100
AcDbEntity
  8
HVAC-SUPPLY
100
AcDbPolyline
 90
        3
 70
     1
 43
0.0
 10
26925.0
 20
7250.0
 10
27075.0
 20
7250.0
 10
27000.0
 20
7100.0
  0
LWPOLYLINE
  5
101
330
17
100
AcDbEntity
  8
HVAC-SUPPLY
100
AcDbPolyline
 90
        4
 70
     1
 43
0.0
 10
26700.0
 20
5700.0
 10
27300.0
 20
5700.0
 10
27300.0
 20
6300.0
 10
26700.0
 20
6300.0
  0
LINE
  5
102
330
17
100
AcDbEntity
  8
HVAC-SUPPLY
100
AcDbLine
 10
26700.0
 20
5700.0
 30
0.0
 11
27300.0
 21
6300.0
 31
0.0
  0
LINE
  5
103
330
17
100
AcDbEntity
  8
HVAC-SUPPLY
100
AcDbLine
 10
27300.0
 20
5700.0
 30
0.0
 11
26700.0
 21
6300.0
 31
0.0
  0
LINE
  5
104
330
17
100
AcDbEntity
  8
HVAC-SUPPLY
100
AcDbLine
 10
24400.0
 20
8300.0
 30
0.0
 11
24400.0
 21
6300.0
 31
0.0
  0
LINE
  5
105
330
17
100
AcDbEntity
  8
HVAC-SUPPLY
100
AcDbLine
 10
24600.0
 20
8300.0
 30
0.0
 11
24600.0
 21
6300.0
 31
0.0
  0
LWPOLYLINE
  5
106
330
17
100
AcDbEntity
  8
HVAC-SUPPLY
100
AcDbPolyline
 90
        3
 70
     1
 43
0.0
 10
24425.0
 20
7250.0
 10
24575.0
 20
7250.0
 10
24500.0
 20
7100.0
  0
LWPOLYLINE
  5
107
330
17
100
AcDbEntity
  8
HVAC-SUPPLY
100
AcDbPolyline
 90
        4
 70
     1
 43
0.0
 10
24200.0
 20
5700.0
 10
24800.0
 20
5700.0
 10
24800.0
 20
6300.0
 10
24200.0
 20
6300.0
  0
LINE
  5
108
330
17
100
AcDbEntity
  8
HVAC-SUPPLY
100
AcDbLine
 10
24200.0
 20
5700.0
 30
0.0
 11
24800.0
 21
6300.0
 31
0.0
  0
LINE
  5
109
330
17
100
AcDbEntity
  8
HVAC-SUPPLY
100
AcDbLine
 10
24800.0
 20
5700.0
 30
0.0
 11
24200.0
 21
6300.0
 31
0.0
  0
LINE
  5
10A
330
17
100
AcDbEntity
  8
HVAC-SUPPLY
100
AcDbLine
 10
21400.0
 20
8500.0
 30
0.0
 11
21400.0
 21
3000.0
 31
0.0
  0
LINE
  5
10B
330
17
100
AcDbEntity
  8
HVAC-SUPPLY
100
AcDbLine
 10
21600.0
 20
8300.0
 30
0.0
 11
21600.0
 21
3000.0
 31
0.0
  0
LWPOLYLINE
  5
10C
330
17
100
AcDbEntity
  8
HVAC-SUPPLY
100
AcDbPolyline
 90
        4
 70
     1
 43
0.0
 10
21200.0
 20
5700.0
 10
21800.0
 20
5700.0
 10
21800.0
 20
6300.0
 10
21200.0
 20
6300.0
  0
LINE
  5
10D
330
17
100
AcDbEntity
  8
HVAC-SUPPLY
100
AcDbLine
 10
21200.0
 20
5700.0
 30
0.0
 11
21800.0
 21
6300.0
 31
0.0
  0
LINE
  5
10E
330
17
100
AcDbEntity
  8
HVAC-SUPPLY
100
AcDbLine
 10
21800.0
 20
5700.0
 30
0.0
 11
21200.0
 21
6300.0
 31
0.0
  0
LWPOLYLINE
  5
10F
330
17
100
AcDbEntity
  8
HVAC-SUPPLY
100
AcDbPolyline
 90
        4
 70
     1
 43
0.0
 10
21200.0
 20
2700.0
 10
21800.0
 20
2700.0
 10
21800.0
 20
3300.0
 10
21200.0
 20
3300.0
  0
LINE
  5
110
330
17
100
AcDbEntity
  8
HVAC-SUPPLY
100
AcDbLine
 10
21200.0
 20
2700.0
 30
0.0
 11
21800.0
 21
3300.0
 31
0.0
  0
LINE
  5
111
330
17
100
AcDbEntity
  8
HVAC-SUPPLY
100
AcDbLine
 10
21800.0
 20
2700.0
 30
0.0
 11
21200.0
 21
3300.0
 31
0.0
  0
LWPOLYLINE
  5
112
330
17
100
AcDbEntity
  8
HVAC-SUPPLY
100
AcDbPolyline
 90
        3
 70
     1
 43
0.0
 10
21425.0
 20
4500.0
 10
21575.0
 20
4500.0
 10
21500.0
 20
4350.0
  0
TEXT
  5
113
330
17
100
AcDbEntity
  8
TEXT-MEP
100
AcDbText
 10
25200.0
 20
7800.0
 30
0.0
 40
180.0
  1
200x200 SA (typ. branch)
100
AcDbText
  0
LWPOLYLINE
  5
114
330
17
100
AcDbEntity
  8
HVAC-RETURN
100
AcDbPolyline
 90
        4
 70
     1
 43
0.0
 10
26296.65755223043
 20
9127.164159170039
 10
26996.65755223044
 20
9127.164159170039
 10
26996.65755223044
 20
9827.164159170038
 10
26296.65755223043
 20
9827.164159170038
  0
TEXT
  5
118
330
17
100
AcDbEntity
  8
TEXT-MEP
100
AcDbText
 10
30338.86629992107
 20
8395.06347435066
 30
0.0
 40
200.0
  1
500x300 RA
100
AcDbText
  0
LINE
  5
11B
330
17
100
AcDbEntity
  8
HVAC-RETURN
100
AcDbLine
 10
27000.0
 20
9325.0
 30
0.0
 11
34224.99999999999
 21
9325.0
 31
0.0
  0
LINE
  5
11C
330
17
100
AcDbEntity
  8
HVAC-RETURN
100
AcDbLine
 10
27000.0
 20
9675.0
 30
0.0
 11
34400.0
 21
9675.0
 31
0.0
  0
LINE
  5
11D
330
17
100
AcDbEntity
  8
HVAC-RETURN
100
AcDbLine
 10
34225.0
 20
9325.0
 30
0.0
 11
34225.0
 21
1328.257194893486
 31
0.0
  0
LINE
  5
11E
330
17
100
AcDbEntity
  8
HVAC-RETURN
100
AcDbLine
 10
34575.0
 20
9500.0
 30
0.0
 11
34575.0
 21
1174.764231489787
 31
0.0
  0
LWPOLYLINE
  5
11F
330
17
100
AcDbEntity
  8
HVAC-RETURN
100
AcDbPolyline
 90
        3
 70
     1
 43
0.0
 10
34310.0
 20
5325.0
 10
34490.0
 20
5325.0
 10
34400.0
 20
5145.0
  0
TEXT
  5
120
330
17
100
AcDbEntity
  8
TEXT-MEP
100
AcDbText
 10
40794.54082556744
 20
7970.637840843425
 30
0.0
 40
400.0
  1
RISER DIAGRAM (SCHEMATIC - NTS)
100
AcDbText
  0
LINE
  5
121
330
17
100
AcDbEntity
  8
ARCH-WALLS
100
AcDbLine
 10
39800.0
 20
0.0
 30
0.0
 11
43200.0
 21
0.0
 31
0.0
  0
LINE
  5
122
330
17
100
AcDbEntity
  8
ARCH-WALLS
100
AcDbLine
 10
39800.0
 20
6000.0
 30
0.0
 11
43200.0
 21
6000.0
 31
0.0
  0
TEXT
  5
123
330
17
100
AcDbEntity
  8
TEXT-MEP
100
AcDbText
 10
37838.48703847258
 20
91.26134905149957
 30
0.0
 40
250.0
  1
GROUND FLOOR
100
AcDbText
  0
TEXT
  5
124
330
17
100
AcDbEntity
  8
TEXT-MEP
100
AcDbText
 10
38407.5893370214
 20
6072.547751709397
 30
0.0
 40
250.0
  1
FIRST FLOOR
100
AcDbText
  0
LINE
  5
125
330
17
100
AcDbEntity
  8
HVAC-SUPPLY
100
AcDbLine
 10
41625.0
 20
300.0
 30
0.0
 11
41625.0
 21
6300.0
 31
0.0
  0
LINE
  5
126
330
17
100
AcDbEntity
  8
HVAC-SUPPLY
100
AcDbLine
 10
41975.0
 20
300.0
 30
0.0
 11
41975.0
 21
6125.0
 31
0.0
  0
LINE
  5
127
330
17
100
AcDbEntity
  8
HVAC-RETURN
100
AcDbLine
 10
42250.0
 20
300.0
 30
0.0
 11
42250.0
 21
6300.0
 31
0.0
  0
LINE
  5
128
330
17
100
AcDbEntity
  8
HVAC-RETURN
100
AcDbLine
 10
42550.0
 20
300.0
 30
0.0
 11
42550.0
 21
6300.0
 31
0.0
  0
LWPOLYLINE
  5
129
330
17
100
AcDbEntity
  8
HVAC-SUPPLY
100
AcDbPolyline
 90
        3
 70
     1
 43
0.0
 10
41710.0
 20
3300.0
 10
41890.0
 20
3300.0
 10
41800.0
 20
3480.0
  0
LWPOLYLINE
  5
12A
330
17
100
AcDbEntity
  8
HVAC-RETURN
100
AcDbPolyline
 90
        3
 70
     1
 43
0.0
 10
42310.0
 20
3300.0
 10
42490.0
 20
3300.0
 10
42400.0
 20
3120.0
  0
TEXT
  5
12B
330
17
100
AcDbEntity
  8
TEXT-MEP
100
AcDbText
 10
42650.0
 20
3000.0
 30
0.0
 40
180.0
  1
400x400 SARISER
100
AcDbText
  0
TEXT
  5
12C
330
17
100
AcDbEntity
  8
TEXT-MEP
100
AcDbText
 10
39450.0
 20
2700.0
 30
0.0
 40
180.0
  1
300Ø RARISER
100
AcDbText
  0
LWPOLYLINE
  5
12D
330
17
100
AcDbEntity
  8
HVAC-EQUIP
100
AcDbPolyline
 90
        4
 70
     1
 43
0.0
 10
41510.98374622795
 20
-1001.620741713901
 10
42710.98374622795
 20
-1001.620741713901
 10
42710.98374622795
 20
-401.6207417139012
 10
41510.98374622795
 20
-401.6207417139012
  0
LINE
  5
12E
330
17
100
AcDbEntity
  8
HVAC-EQUIP
100
AcDbLine
 10
41510.98374622795
 20
-1001.620741713901
 30
0.0
 11
42710.98374622795
 21
-401.6207417139012
 31
0.0
  0
LINE
  5
12F
330
17
100
AcDbEntity
  8
HVAC-EQUIP
100
AcDbLine
 10
42710.98374622795
 20
-1001.620741713901
 30
0.0
 11
41510.98374622795
 21
-401.6207417139012
 31
0.0
  0
TEXT
  5
130
330
17
100
AcDbEntity
  8
TEXT-MEP
100
AcDbText
 10
38890.75522550897
 20
-424.8635488654108
 30
0.0
 40
220.0
  1
AHU-1
100
AcDbText
  0
LINE
  5
133
330
17
100
AcDbEntity
  8
HVAC-SUPPLY
100
AcDbLine
 10
41625.0
 20
-400.0
 30
0.0
 11
41625.0
 21
300.0
 31
0.0
  0
LINE
  5
134
330
17
100
AcDbEntity
  8
HVAC-SUPPLY
100
AcDbLine
 10
41975.0
 20
-400.0
 30
0.0
 11
41975.0
 21
300.0
 31
0.0
  0
LINE
  5
135
330
17
100
AcDbEntity
  8
HVAC-RETURN
100
AcDbLine
 10
42250.0
 20
300.0
 30
0.0
 11
42250.0
 21
-400.0
 31
0.0
  0
LINE
  5
136
330
17
100
AcDbEntity
  8
HVAC-RETURN
100
AcDbLine
 10
42550.0
 20
300.0
 30
0.0
 11
42550.0
 21
-400.0
 31
0.0
  0
LINE
  5
139
330
17
100
AcDbEntity
  8
HVAC-SUPPLY
100
AcDbLine
 10
41975.0
 20
6125.0
 30
0.0
 11
43000.0
 21
6125.0
 31
0.0
  0
LINE
  5
13A
330
17
100
AcDbEntity
  8
HVAC-SUPPLY
100
AcDbLine
 10
41800.0
 20
6475.0
 30
0.0
 11
43000.0
 21
6475.0
 31
0.0
  0
LINE
  5
13B
330
17
100
AcDbEntity
  8
HVAC-RETURN
100
AcDbLine
 10
43000.0
 20
6750.0
 30
0.0
 11
42550.0
 21
6750.0
 31
0.0
  0
LINE
  5
13C
330
17
100
AcDbEntity
  8
HVAC-RETURN
100
AcDbLine
 10
43000.0
 20
7050.0
 30
0.0
 11
42400.0
 21
7050.0
 31
0.0
  0
LINE
  5
13D
330
17
100
AcDbEntity
  8
HVAC-RETURN
100
AcDbLine
 10
42250.0
 20
6900.0
 30
0.0
 11
42250.0
 21
6300.0
 31
0.0
  0
LINE
  5
13E
330
17
100
AcDbEntity
  8
HVAC-RETURN
100
AcDbLine
 10
42550.0
 20
6750.0
 30
0.0
 11
42550.0
 21
6300.0
 31
0.0
  0
TEXT
  5
13F
330
17
100
AcDbEntity
  8
TEXT-MEP
100
AcDbText
 10
43635.75250513155
 20
6140.191006837588
 30
0.0
 40
180.0
  1
TO 1F TRUNK
100
AcDbText
  0
TEXT
  5
140
330
17
100
AcDbEntity
  8
TEXT-MEP
100
AcDbText
 10
42811.1016516086
 20
117.8134434556777
 30
0.0
 40
180.0
  1
FLOOR-TO-FLOOR HEIGHT: 4000 (TYP)
100
AcDbText
  0
TEXT
  5
141
330
17
100
AcDbEntity
  8
TEXT-MEP
100
AcDbText
 10
0.0
 20
-4200.0
 30
0.0
 40
400.0
  1
EQUIPMENT SCHEDULE
100
AcDbText
  0
LWPOLYLINE
  5
142
330
17
100
AcDbEntity
  8
ARCH-WALLS
100
AcDbPolyline
 90
        4
 70
     1
 43
0.0
 10
0.0
 20
-7700.0
 10
15000.0
 20
-7700.0
 10
15000.0
 20
-4200.0
 10
0.0
 20
-4200.0
  0
LINE
  5
143
330
17
100
AcDbEntity
  8
ARCH-WALLS
100
AcDbLine
 10
0.0
 20
-4700.0
 30
0.0
 11
15000.0
 21
-4700.0
 31
0.0
  0
LINE
  5
144
330
17
100
AcDbEntity
  8
ARCH-WALLS
100
AcDbLine
 10
0.0
 20
-5200.0
 30
0.0
 11
15000.0
 21
-5200.0
 31
0.0
  0
LINE
  5
145
330
17
100
AcDbEntity
  8
ARCH-WALLS
100
AcDbLine
 10
0.0
 20
-5700.0
 30
0.0
 11
15000.0
 21
-5700.0
 31
0.0
  0
LINE
  5
146
330
17
100
AcDbEntity
  8
ARCH-WALLS
100
AcDbLine
 10
0.0
 20
-6200.0
 30
0.0
 11
15000.0
 21
-6200.0
 31
0.0
  0
LINE
  5
147
330
17
100
AcDbEntity
  8
ARCH-WALLS
100
AcDbLine
 10
0.0
 20
-6700.0
 30
0.0
 11
15000.0
 21
-6700.0
 31
0.0
  0
LINE
  5
148
330
17
100
AcDbEntity
  8
ARCH-WALLS
100
AcDbLine
 10
0.0
 20
-7200.0
 30
0.0
 11
15000.0
 21
-7200.0
 31
0.0
  0
LINE
  5
149
330
17
100
AcDbEntity
  8
ARCH-WALLS
100
AcDbLine
 10
2200.0
 20
-7700.0
 30
0.0
 11
2200.0
 21
-4200.0
 31
0.0
  0
LINE
  5
14A
330
17
100
AcDbEntity
  8
ARCH-WALLS
100
AcDbLine
 10
7200.0
 20
-7700.0
 30
0.0
 11
7200.0
 21
-4200.0
 31
0.0
  0
TEXT
  5
14C
330
17
100
AcDbEntity
  8
TEXT-MEP
100
AcDbText
 10
100.0
 20
-4550.0
 30
0.0
 40
220.0
  1
TAG
100
AcDbText
  0
TEXT
  5
14D
330
17
100
AcDbEntity
  8
TEXT-MEP
100
AcDbText
 10
2300.0
 20
-4550.0
 30
0.0
 40
220.0
  1
DESCRIPTION
100
AcDbText
  0
TEXT
  5
14E
330
17
100
AcDbEntity
  8
TEXT-MEP
100
AcDbText
 10
7300.0
 20
-4550.0
 30
0.0
 40
220.0
  1
SIZE / CAPACITY
100
AcDbText
  0
TEXT
  5
14F
330
17
100
AcDbEntity
  8
TEXT-MEP
100
AcDbText
 10
13814.42099035458
 20
-4550.0
 30
0.0
 40
220.0
  1
QTY
100
AcDbText
  0
TEXT
  5
150
330
17
100
AcDbEntity
  8
TEXT-MEP
100
AcDbText
 10
100.0
 20
-5050.0
 30
0.0
 40
200.0
  1
AHU-1
100
AcDbText
  0
TEXT
  5
151
330
17
100
AcDbEntity
  8
TEXT-MEP
100
AcDbText
 10
2300.0
 20
-5050.0
 30
0.0
 40
200.0
  1
Air Handling Unit
100
AcDbText
  0
TEXT
  5
152
330
17
100
AcDbEntity
  8
TEXT-MEP
100
AcDbText
 10
7300.0
 20
-5050.0
 30
0.0
 40
200.0
  1
3000 L/s, ground floor mech. room
100
AcDbText
  0
TEXT
  5
153
330
17
100
AcDbEntity
  8
TEXT-MEP
100
AcDbText
 10
14076.47795836124
 20
-5037.364020853566
 30
0.0
 40
200.0
  1
1
100
AcDbText
  0
TEXT
  5
154
330
17
100
AcDbEntity
  8
TEXT-MEP
100
AcDbText
 10
100.0
 20
-5550.0
 30
0.0
 40
200.0
  1
SA RISER
100
AcDbText
  0
TEXT
  5
155
330
17
100
AcDbEntity
  8
TEXT-MEP
100
AcDbText
 10
2300.0
 20
-5550.0
 30
0.0
 40
200.0
  1
Supply air riser duct
100
AcDbText
  0
TEXT
  5
156
330
17
100
AcDbEntity
  8
TEXT-MEP
100
AcDbText
 10
7300.0
 20
-5550.0
 30
0.0
 40
200.0
  1
400 x 400 mm
100
AcDbText
  0
TEXT
  5
157
330
17
100
AcDbEntity
  8
TEXT-MEP
100
AcDbText
 10
14093.51109427103
 20
-5541.867960471936
 30
0.0
 40
200.0
  1
1
100
AcDbText
  0
TEXT
  5
158
330
17
100
AcDbEntity
  8
TEXT-MEP
100
AcDbText
 10
100.0
 20
-6050.0
 30
0.0
 40
200.0
  1
RA RISER
100
AcDbText
  0
TEXT
  5
159
330
17
100
AcDbEntity
  8
TEXT-MEP
100
AcDbText
 10
2300.0
 20
-6050.0
 30
0.0
 40
200.0
  1
Return air riser duct
100
AcDbText
  0
TEXT
  5
15A
330
17
100
AcDbEntity
  8
TEXT-MEP
100
AcDbText
 10
7300.0
 20
-6050.0
 30
0.0
 40
200.0
  1
300 mm dia.
100
AcDbText
  0
TEXT
  5
15B
330
17
100
AcDbEntity
  8
TEXT-MEP
100
AcDbText
 10
14093.511094271
 20
-6029.670033789066
 30
0.0
 40
200.0
  1
1
100
AcDbText
  0
TEXT
  5
15C
330
17
100
AcDbEntity
  8
TEXT-MEP
100
AcDbText
 10
100.0
 20
-6550.0
 30
0.0
 40
200.0
  1
SD-1
100
AcDbText
  0
TEXT
  5
15D
330
17
100
AcDbEntity
  8
TEXT-MEP
100
AcDbText
 10
2300.0
 20
-6550.0
 30
0.0
 40
200.0
  1
Supply diffuser
100
AcDbText
  0
TEXT
  5
15E
330
17
100
AcDbEntity
  8
TEXT-MEP
100
AcDbText
 10
7300.0
 20
-6550.0
 30
0.0
 40
200.0
  1
600 x 600 mm
100
AcDbText
  0
TEXT
  5
15F
330
17
100
AcDbEntity
  8
TEXT-MEP
100
AcDbText
 10
14100.47064190445
 20
-6543.497374186583
 30
0.0
 40
200.0
  1
10
100
AcDbText
  0
TEXT
  5
160
330
17
100
AcDbEntity
  8
TEXT-MEP
100
AcDbText
 10
100.0
 20
-7050.0
 30
0.0
 40
200.0
  1
RG-1
100
AcDbText
  0
TEXT
  5
161
330
17
100
AcDbEntity
  8
TEXT-MEP
100
AcDbText
 10
2300.0
 20
-7050.0
 30
0.0
 40
200.0
  1
Return grille
100
AcDbText
  0
TEXT
  5
162
330
17
100
AcDbEntity
  8
TEXT-MEP
100
AcDbText
 10
7300.0
 20
-7050.0
 30
0.0
 40
200.0
  1
700 x 700 mm
100
AcDbText
  0
TEXT
  5
163
330
17
100
AcDbEntity
  8
TEXT-MEP
100
AcDbText
 10
14061.42326046023
 20
-7050.0
 30
0.0
 40
200.0
  1
2
100
AcDbText
  0
TEXT
  5
164
330
17
100
AcDbEntity
  8
TEXT-MEP
100
AcDbText
 10
100.0
 20
-7550.0
 30
0.0
 40
200.0
  1
SA BRANCH
100
AcDbText
  0
TEXT
  5
165
330
17
100
AcDbEntity
  8
TEXT-MEP
100
AcDbText
 10
2300.0
 20
-7550.0
 30
0.0
 40
200.0
  1
Branch supply duct
100
AcDbText
  0
TEXT
  5
166
330
17
100
AcDbEntity
  8
TEXT-MEP
100
AcDbText
 10
7300.0
 20
-7550.0
 30
0.0
 40
200.0
  1
200 x 200 mm (typ.)
100
AcDbText
  0
TEXT
  5
167
330
17
100
AcDbEntity
  8
TEXT-MEP
100
AcDbText
 10
14041.89956973813
 20
-7517.486870932931
 30
0.0
 40
200.0
  1
10
100
AcDbText
  0
TEXT
  5
168
330
17
100
AcDbEntity
  8
TEXT-MEP
100
AcDbText
 10
16500.0
 20
-4200.0
 30
0.0
 40
400.0
  1
LEGEND
100
AcDbText
  0
LINE
  5
169
330
17
100
AcDbEntity
  8
HVAC-SUPPLY
100
AcDbLine
 10
16500.0
 20
-4800.0
 30
0.0
 11
17200.0
 21
-4800.0
 31
0.0
  0
TEXT
  5
16A
330
17
100
AcDbEntity
  8
TEXT-MEP
100
AcDbText
 10
17350.0
 20
-4900.0
 30
0.0
 40
200.0
  1
Supply Air Duct (SA)
100
AcDbText
  0
LINE
  5
16B
330
17
100
AcDbEntity
  8
HVAC-RETURN
100
AcDbLine
 10
16500.0
 20
-5300.0
 30
0.0
 11
17200.0
 21
-5300.0
 31
0.0
  0
TEXT
  5
16C
330
17
100
AcDbEntity
  8
TEXT-MEP
100
AcDbText
 10
17350.0
 20
-5400.0
 30
0.0
 40
200.0
  1
Return Air Duct (RA)
100
AcDbText
  0
LINE
  5
16D
330
17
100
AcDbEntity
  8
HVAC-EQUIP
100
AcDbLine
 10
16500.0
 20
-5800.0
 30
0.0
 11
17200.0
 21
-5800.0
 31
0.0
  0
TEXT
  5
16E
330
17
100
AcDbEntity
  8
TEXT-MEP
100
AcDbText
 10
17350.0
 20
-5900.0
 30
0.0
 40
200.0
  1
Air Handling Unit (AHU)
100
AcDbText
  0
LINE
  5
16F
330
17
100
AcDbEntity
  8
HVAC-RISER
100
AcDbLine
 10
16500.0
 20
-6300.0
 30
0.0
 11
17200.0
 21
-6300.0
 31
0.0
  0
TEXT
  5
170
330
17
100
AcDbEntity
  8
TEXT-MEP
100
AcDbText
 10
17350.0
 20
-6400.0
 30
0.0
 40
200.0
  1
Vertical Riser
100
AcDbText
  0
LWPOLYLINE
  5
171
330
17
100
AcDbEntity
  8
HVAC-SUPPLY
100
AcDbPolyline
 90
        4
 70
     1
 43
0.0
 10
16550.0
 20
-7300.0
 10
17150.0
 20
-7300.0
 10
17150.0
 20
-6700.0
 10
16550.0
 20
-6700.0
  0
LINE
  5
172
330
17
100
AcDbEntity
  8
HVAC-SUPPLY
100
AcDbLine
 10
16550.0
 20
-7300.0
 30
0.0
 11
17150.0
 21
-6700.0
 31
0.0
  0
LINE
  5
173
330
17
100
AcDbEntity
  8
HVAC-SUPPLY
100
AcDbLine
 10
17150.0
 20
-7300.0
 30
0.0
 11
16550.0
 21
-6700.0
 31
0.0
  0
TEXT
  5
174
330
17
100
AcDbEntity
  8
TEXT-MEP
100
AcDbText
 10
17350.0
 20
-7150.0
 30
0.0
 40
200.0
  1
Supply Diffuser
100
AcDbText
  0
LWPOLYLINE
  5
175
330
17
100
AcDbEntity
  8
HVAC-RETURN
100
AcDbPolyline
 90
        4
 70
     1
 43
0.0
 10
16500.0
 20
-8150.0
 10
17200.0
 20
-8150.0
 10
17200.0
 20
-7450.0
 10
16500.0
 20
-7450.0
  0
LINE
  5
177
330
17
100
AcDbEntity
  8
HVAC-RETURN
100
AcDbLine
 10
16500.0
 20
-8150.0
 30
0.0
 11
16850.0
 21
-8150.0
 31
0.0
  0
TEXT
  5
179
330
17
100
AcDbEntity
  8
TEXT-MEP
100
AcDbText
 10
17350.0
 20
-7950.0
 30
0.0
 40
200.0
  1
Return Grille
100
AcDbText
  0
LWPOLYLINE
  5
17A
330
17
100
AcDbEntity
  8
TITLEBLOCK
100
AcDbPolyline
 90
        4
 70
     1
 43
0.0
 10
0.0
 20
-11500.0
 10
35000.0
 20
-11500.0
 10
35000.0
 20
-9000.0
 10
0.0
 20
-9000.0
  0
TEXT
  5
17B
330
17
100
AcDbEntity
  8
TITLEBLOCK
100
AcDbText
 10
200.0
 20
-9500.0
 30
0.0
 40
280.0
  1
PROJECT: Two-Floor Office HVAC System
100
AcDbText
  0
TEXT
  5
17C
330
17
100
AcDbEntity
  8
TITLEBLOCK
100
AcDbText
 10
200.0
 20
-9950.0
 30
0.0
 40
280.0
  1
DRAWN BY: K. Srungavarapu          MATERIAL/SYSTEM: Galvanized Steel Ductwork
100
AcDbText
  0
TEXT
  5
17D
330
17
100
AcDbEntity
  8
TITLEBLOCK
100
AcDbText
 10
200.0
 20
-10400.0
 30
0.0
 40
280.0
  1
SCALE: NTS (Not To Scale)          DRAWING NO: HVAC-100          REV: A
100
AcDbText
  0
TEXT
  5
17E
330
17
100
AcDbEntity
  8
TITLEBLOCK
100
AcDbText
 10
200.0
 20
-10850.0
 30
0.0
 40
280.0
  1
SHEET 1 OF 1
100
AcDbText
  0
LINE
  5
1A8
330
17
100
AcDbEntity
  8
HVAC-SUPPLY
100
AcDbLine
 10
14200.0
 20
8700.0
 30
0.0
 11
14400.0
 21
8700.000000000001
 31
0.0
  0
LINE
  5
1A9
330
17
100
AcDbEntity
  8
HVAC-SUPPLY
100
AcDbLine
 10
14400.0
 20
8700.000000000001
 30
0.0
 11
14400.0
 21
8500.0
 31
0.0
  0
LINE
  5
1AA
330
17
100
AcDbEntity
  8
HVAC-SUPPLY
100
AcDbLine
 10
1500.0
 20
8700.0
 30
0.0
 11
1400.0
 21
8700.0
 31
0.0
  0
LINE
  5
1AB
330
17
100
AcDbEntity
  8
HVAC-SUPPLY
100
AcDbLine
 10
1400.0
 20
8700.0
 30
0.0
 11
1400.0
 21
8500.0
 31
0.0
  0
LINE
  5
1B7
330
17
100
AcDbEntity
  8
HVAC-SUPPLY
100
AcDbLine
 10
1600.0
 20
8300.0
 30
0.0
 11
1600.0
 21
3000.0
 31
0.0
  0
LINE
  5
1BB
330
17
100
AcDbEntity
  8
HVAC-RETURN
100
AcDbLine
 10
12900.0
 20
9675.0
 30
0.0
 11
13075.0
 21
9675.000000000002
 31
0.0
  0
LINE
  5
1BC
330
17
100
AcDbEntity
  8
HVAC-RETURN
100
AcDbLine
 10
13075.0
 20
9675.000000000002
 30
0.0
 11
13075.0
 21
9500.0
 31
0.0
  0
LINE
  5
1C4
330
17
100
AcDbEntity
  8
HVAC-RETURN
100
AcDbLine
 10
12775.0
 20
9375.0
 30
0.0
 11
12775.0
 21
900.0
 31
0.0
  0
LINE
  5
1C5
330
17
100
AcDbEntity
  8
HVAC-RETURN
100
AcDbLine
 10
7000.0
 20
9375.0
 30
0.0
 11
12775.0
 21
9375.0
 31
0.0
  0
LINE
  5
1C7
330
17
100
AcDbEntity
  8
HVAC-RETURN
100
AcDbLine
 10
16500.0
 20
-7800.0
 30
0.0
 11
16850.0
 21
-7450.0
 31
0.0
  0
LINE
  5
1C8
330
17
100
AcDbEntity
  8
HVAC-RETURN
100
AcDbLine
 10
16500.0
 20
-8150.0
 30
0.0
 11
17200.0
 21
-7450.0
 31
0.0
  0
LINE
  5
1C9
330
17
100
AcDbEntity
  8
HVAC-RETURN
100
AcDbLine
 10
16850.0
 20
-8150.0
 30
0.0
 11
17200.0
 21
-7800.0
 31
0.0
  0
LWPOLYLINE
  5
1CA
330
17
100
AcDbEntity
  8
HVAC-RETURN
100
AcDbPolyline
 90
        4
 70
     1
 43
0.0
 10
6298.861499695472
 20
9142.015718020987
 10
6998.861499695471
 20
9142.015718020987
 10
6998.861499695471
 20
9842.015718020988
 10
6298.861499695472
 20
9842.015718020988
  0
LINE
  5
1CB
330
17
100
AcDbEntity
  8
HVAC-RETURN
100
AcDbLine
 10
6298.861499695472
 20
9492.015718020986
 30
0.0
 11
6648.86149969547
 21
9842.015718020988
 31
0.0
  0
LINE
  5
1CC
330
17
100
AcDbEntity
  8
HVAC-RETURN
100
AcDbLine
 10
6298.861499695472
 20
9142.015718020987
 30
0.0
 11
6998.861499695471
 21
9842.015718020988
 31
0.0
  0
LINE
  5
1CD
330
17
100
AcDbEntity
  8
HVAC-RETURN
100
AcDbLine
 10
6648.86149969547
 20
9142.015718020987
 30
0.0
 11
6998.861499695471
 21
9492.015718020986
 31
0.0
  0
LINE
  5
1CE
330
17
100
AcDbEntity
  8
HVAC-SUPPLY
100
AcDbLine
 10
14200.0
 20
1500.0
 30
0.0
 11
14200.0
 21
8300.0
 31
0.0
  0
LINE
  5
1CF
330
17
100
AcDbEntity
  8
HVAC-SUPPLY
100
AcDbLine
 10
14400.0
 20
1481.334432049435
 30
0.0
 11
14400.0
 21
8500.0
 31
0.0
  0
LINE
  5
1D0
330
17
100
AcDbEntity
  8
HVAC-RETURN
100
AcDbLine
 10
12775.0
 20
900.0
 30
0.0
 11
12775.0
 21
743.0388910049004
 31
0.0
  0
LINE
  5
1D1
330
17
100
AcDbEntity
  8
HVAC-RETURN
100
AcDbLine
 10
13075.0
 20
900.0
 30
0.0
 11
13075.0
 21
743.0388910049004
 31
0.0
  0
LINE
  5
1D2
330
17
100
AcDbEntity
  8
HVAC-SUPPLY
100
AcDbLine
 10
14200.0
 20
1500.0
 30
0.0
 11
14200.0
 21
1488.956122427019
 31
0.0
  0
LINE
  5
1D5
330
17
100
AcDbEntity
  8
HVAC-SUPPLY
100
AcDbLine
 10
32900.0
 20
4500.0
 30
0.0
 11
32900.0
 21
4240.224371666765
 31
0.0
  0
LINE
  5
1D6
330
17
100
AcDbEntity
  8
HVAC-SUPPLY
100
AcDbLine
 10
32900.0
 20
4240.224371666765
 30
0.0
 11
33100.0
 21
4240.224371666765
 31
0.0
  0
LINE
  5
1D7
330
17
100
AcDbEntity
  8
HVAC-SUPPLY
100
AcDbLine
 10
33100.0
 20
4240.224371666765
 30
0.0
 11
33100.0
 21
4500.0
 31
0.0
  0
LINE
  5
1DA
330
17
100
AcDbEntity
  8
HVAC-SUPPLY
100
AcDbLine
 10
34400.0
 20
8500.0
 30
0.0
 11
34400.0
 21
8700.0
 31
0.0
  0
LINE
  5
1DB
330
17
100
AcDbEntity
  8
HVAC-SUPPLY
100
AcDbLine
 10
34400.0
 20
8700.0
 30
0.0
 11
34200.0
 21
8700.0
 31
0.0
  0
LINE
  5
1E1
330
17
100
AcDbEntity
  8
HVAC-SUPPLY
100
AcDbLine
 10
21400.0
 20
8500.0
 30
0.0
 11
21400.0
 21
8700.0
 31
0.0
  0
LINE
  5
1E2
330
17
100
AcDbEntity
  8
HVAC-SUPPLY
100
AcDbLine
 10
21400.0
 20
8700.0
 30
0.0
 11
21500.0
 21
8700.0
 31
0.0
  0
LINE
  5
1E3
330
17
100
AcDbEntity
  8
HVAC-RETURN
100
AcDbLine
 10
34400.0
 20
9675.0
 30
0.0
 11
34575.0
 21
9675.0
 31
0.0
  0
LINE
  5
1E4
330
17
100
AcDbEntity
  8
HVAC-RETURN
100
AcDbLine
 10
34575.0
 20
9675.0
 30
0.0
 11
34575.0
 21
9500.0
 31
0.0
  0
LINE
  5
1E5
330
17
100
AcDbEntity
  8
HVAC-RETURN
100
AcDbLine
 10
26296.65755223043
 20
9477.164159170039
 30
0.0
 11
26646.65755223043
 21
9827.164159170038
 31
0.0
  0
LINE
  5
1E6
330
17
100
AcDbEntity
  8
HVAC-RETURN
100
AcDbLine
 10
26296.65755223043
 20
9127.164159170039
 30
0.0
 11
26996.65755223044
 21
9827.164159170038
 31
0.0
  0
LINE
  5
1E7
330
17
100
AcDbEntity
  8
HVAC-RETURN
100
AcDbLine
 10
26646.65755223043
 20
9127.164159170039
 30
0.0
 11
26996.65755223044
 21
9477.164159170039
 31
0.0
  0
LINE
  5
1F1
330
17
100
AcDbEntity
  8
HVAC-RETURN
100
AcDbLine
 10
42400.0
 20
7050.0
 30
0.0
 11
42250.0
 21
7049.999999999998
 31
0.0
  0
LINE
  5
1F2
330
17
100
AcDbEntity
  8
HVAC-RETURN
100
AcDbLine
 10
42250.0
 20
7049.999999999998
 30
0.0
 11
42250.0
 21
6900.0
 31
0.0
  0
LINE
  5
1F3
330
17
100
AcDbEntity
  8
HVAC-SUPPLY
100
AcDbLine
 10
41625.0
 20
6300.0
 30
0.0
 11
41625.0
 21
6474.999999999998
 31
0.0
  0
LINE
  5
1F4
330
17
100
AcDbEntity
  8
HVAC-SUPPLY
100
AcDbLine
 10
41625.0
 20
6474.999999999998
 30
0.0
 11
41800.0
 21
6475.0
 31
0.0
  0
LINE
  5
212
330
17
100
AcDbEntity
  8
HVAC-SUPPLY
100
AcDbLine
 10
14200.0
 20
8300.0
 30
0.0
 11
1600.0
 21
8300.0
 31
0.0
  0
LINE
  5
21D
330
17
100
AcDbEntity
  8
ARCH-WALLS
100
AcDbLine
 10
13567.8599964833
 20
-4200.0
 30
0.0
 11
13576.72791392231
 21
-7700.0
 31
0.0
  0
ENDSEC
  0
SECTION
  2
OBJECTS
  0
DICTIONARY
  5
A
330
0
100
AcDbDictionary
281
     1
  3
ACAD_CIP_PREVIOUS_PRODUCT_INFO
350
19C
  3
ACAD_COLOR
350
B
  3
ACAD_DETAILVIEWSTYLE
350
199
  3
ACAD_GROUP
350
C
  3
ACAD_LAST_SAVED_VERSION_INFO
350
19E
  3
ACAD_LAYOUT
350
D
  3
ACAD_MATERIAL
350
E
  3
ACAD_MLEADERSTYLE
350
F
  3
ACAD_MLINESTYLE
350
10
  3
ACAD_PLOTSETTINGS
350
11
  3
ACAD_PLOTSTYLENAME
350
12
  3
ACAD_SCALELIST
350
14
  3
ACAD_SECTIONVIEWSTYLE
350
197
  3
ACAD_TABLESTYLE
350
15
  3
ACAD_VISUALSTYLE
350
16
  3
ACDB_RECOMPOSE_DATA
350
231
  3
AcDbVariableDictionary
350
1AC
  3
EZDXF_META
350
2D
  0
DICTIONARY
  5
1EB
330
1
100
AcDbDictionary
280
     1
281
     1
  3
ACAD_LAYERSTATES
360
1EC
  0
DICTIONARY
  5
1B5
330
17
100
AcDbDictionary
280
     1
281
     1
  3
ACAD_SORTENTS
360
1B6
  0
XRECORD
  5
19C
102
{ACAD_REACTORS
330
A
102
}
330
A
100
AcDbXrecord
280
     1
300
ACD
300
2026
300

  0
DICTIONARY
  5
B
330
A
100
AcDbDictionary
281
     1
  0
DICTIONARY
  5
199
102
{ACAD_REACTORS
330
A
102
}
330
A
100
AcDbDictionary
281
     1
  3
Metric50
350
19A
  0
DICTIONARY
  5
C
330
A
100
AcDbDictionary
281
     1
  0
XRECORD
  5
19E
102
{ACAD_REACTORS
330
A
102
}
330
A
100
AcDbXrecord
280
     1
300
{773A607B-8E10-DE44-A812-D546C4A51B42}
301
{3D4145E9-0591-BA42-9205-81DEE47447B7}
302
{773A607B-8E10-DE44-A812-D546C4A51B42}
303
C:\Users\kaila\Downloads\two_floor_office_hvac_final.dxf
  0
DICTIONARY
  5
D
330
A
100
AcDbDictionary
281
     1
  3
Layout1
350
1E
  3
Model
350
1A
  0
DICTIONARY
  5
E
330
A
100
AcDbDictionary
281
     1
  3
ByBlock
350
1F
  3
ByLayer
350
20
  3
Global
350
21
  0
DICTIONARY
  5
F
330
A
100
AcDbDictionary
281
     1
  3
Standard
350
2C
  0
DICTIONARY
  5
10
330
A
100
AcDbDictionary
281
     1
  3
Standard
350
22
  0
DICTIONARY
  5
11
330
A
100
AcDbDictionary
281
     1
  0
ACDBDICTIONARYWDFLT
  5
12
330
A
100
AcDbDictionary
281
     1
  3
Normal
350
13
100
AcDbDictionaryWithDefault
340
13
  0
DICTIONARY
  5
14
330
A
100
AcDbDictionary
281
     1
  3
A0
350
186
  3
A1
350
187
  3
A2
350
188
  3
A3
350
189
  3
A4
350
18A
  3
A5
350
18B
  3
A6
350
18C
  3
A7
350
18D
  3
A8
350
18E
  3
A9
350
18F
  3
B0
350
190
  3
B1
350
191
  3
B2
350
192
  3
B3
350
193
  3
B4
350
194
  3
B5
350
195
  3
B6
350
196
  0
DICTIONARY
  5
197
102
{ACAD_REACTORS
330
A
102
}
330
A
100
AcDbDictionary
281
     1
  3
Metric50
350
198
  0
DICTIONARY
  5
15
330
A
100
AcDbDictionary
281
     1
  3
Standard
350
185
  0
DICTIONARY
  5
16
330
A
100
AcDbDictionary
281
     1
  3
2dWireframe
350
5A
  3
Basic
350
5B
  3
Brighten
350
5C
  3
ColorChange
350
5D
  3
Conceptual
350
5E
  3
Dim
350
5F
  3
EdgeColorOff
350
60
  3
Facepattern
350
61
  3
Flat
350
62
  3
FlatWithEdges
350
63
  3
Gouraud
350
64
  3
GouraudWithEdges
350
65
  3
Hidden
350
66
  3
JitterOff
350
67
  3
Linepattern
350
68
  3
Modeling
350
69
  3
OverhangOff
350
6A
  3
Realistic
350
6B
  3
Shaded
350
6C
  3
Shaded with edges
350
6D
  3
Shades of Gray
350
6E
  3
Sketchy
350
6F
  3
Thicken
350
70
  3
Wireframe
350
71
  3
X-Ray
350
72
  0
XRECORD
  5
231
102
{ACAD_REACTORS
330
A
102
}
330
A
100
AcDbXrecord
280
     1
 90
        1
330
185
  0
DICTIONARY
  5
1AC
102
{ACAD_REACTORS
330
A
102
}
330
A
100
AcDbDictionary
281
     1
  3
CANNOSCALE
350
1B1
  3
CMLEADERSTYLE
350
1AE
  3
CTABLESTYLE
350
1AD
  3
CVIEWDETAILSTYLE
350
1AF
  3
CVIEWSECTIONSTYLE
350
1B0
  0
DICTIONARY
  5
2D
330
A
100
AcDbDictionary
280
     1
281
     1
  3
CREATED_BY_EZDXF
360
2E
  3
WRITTEN_BY_EZDXF
360
181
  0
DICTIONARY
  5
1EC
102
{ACAD_REACTORS
330
1EB
102
}
330
1EB
100
AcDbDictionary
281
     1
  0
SORTENTSTABLE
  5
1B6
102
{ACAD_REACTORS
330
1B5
102
}
330
1B5
100
AcDbSortentsTable
330
17
331
AB
  5
B0
331
AC
  5
B2
331
AD
  5
B3
331
AE
  5
B4
331
AF
  5
B5
331
B0
  5
B6
331
B1
  5
B7
331
B2
  5
B8
331
B3
  5
B9
331
B4
  5
BA
331
B5
  5
BB
331
B6
  5
BC
331
B7
  5
BD
331
B8
  5
BE
331
B9
  5
BF
331
BA
  5
C0
331
BB
  5
C1
331
BC
  5
C2
331
BD
  5
C3
331
BE
  5
C4
331
BF
  5
C5
331
C0
  5
C6
331
C1
  5
C8
331
C2
  5
C9
331
C3
  5
CA
331
C4
  5
CB
331
C5
  5
CC
331
C6
  5
CD
331
C8
  5
CF
331
C9
  5
D0
331
CA
  5
D1
331
CB
  5
D2
331
CC
  5
D3
331
CD
  5
D8
331
CE
  5
DC
331
CF
  5
E0
331
D4
  5
E2
331
D8
  5
E4
331
DA
  5
E6
331
DB
  5
E8
331
DC
  5
E9
331
DD
  5
EA
331
DE
  5
EB
331
DF
  5
EC
331
E0
  5
ED
331
E1
  5
EE
331
E2
  5
EF
331
E3
  5
F0
331
E4
  5
F1
331
E5
  5
F2
331
E6
  5
F3
331
E7
  5
F4
331
E8
  5
F5
331
E9
  5
F6
331
EA
  5
F7
331
EB
  5
F8
331
EC
  5
F9
331
ED
  5
FA
331
EE
  5
FB
331
EF
  5
FC
331
F0
  5
FD
331
F1
  5
FE
331
F2
  5
100
331
F3
  5
102
331
F4
  5
103
331
F5
  5
104
331
F6
  5
105
331
F7
  5
106
331
F8
  5
108
331
F9
  5
109
331
FA
  5
10A
331
FB
  5
10B
331
FC
  5
10C
331
FD
  5
10D
331
FE
  5
10E
331
FF
  5
10F
331
100
  5
110
331
101
  5
111
331
102
  5
112
331
103
  5
113
331
104
  5
115
331
105
  5
116
331
106
  5
117
331
107
  5
118
331
108
  5
119
331
109
  5
11A
331
10A
  5
11B
331
10B
  5
11C
331
10C
  5
11D
331
10D
  5
11E
331
10E
  5
11F
331
10F
  5
120
331
110
  5
121
331
111
  5
122
331
112
  5
123
331
113
  5
124
331
114
  5
128
331
118
  5
12B
331
11B
  5
12C
331
11C
  5
12D
331
11D
  5
12E
331
11E
  5
12F
331
11F
  5
130
331
120
  5
131
331
121
  5
132
331
122
  5
133
331
123
  5
134
331
124
  5
135
331
125
  5
136
331
126
  5
137
331
127
  5
138
331
128
  5
139
331
129
  5
13A
331
12A
  5
13B
331
12B
  5
13C
331
12C
  5
13D
331
12D
  5
13E
331
12E
  5
13F
331
12F
  5
140
331
130
  5
143
331
133
  5
144
331
134
  5
145
331
135
  5
146
331
136
  5
14A
331
139
  5
14B
331
13A
  5
14C
331
13B
  5
14D
331
13C
  5
14E
331
13D
  5
14F
331
13E
  5
150
331
13F
  5
151
331
140
  5
152
331
141
  5
153
331
142
  5
154
331
143
  5
155
331
144
  5
156
331
145
  5
157
331
146
  5
158
331
147
  5
159
331
148
  5
15A
331
149
  5
15B
331
14A
  5
15C
331
14C
  5
15E
331
14D
  5
15F
331
14E
  5
160
331
14F
  5
161
331
150
  5
162
331
151
  5
163
331
152
  5
164
331
153
  5
165
331
154
  5
166
331
155
  5
167
331
156
  5
168
331
157
  5
169
331
158
  5
16A
331
159
  5
16B
331
15A
  5
16C
331
15B
  5
16D
331
15C
  5
16E
331
15D
  5
16F
331
15E
  5
170
331
15F
  5
171
331
160
  5
172
331
161
  5
173
331
162
  5
174
331
163
  5
175
331
164
  5
176
331
165
  5
177
331
166
  5
178
331
167
  5
179
331
168
  5
17A
331
169
  5
17B
331
16A
  5
17C
331
16B
  5
17D
331
16C
  5
17E
331
16D
  5
1A8
331
16E
  5
1AA
331
16F
  5
1B4
331
170
  5
1B7
331
171
  5
1B8
331
172
  5
1B9
331
173
  5
1BA
331
174
  5
1BB
331
175
  5
1BC
331
177
  5
1BD
331
179
  5
1BE
331
17A
  5
1BF
331
17B
  5
1C4
331
17C
  5
1C5
331
17D
  5
1C6
331
17E
  5
1C7
331
1A8
  5
1C8
331
1A9
  5
1C9
331
1AA
  5
1CA
331
1AB
  5
1CC
331
1B7
  5
CE
331
1BB
  5
1CD
331
1BC
  5
1CE
331
1C4
  5
E7
331
1C5
  5
E5
331
1C7
  5
1CF
331
1C8
  5
1D0
331
1C9
  5
1D1
331
1CA
  5
1D2
331
1CB
  5
1D3
331
1CC
  5
1D4
331
1CD
  5
1D5
331
1CE
  5
AF
331
1CF
  5
AB
331
1D0
  5
1D6
331
1D1
  5
1D7
331
1D2
  5
1D8
331
1D5
  5
1D9
331
1D6
  5
1DA
331
1D7
  5
1DB
331
1DA
  5
1E1
331
1DB
  5
1E2
331
1E1
  5
1E3
331
1E2
  5
1E4
331
1E3
  5
1E5
331
1E4
  5
1E6
331
1E5
  5
1E7
331
1E6
  5
1F1
331
1E7
  5
1F2
331
1F1
  5
1F3
331
1F2
  5
1F4
331
1F3
  5
1F5
331
1F4
  5
212
331
212
  5
B1
  0
ACDBDETAILVIEWSTYLE
  5
19A
102
{ACAD_REACTORS
330
199
102
}
330
199
100
AcDbModelDocViewStyle
 70
     0
  3
Metric50
290
     0
300
Metric50
 90
        0
100
AcDbDetailViewStyle
 70
     0
 71
     0
 90
        3
 71
     1
340
29
 62
   256
 40
5.0
340
0
 62
   256
 40
5.0
300

 40
0.0
280
     1
 71
     2
340
26
 90
       25
 62
   256
 71
     3
340
29
 62
   256
 40
5.0
 90
        0
 40
15.0
 90
        1
300
%<\AcVar ViewDetailId>% (%<\AcVar ViewScale \f "%sn">%)
 71
     4
340
26
 90
       25
 62
   256
340
26
 90
       25
 62
   256
280
     0
  0
LAYOUT
  5
1E
330
D
100
AcDbPlotSettings
  1

  2
Microsoft Print to PDF
  4
A3
  6

 40
7.5
 41
20.0
 42
7.5
 43
20.0
 44
420.0
 45
297.0
 46
0.0
 47
0.0
 48
0.0
 49
0.0
140
0.0
141
0.0
142
1.0
143
1.0
 70
     0
 72
     1
 73
     0
 74
     5
  7

 75
    16
147
1.0
 76
     0
 77
     2
 78
   300
148
0.0
149
0.0
100
AcDbLayout
  1
Layout1
 70
     1
 71
     1
 10
0.0
 20
0.0
 11
420.0
 21
297.0
 12
0.0
 22
0.0
 32
0.0
 14
1.000000000000000E+20
 24
1.000000000000000E+20
 34
1.000000000000000E+20
 15
-1.000000000000000E+20
 25
-1.000000000000000E+20
 35
-1.000000000000000E+20
146
0.0
 13
0.0
 23
0.0
 33
0.0
 16
1.0
 26
0.0
 36
0.0
 17
0.0
 27
1.0
 37
0.0
 76
     0
330
1B
  0
LAYOUT
  5
1A
330
D
100
AcDbPlotSettings
  1

  2
Microsoft Print to PDF
  4
A3
  6

 40
7.5
 41
20.0
 42
7.5
 43
20.0
 44
420.0
 45
297.0
 46
0.0
 47
0.0
 48
0.0
 49
0.0
140
0.0
141
0.0
142
1.0
143
1.0
 70
  1024
 72
     1
 73
     0
 74
     5
  7

 75
    16
147
1.0
 76
     0
 77
     2
 78
   300
148
0.0
149
0.0
100
AcDbLayout
  1
Model
 70
     1
 71
     0
 10
0.0
 20
0.0
 11
420.0
 21
297.0
 12
0.0
 22
0.0
 32
0.0
 14
1.000000000000000E+20
 24
1.000000000000000E+20
 34
1.000000000000000E+20
 15
-1.000000000000000E+20
 25
-1.000000000000000E+20
 35
-1.000000000000000E+20
146
0.0
 13
0.0
 23
0.0
 33
0.0
 16
1.0
 26
0.0
 36
0.0
 17
0.0
 27
1.0
 37
0.0
 76
     1
330
17
331
23
  0
MATERIAL
  5
1F
102
{ACAD_REACTORS
330
E
102
}
330
E
100
AcDbMaterial
  1
ByBlock
 71
     1
 91
-1023410177
 73
     1
 78
     1
172
     1
176
     1
270
     1
273
     1
274
     1
 94
       63
  0
MATERIAL
  5
20
102
{ACAD_REACTORS
330
E
102
}
330
E
100
AcDbMaterial
  1
ByLayer
 71
     1
 91
-1023410177
 73
     1
 78
     1
172
     1
176
     1
270
     1
273
     1
274
     1
 94
       63
  0
MATERIAL
  5
21
102
{ACAD_REACTORS
330
E
102
}
330
E
100
AcDbMaterial
  1
Global
 71
     1
 91
-1023410177
 73
     1
 78
     1
172
     1
176
     1
270
     1
273
     1
274
     1
 94
       63
  0
MLEADERSTYLE
  5
2C
102
{ACAD_REACTORS
330
F
102
}
330
F
100
AcDbMLeaderStyle
179
     2
170
     2
171
     1
172
     0
 90
        2
 40
0.0
 41
0.0
173
     1
 91
-1056964608
 92
       -2
290
     1
 42
2.0
291
     1
 43
8.0
  3
Standard
 44
4.0
300

342
29
174
     1
178
     1
175
     1
176
     0
 93
-1056964608
 45
4.0
292
     0
297
     0
 46
4.0
 94
-1056964608
 47
1.0
 49
1.0
140
1.0
293
     1
141
0.0
294
     1
177
     0
142
1.0
295
     0
296
     0
143
3.75
271
     0
272
     9
273
     9
298
     0
  0
MLINESTYLE
  5
22
102
{ACAD_REACTORS
330
10
102
}
330
10
100
AcDbMlineStyle
  2
STANDARD
 70
     0
  3

 62
   256
 51
90.0
 52
90.0
 71
     2
 49
0.5
 62
   256
  6
BYLAYER
 49
-0.5
 62
   256
  6
BYLAYER
  0
ACDBPLACEHOLDER
  5
13
330
12
  0
SCALE
  5
186
102
{ACAD_REACTORS
330
14
102
}
330
14
100
AcDbScale
 70
     0
300
1:1
140
1.0
141
1.0
290
     1
  0
SCALE
  5
187
102
{ACAD_REACTORS
330
14
102
}
330
14
100
AcDbScale
 70
     0
300
1:2
140
1.0
141
2.0
290
     0
  0
SCALE
  5
188
102
{ACAD_REACTORS
330
14
102
}
330
14
100
AcDbScale
 70
     0
300
1:4
140
1.0
141
4.0
290
     0
  0
SCALE
  5
189
102
{ACAD_REACTORS
330
14
102
}
330
14
100
AcDbScale
 70
     0
300
1:5
140
1.0
141
5.0
290
     0
  0
SCALE
  5
18A
102
{ACAD_REACTORS
330
14
102
}
330
14
100
AcDbScale
 70
     0
300
1:8
140
1.0
141
8.0
290
     0
  0
SCALE
  5
18B
102
{ACAD_REACTORS
330
14
102
}
330
14
100
AcDbScale
 70
     0
300
1:10
140
1.0
141
10.0
290
     0
  0
SCALE
  5
18C
102
{ACAD_REACTORS
330
14
102
}
330
14
100
AcDbScale
 70
     0
300
1:16
140
1.0
141
16.0
290
     0
  0
SCALE
  5
18D
102
{ACAD_REACTORS
330
14
102
}
330
14
100
AcDbScale
 70
     0
300
1:20
140
1.0
141
20.0
290
     0
  0
SCALE
  5
18E
102
{ACAD_REACTORS
330
14
102
}
330
14
100
AcDbScale
 70
     0
300
1:30
140
1.0
141
30.0
290
     0
  0
SCALE
  5
18F
102
{ACAD_REACTORS
330
14
102
}
330
14
100
AcDbScale
 70
     0
300
1:40
140
1.0
141
40.0
290
     0
  0
SCALE
  5
190
102
{ACAD_REACTORS
330
14
102
}
330
14
100
AcDbScale
 70
     0
300
1:50
140
1.0
141
50.0
290
     0
  0
SCALE
  5
191
102
{ACAD_REACTORS
330
14
102
}
330
14
100
AcDbScale
 70
     0
300
1:100
140
1.0
141
100.0
290
     0
  0
SCALE
  5
192
102
{ACAD_REACTORS
330
14
102
}
330
14
100
AcDbScale
 70
     0
300
2:1
140
2.0
141
1.0
290
     0
  0
SCALE
  5
193
102
{ACAD_REACTORS
330
14
102
}
330
14
100
AcDbScale
 70
     0
300
4:1
140
4.0
141
1.0
290
     0
  0
SCALE
  5
194
102
{ACAD_REACTORS
330
14
102
}
330
14
100
AcDbScale
 70
     0
300
8:1
140
8.0
141
1.0
290
     0
  0
SCALE
  5
195
102
{ACAD_REACTORS
330
14
102
}
330
14
100
AcDbScale
 70
     0
300
10:1
140
10.0
141
1.0
290
     0
  0
SCALE
  5
196
102
{ACAD_REACTORS
330
14
102
}
330
14
100
AcDbScale
 70
     0
300
100:1
140
100.0
141
1.0
290
     0
  0
ACDBSECTIONVIEWSTYLE
  5
198
102
{ACAD_REACTORS
330
197
102
}
330
197
100
AcDbModelDocViewStyle
 70
     0
  3
Metric50
290
     0
300
Metric50
 90
        0
100
AcDbSectionViewStyle
 70
     0
 71
     0
 90
      102
 71
     1
340
29
 62
   256
 40
5.0
340
0
340
0
 62
   256
 40
5.0
300
I, O, Q, S, X, Z
 40
10.0
 90
        0
 40
2.5
 90
        0
 71
     2
340
26
 90
       25
 62
   256
340
26
 90
       50
 62
   256
 40
5.0
 40
2.5
 40
5.0
 71
     3
340
29
 62
   256
 40
5.0
 90
        0
 40
15.0
 90
        1
300
%<\AcVar ViewSectionStartId>%-%<\AcVar ViewSectionEndId>% (%<\AcVar ViewScale \f "%sn">%)
 71
     4
 62
   256
 62
   257
300
ANSI31
 40
1.0
 90
        0
290
     0
290
     0
 90
        6
 40
0.0
 40
1.570796326794896
 40
0.2617993877991494
 40
1.308996938995747
 40
-0.2617993877991494
 40
1.832595714594046
  0
TABLESTYLE
  5
185
102
{ACAD_XDICTIONARY
360
22F
102
}
102
{ACAD_REACTORS
330
15
102
}
330
15
100
AcDbTableStyle
280
     0
  3
Standard
 70
     0
 71
     0
 40
1.5
 41
1.5
280
     0
281
     0
  7
Standard
140
4.5
170
     2
 62
     0
 63
     7
283
     0
 90
      512
 91
        0
  1

274
    -2
284
     1
 64
     0
275
    -2
285
     1
 65
     0
276
    -2
286
     1
 66
     0
277
    -2
287
     1
 67
     0
278
    -2
288
     1
 68
     0
279
    -2
289
     1
 69
     0
  7
Standard
140
6.0
170
     5
 62
     0
 63
     7
283
     0
 90
      512
 91
        0
  1

274
    -2
284
     1
 64
     0
275
    -2
285
     1
 65
     0
276
    -2
286
     1
 66
     0
277
    -2
287
     1
 67
     0
278
    -2
288
     1
 68
     0
279
    -2
289
     1
 69
     0
  7
Standard
140
4.5
170
     5
 62
     0
 63
     7
283
     0
 90
      512
 91
        0
  1

274
    -2
284
     1
 64
     0
275
    -2
285
     1
 65
     0
276
    -2
286
     1
 66
     0
277
    -2
287
     1
 67
     0
278
    -2
288
     1
 68
     0
279
    -2
289
     1
 69
     0
  0
VISUALSTYLE
  5
5A
102
{ACAD_REACTORS
330
16
102
}
330
16
100
AcDbVisualStyle
  2
2dWireframe
 70
     4
177
     3
291
     0
 70
    58
 90
        2
176
     1
 90
        2
176
     1
 90
        0
176
     1
 90
        0
176
     1
 40
0.6
176
     1
 40
30.0
176
     1
 62
     7
420
 16777215
176
     1
 90
        1
176
     1
 90
        4
176
     1
 62
     7
176
     1
 62
   257
176
     1
 90
        1
176
     1
 90
        1
176
     1
 40
1.0
176
     1
 90
        8
176
     1
 62
     7
176
     1
 40
1.0
176
     1
 90
        1
176
     1
 90
        6
176
     1
 90
        2
176
     1
 62
     7
176
     1
 90
        5
176
     1
 90
        0
176
     1
 90
        0
176
     1
290
     0
176
     1
 90
        1
176
     1
 40
0.0
176
     1
 90
        0
176
     1
290
     1
176
     1
290
     1
176
     1
290
     0
176
     1
290
     0
176
     1
290
     0
176
     1
290
     0
176
     1
290
     0
176
     1
290
     0
176
     1
290
     0
176
     1
 90
       50
176
     1
 40
0.0
176
     1
 40
1.0
176
     1
 90
        0
176
     1
 62
    18
420
        0
176
     1
 90
       50
176
     1
 90
        3
176
     1
 62
     5
420
      255
176
     1
290
     0
176
     1
 90
       50
176
     1
 90
       50
176
     1
 90
       50
176
     1
290
     0
176
     1
 90
       50
176
     1
 62
   256
176
     0
 40
1.0
176
     0
 90
        2
176
     1
  1
strokes_ogs.tif
176
     1
290
     0
176
     1
 40
1.0
176
     1
 40
1.0
176
     1
  0
VISUALSTYLE
  5
5B
102
{ACAD_REACTORS
330
16
102
}
330
16
100
AcDbVisualStyle
  2
Basic
 70
     7
177
     3
291
     0
 70
    58
 90
        2
176
     1
 90
        2
176
     1
 90
        0
176
     1
 90
        0
176
     1
 40
0.6
176
     1
 40
30.0
176
     1
 62
     7
420
 16777215
176
     1
 90
        1
176
     1
 90
        4
176
     1
 62
     7
176
     1
 62
   257
176
     1
 90
        1
176
     1
 90
        1
176
     1
 40
1.0
176
     1
 90
        8
176
     1
 62
     7
176
     1
 40
1.0
176
     1
 90
        1
176
     1
 90
        6
176
     1
 90
        2
176
     1
 62
     7
176
     1
 90
        5
176
     1
 90
        0
176
     1
 90
        0
176
     1
290
     0
176
     1
 90
        1
176
     1
 40
0.0
176
     1
 90
        0
176
     1
290
     0
176
     1
290
     1
176
     1
290
     1
176
     1
290
     0
176
     1
290
     0
176
     1
290
     0
176
     1
290
     0
176
     1
290
     0
176
     1
290
     0
176
     1
 90
       50
176
     1
 40
0.0
176
     1
 40
1.0
176
     1
 90
        0
176
     1
 62
    18
420
        0
176
     1
 90
       50
176
     1
 90
        3
176
     1
 62
     5
420
      255
176
     1
290
     0
176
     1
 90
       50
176
     1
 90
       50
176
     1
 90
       50
176
     1
290
     0
176
     1
 90
       50
176
     1
 62
   256
176
     0
 40
1.0
176
     0
 90
        2
176
     1
  1
strokes_ogs.tif
176
     1
290
     0
176
     1
 40
1.0
176
     1
 40
1.0
176
     1
  0
VISUALSTYLE
  5
5C
102
{ACAD_REACTORS
330
16
102
}
330
16
100
AcDbVisualStyle
  2
Brighten
 70
    12
177
     3
291
     0
 70
    58
 90
        2
176
     1
 90
        2
176
     1
 90
        0
176
     1
 90
        0
176
     1
 40
0.6
176
     1
 40
30.0
176
     1
 62
     7
420
 16777215
176
     1
 90
        1
176
     1
 90
        4
176
     1
 62
     7
176
     1
 62
   257
176
     1
 90
        1
176
     1
 90
        1
176
     1
 40
1.0
176
     1
 90
        8
176
     1
 62
     7
176
     1
 40
1.0
176
     1
 90
        1
176
     1
 90
        6
176
     1
 90
        2
176
     1
 62
     7
176
     1
 90
        5
176
     1
 90
        0
176
     1
 90
        0
176
     1
290
     0
176
     1
 90
        1
176
     1
 40
0.0
176
     1
 90
        0
176
     1
290
     0
176
     1
290
     1
176
     1
290
     1
176
     1
290
     0
176
     1
290
     0
176
     1
290
     0
176
     1
290
     0
176
     1
290
     0
176
     1
290
     0
176
     1
 90
       50
176
     1
 40
0.0
176
     1
 40
1.0
176
     1
 90
        0
176
     1
 62
    18
420
        0
176
     1
 90
       50
176
     1
 90
        3
176
     1
 62
     5
420
      255
176
     1
290
     0
176
     1
 90
       50
176
     1
 90
       50
176
     1
 90
       50
176
     1
290
     0
176
     1
 90
       50
176
     1
 62
   256
176
     0
 40
1.0
176
     0
 90
        2
176
     1
  1
strokes_ogs.tif
176
     1
290
     0
176
     1
 40
1.0
176
     1
 40
1.0
176
     1
  0
VISUALSTYLE
  5
5D
102
{ACAD_REACTORS
330
16
102
}
330
16
100
AcDbVisualStyle
  2
ColorChange
 70
    16
177
     3
291
     0
 70
    58
 90
        2
176
     1
 90
        2
176
     1
 90
        0
176
     1
 90
        0
176
     1
 40
0.6
176
     1
 40
30.0
176
     1
 62
     7
420
 16777215
176
     1
 90
        1
176
     1
 90
        4
176
     1
 62
     7
176
     1
 62
   257
176
     1
 90
        1
176
     1
 90
        1
176
     1
 40
1.0
176
     1
 90
        8
176
     1
 62
     7
176
     1
 40
1.0
176
     1
 90
        1
176
     1
 90
        6
176
     1
 90
        2
176
     1
 62
     7
176
     1
 90
        5
176
     1
 90
        0
176
     1
 90
        0
176
     1
290
     0
176
     1
 90
        1
176
     1
 40
0.0
176
     1
 90
        0
176
     1
290
     0
176
     1
290
     1
176
     1
290
     1
176
     1
290
     0
176
     1
290
     0
176
     1
290
     0
176
     1
290
     0
176
     1
290
     0
176
     1
290
     0
176
     1
 90
       50
176
     1
 40
0.0
176
     1
 40
1.0
176
     1
 90
        0
176
     1
 62
    18
420
        0
176
     1
 90
       50
176
     1
 90
        3
176
     1
 62
     5
420
      255
176
     1
290
     0
176
     1
 90
       50
176
     1
 90
       50
176
     1
 90
       50
176
     1
290
     0
176
     1
 90
       50
176
     1
 62
   256
176
     0
 40
1.0
176
     0
 90
        2
176
     1
  1
strokes_ogs.tif
176
     1
290
     0
176
     1
 40
1.0
176
     1
 40
1.0
176
     1
  0
VISUALSTYLE
  5
5E
102
{ACAD_REACTORS
330
16
102
}
330
16
100
AcDbVisualStyle
  2
Conceptual
 70
     9
177
     3
291
     0
 70
    58
 90
        2
176
     1
 90
        2
176
     1
 90
        0
176
     1
 90
        0
176
     1
 40
0.6
176
     1
 40
30.0
176
     1
 62
     7
420
 16777215
176
     1
 90
        1
176
     1
 90
        4
176
     1
 62
     7
176
     1
 62
   257
176
     1
 90
        1
176
     1
 90
        1
176
     1
 40
1.0
176
     1
 90
        8
176
     1
 62
     7
176
     1
 40
1.0
176
     1
 90
        1
176
     1
 90
        6
176
     1
 90
        2
176
     1
 62
     7
176
     1
 90
        5
176
     1
 90
        0
176
     1
 90
        0
176
     1
290
     0
176
     1
 90
        1
176
     1
 40
0.0
176
     1
 90
        0
176
     1
290
     0
176
     1
290
     1
176
     1
290
     1
176
     1
290
     0
176
     1
290
     0
176
     1
290
     0
176
     1
290
     0
176
     1
290
     0
176
     1
290
     0
176
     1
 90
       50
176
     1
 40
0.0
176
     1
 40
1.0
176
     1
 90
        0
176
     1
 62
    18
420
        0
176
     1
 90
       50
176
     1
 90
        3
176
     1
 62
     5
420
      255
176
     1
290
     0
176
     1
 90
       50
176
     1
 90
       50
176
     1
 90
       50
176
     1
290
     0
176
     1
 90
       50
176
     1
 62
   256
176
     0
 40
1.0
176
     0
 90
        2
176
     1
  1
strokes_ogs.tif
176
     1
290
     0
176
     1
 40
1.0
176
     1
 40
1.0
176
     1
  0
VISUALSTYLE
  5
5F
102
{ACAD_REACTORS
330
16
102
}
330
16
100
AcDbVisualStyle
  2
Dim
 70
    11
177
     3
291
     0
 70
    58
 90
        2
176
     1
 90
        2
176
     1
 90
        0
176
     1
 90
        0
176
     1
 40
0.6
176
     1
 40
30.0
176
     1
 62
     7
420
 16777215
176
     1
 90
        1
176
     1
 90
        4
176
     1
 62
     7
176
     1
 62
   257
176
     1
 90
        1
176
     1
 90
        1
176
     1
 40
1.0
176
     1
 90
        8
176
     1
 62
     7
176
     1
 40
1.0
176
     1
 90
        1
176
     1
 90
        6
176
     1
 90
        2
176
     1
 62
     7
176
     1
 90
        5
176
     1
 90
        0
176
     1
 90
        0
176
     1
290
     0
176
     1
 90
        1
176
     1
 40
0.0
176
     1
 90
        0
176
     1
290
     0
176
     1
290
     1
176
     1
290
     1
176
     1
290
     0
176
     1
290
     0
176
     1
290
     0
176
     1
290
     0
176
     1
290
     0
176
     1
290
     0
176
     1
 90
       50
176
     1
 40
0.0
176
     1
 40
1.0
176
     1
 90
        0
176
     1
 62
    18
420
        0
176
     1
 90
       50
176
     1
 90
        3
176
     1
 62
     5
420
      255
176
     1
290
     0
176
     1
 90
       50
176
     1
 90
       50
176
     1
 90
       50
176
     1
290
     0
176
     1
 90
       50
176
     1
 62
   256
176
     0
 40
1.0
176
     0
 90
        2
176
     1
  1
strokes_ogs.tif
176
     1
290
     0
176
     1
 40
1.0
176
     1
 40
1.0
176
     1
  0
VISUALSTYLE
  5
60
102
{ACAD_REACTORS
330
16
102
}
330
16
100
AcDbVisualStyle
  2
EdgeColorOff
 70
    22
177
     3
291
     0
 70
    58
 90
        2
176
     1
 90
        2
176
     1
 90
        0
176
     1
 90
        0
176
     1
 40
0.6
176
     1
 40
30.0
176
     1
 62
     7
420
 16777215
176
     1
 90
        1
176
     1
 90
        4
176
     1
 62
     7
176
     1
 62
   257
176
     1
 90
        1
176
     1
 90
        1
176
     1
 40
1.0
176
     1
 90
        8
176
     1
 62
     7
176
     1
 40
1.0
176
     1
 90
        1
176
     1
 90
        6
176
     1
 90
        2
176
     1
 62
     7
176
     1
 90
        5
176
     1
 90
        0
176
     1
 90
        0
176
     1
290
     0
176
     1
 90
        1
176
     1
 40
0.0
176
     1
 90
        0
176
     1
290
     0
176
     1
290
     1
176
     1
290
     1
176
     1
290
     0
176
     1
290
     0
176
     1
290
     0
176
     1
290
     0
176
     1
290
     0
176
     1
290
     0
176
     1
 90
       50
176
     1
 40
0.0
176
     1
 40
1.0
176
     1
 90
        0
176
     1
 62
    18
420
        0
176
     1
 90
       50
176
     1
 90
        3
176
     1
 62
     5
420
      255
176
     1
290
     0
176
     1
 90
       50
176
     1
 90
       50
176
     1
 90
       50
176
     1
290
     0
176
     1
 90
       50
176
     1
 62
   256
176
     0
 40
1.0
176
     0
 90
        2
176
     1
  1
strokes_ogs.tif
176
     1
290
     0
176
     1
 40
1.0
176
     1
 40
1.0
176
     1
  0
VISUALSTYLE
  5
61
102
{ACAD_REACTORS
330
16
102
}
330
16
100
AcDbVisualStyle
  2
Facepattern
 70
    15
177
     3
291
     0
 70
    58
 90
        2
176
     1
 90
        2
176
     1
 90
        0
176
     1
 90
        0
176
     1
 40
0.6
176
     1
 40
30.0
176
     1
 62
     7
420
 16777215
176
     1
 90
        1
176
     1
 90
        4
176
     1
 62
     7
176
     1
 62
   257
176
     1
 90
        1
176
     1
 90
        1
176
     1
 40
1.0
176
     1
 90
        8
176
     1
 62
     7
176
     1
 40
1.0
176
     1
 90
        1
176
     1
 90
        6
176
     1
 90
        2
176
     1
 62
     7
176
     1
 90
        5
176
     1
 90
        0
176
     1
 90
        0
176
     1
290
     0
176
     1
 90
        1
176
     1
 40
0.0
176
     1
 90
        0
176
     1
290
     0
176
     1
290
     1
176
     1
290
     1
176
     1
290
     0
176
     1
290
     0
176
     1
290
     0
176
     1
290
     0
176
     1
290
     0
176
     1
290
     0
176
     1
 90
       50
176
     1
 40
0.0
176
     1
 40
1.0
176
     1
 90
        0
176
     1
 62
    18
420
        0
176
     1
 90
       50
176
     1
 90
        3
176
     1
 62
     5
420
      255
176
     1
290
     0
176
     1
 90
       50
176
     1
 90
       50
176
     1
 90
       50
176
     1
290
     0
176
     1
 90
       50
176
     1
 62
   256
176
     0
 40
1.0
176
     0
 90
        2
176
     1
  1
strokes_ogs.tif
176
     1
290
     0
176
     1
 40
1.0
176
     1
 40
1.0
176
     1
  0
VISUALSTYLE
  5
62
102
{ACAD_REACTORS
330
16
102
}
330
16
100
AcDbVisualStyle
  2
Flat
 70
     0
177
     3
291
     0
 70
    58
 90
        2
176
     1
 90
        2
176
     1
 90
        0
176
     1
 90
        0
176
     1
 40
0.6
176
     1
 40
30.0
176
     1
 62
     7
420
 16777215
176
     1
 90
        1
176
     1
 90
        4
176
     1
 62
     7
176
     1
 62
   257
176
     1
 90
        1
176
     1
 90
        1
176
     1
 40
1.0
176
     1
 90
        8
176
     1
 62
     7
176
     1
 40
1.0
176
     1
 90
        1
176
     1
 90
        6
176
     1
 90
        2
176
     1
 62
     7
176
     1
 90
        5
176
     1
 90
        0
176
     1
 90
        0
176
     1
290
     0
176
     1
 90
        1
176
     1
 40
0.0
176
     1
 90
        0
176
     1
290
     0
176
     1
290
     1
176
     1
290
     1
176
     1
290
     0
176
     1
290
     0
176
     1
290
     0
176
     1
290
     0
176
     1
290
     0
176
     1
290
     0
176
     1
 90
       50
176
     1
 40
0.0
176
     1
 40
1.0
176
     1
 90
        0
176
     1
 62
    18
420
        0
176
     1
 90
       50
176
     1
 90
        3
176
     1
 62
     5
420
      255
176
     1
290
     0
176
     1
 90
       50
176
     1
 90
       50
176
     1
 90
       50
176
     1
290
     0
176
     1
 90
       50
176
     1
 62
   256
176
     0
 40
1.0
176
     0
 90
        2
176
     1
  1
strokes_ogs.tif
176
     1
290
     0
176
     1
 40
1.0
176
     1
 40
1.0
176
     1
  0
VISUALSTYLE
  5
63
102
{ACAD_REACTORS
330
16
102
}
330
16
100
AcDbVisualStyle
  2
FlatWithEdges
 70
     1
177
     3
291
     0
 70
    58
 90
        2
176
     1
 90
        2
176
     1
 90
        0
176
     1
 90
        0
176
     1
 40
0.6
176
     1
 40
30.0
176
     1
 62
     7
420
 16777215
176
     1
 90
        1
176
     1
 90
        4
176
     1
 62
     7
176
     1
 62
   257
176
     1
 90
        1
176
     1
 90
        1
176
     1
 40
1.0
176
     1
 90
        8
176
     1
 62
     7
176
     1
 40
1.0
176
     1
 90
        1
176
     1
 90
        6
176
     1
 90
        2
176
     1
 62
     7
176
     1
 90
        5
176
     1
 90
        0
176
     1
 90
        0
176
     1
290
     0
176
     1
 90
        1
176
     1
 40
0.0
176
     1
 90
        0
176
     1
290
     0
176
     1
290
     1
176
     1
290
     1
176
     1
290
     0
176
     1
290
     0
176
     1
290
     0
176
     1
290
     0
176
     1
290
     0
176
     1
290
     0
176
     1
 90
       50
176
     1
 40
0.0
176
     1
 40
1.0
176
     1
 90
        0
176
     1
 62
    18
420
        0
176
     1
 90
       50
176
     1
 90
        3
176
     1
 62
     5
420
      255
176
     1
290
     0
176
     1
 90
       50
176
     1
 90
       50
176
     1
 90
       50
176
     1
290
     0
176
     1
 90
       50
176
     1
 62
   256
176
     0
 40
1.0
176
     0
 90
        2
176
     1
  1
strokes_ogs.tif
176
     1
290
     0
176
     1
 40
1.0
176
     1
 40
1.0
176
     1
  0
VISUALSTYLE
  5
64
102
{ACAD_REACTORS
330
16
102
}
330
16
100
AcDbVisualStyle
  2
Gouraud
 70
     2
177
     3
291
     0
 70
    58
 90
        2
176
     1
 90
        2
176
     1
 90
        0
176
     1
 90
        0
176
     1
 40
0.6
176
     1
 40
30.0
176
     1
 62
     7
420
 16777215
176
     1
 90
        1
176
     1
 90
        4
176
     1
 62
     7
176
     1
 62
   257
176
     1
 90
        1
176
     1
 90
        1
176
     1
 40
1.0
176
     1
 90
        8
176
     1
 62
     7
176
     1
 40
1.0
176
     1
 90
        1
176
     1
 90
        6
176
     1
 90
        2
176
     1
 62
     7
176
     1
 90
        5
176
     1
 90
        0
176
     1
 90
        0
176
     1
290
     0
176
     1
 90
        1
176
     1
 40
0.0
176
     1
 90
        0
176
     1
290
     0
176
     1
290
     1
176
     1
290
     1
176
     1
290
     0
176
     1
290
     0
176
     1
290
     0
176
     1
290
     0
176
     1
290
     0
176
     1
290
     0
176
     1
 90
       50
176
     1
 40
0.0
176
     1
 40
1.0
176
     1
 90
        0
176
     1
 62
    18
420
        0
176
     1
 90
       50
176
     1
 90
        3
176
     1
 62
     5
420
      255
176
     1
290
     0
176
     1
 90
       50
176
     1
 90
       50
176
     1
 90
       50
176
     1
290
     0
176
     1
 90
       50
176
     1
 62
   256
176
     0
 40
1.0
176
     0
 90
        2
176
     1
  1
strokes_ogs.tif
176
     1
290
     0
176
     1
 40
1.0
176
     1
 40
1.0
176
     1
  0
VISUALSTYLE
  5
65
102
{ACAD_REACTORS
330
16
102
}
330
16
100
AcDbVisualStyle
  2
GouraudWithEdges
 70
     3
177
     3
291
     0
 70
    58
 90
        2
176
     1
 90
        2
176
     1
 90
        0
176
     1
 90
        0
176
     1
 40
0.6
176
     1
 40
30.0
176
     1
 62
     7
420
 16777215
176
     1
 90
        1
176
     1
 90
        4
176
     1
 62
     7
176
     1
 62
   257
176
     1
 90
        1
176
     1
 90
        1
176
     1
 40
1.0
176
     1
 90
        8
176
     1
 62
     7
176
     1
 40
1.0
176
     1
 90
        1
176
     1
 90
        6
176
     1
 90
        2
176
     1
 62
     7
176
     1
 90
        5
176
     1
 90
        0
176
     1
 90
        0
176
     1
290
     0
176
     1
 90
        1
176
     1
 40
0.0
176
     1
 90
        0
176
     1
290
     0
176
     1
290
     1
176
     1
290
     1
176
     1
290
     0
176
     1
290
     0
176
     1
290
     0
176
     1
290
     0
176
     1
290
     0
176
     1
290
     0
176
     1
 90
       50
176
     1
 40
0.0
176
     1
 40
1.0
176
     1
 90
        0
176
     1
 62
    18
420
        0
176
     1
 90
       50
176
     1
 90
        3
176
     1
 62
     5
420
      255
176
     1
290
     0
176
     1
 90
       50
176
     1
 90
       50
176
     1
 90
       50
176
     1
290
     0
176
     1
 90
       50
176
     1
 62
   256
176
     0
 40
1.0
176
     0
 90
        2
176
     1
  1
strokes_ogs.tif
176
     1
290
     0
176
     1
 40
1.0
176
     1
 40
1.0
176
     1
  0
VISUALSTYLE
  5
66
102
{ACAD_REACTORS
330
16
102
}
330
16
100
AcDbVisualStyle
  2
Hidden
 70
     6
177
     3
291
     0
 70
    58
 90
        2
176
     1
 90
        2
176
     1
 90
        0
176
     1
 90
        0
176
     1
 40
0.6
176
     1
 40
30.0
176
     1
 62
     7
420
 16777215
176
     1
 90
        1
176
     1
 90
        4
176
     1
 62
     7
176
     1
 62
   257
176
     1
 90
        1
176
     1
 90
        1
176
     1
 40
1.0
176
     1
 90
        8
176
     1
 62
     7
176
     1
 40
1.0
176
     1
 90
        1
176
     1
 90
        6
176
     1
 90
        2
176
     1
 62
     7
176
     1
 90
        5
176
     1
 90
        0
176
     1
 90
        0
176
     1
290
     0
176
     1
 90
        1
176
     1
 40
0.0
176
     1
 90
        0
176
     1
290
     0
176
     1
290
     1
176
     1
290
     1
176
     1
290
     0
176
     1
290
     0
176
     1
290
     0
176
     1
290
     0
176
     1
290
     0
176
     1
290
     0
176
     1
 90
       50
176
     1
 40
0.0
176
     1
 40
1.0
176
     1
 90
        0
176
     1
 62
    18
420
        0
176
     1
 90
       50
176
     1
 90
        3
176
     1
 62
     5
420
      255
176
     1
290
     0
176
     1
 90
       50
176
     1
 90
       50
176
     1
 90
       50
176
     1
290
     0
176
     1
 90
       50
176
     1
 62
   256
176
     0
 40
1.0
176
     0
 90
        2
176
     1
  1
strokes_ogs.tif
176
     1
290
     0
176
     1
 40
1.0
176
     1
 40
1.0
176
     1
  0
VISUALSTYLE
  5
67
102
{ACAD_REACTORS
330
16
102
}
330
16
100
AcDbVisualStyle
  2
JitterOff
 70
    20
177
     3
291
     0
 70
    58
 90
        2
176
     1
 90
        2
176
     1
 90
        0
176
     1
 90
        0
176
     1
 40
0.6
176
     1
 40
30.0
176
     1
 62
     7
420
 16777215
176
     1
 90
        1
176
     1
 90
        4
176
     1
 62
     7
176
     1
 62
   257
176
     1
 90
        1
176
     1
 90
        1
176
     1
 40
1.0
176
     1
 90
        8
176
     1
 62
     7
176
     1
 40
1.0
176
     1
 90
        1
176
     1
 90
        6
176
     1
 90
        2
176
     1
 62
     7
176
     1
 90
        5
176
     1
 90
        0
176
     1
 90
        0
176
     1
290
     0
176
     1
 90
        1
176
     1
 40
0.0
176
     1
 90
        0
176
     1
290
     0
176
     1
290
     1
176
     1
290
     1
176
     1
290
     0
176
     1
290
     0
176
     1
290
     0
176
     1
290
     0
176
     1
290
     0
176
     1
290
     0
176
     1
 90
       50
176
     1
 40
0.0
176
     1
 40
1.0
176
     1
 90
        0
176
     1
 62
    18
420
        0
176
     1
 90
       50
176
     1
 90
        3
176
     1
 62
     5
420
      255
176
     1
290
     0
176
     1
 90
       50
176
     1
 90
       50
176
     1
 90
       50
176
     1
290
     0
176
     1
 90
       50
176
     1
 62
   256
176
     0
 40
1.0
176
     0
 90
        2
176
     1
  1
strokes_ogs.tif
176
     1
290
     0
176
     1
 40
1.0
176
     1
 40
1.0
176
     1
  0
VISUALSTYLE
  5
68
102
{ACAD_REACTORS
330
16
102
}
330
16
100
AcDbVisualStyle
  2
Linepattern
 70
    14
177
     3
291
     0
 70
    58
 90
        2
176
     1
 90
        2
176
     1
 90
        0
176
     1
 90
        0
176
     1
 40
0.6
176
     1
 40
30.0
176
     1
 62
     7
420
 16777215
176
     1
 90
        1
176
     1
 90
        4
176
     1
 62
     7
176
     1
 62
   257
176
     1
 90
        1
176
     1
 90
        1
176
     1
 40
1.0
176
     1
 90
        8
176
     1
 62
     7
176
     1
 40
1.0
176
     1
 90
        1
176
     1
 90
        6
176
     1
 90
        2
176
     1
 62
     7
176
     1
 90
        5
176
     1
 90
        0
176
     1
 90
        0
176
     1
290
     0
176
     1
 90
        1
176
     1
 40
0.0
176
     1
 90
        0
176
     1
290
     0
176
     1
290
     1
176
     1
290
     1
176
     1
290
     0
176
     1
290
     0
176
     1
290
     0
176
     1
290
     0
176
     1
290
     0
176
     1
290
     0
176
     1
 90
       50
176
     1
 40
0.0
176
     1
 40
1.0
176
     1
 90
        0
176
     1
 62
    18
420
        0
176
     1
 90
       50
176
     1
 90
        3
176
     1
 62
     5
420
      255
176
     1
290
     0
176
     1
 90
       50
176
     1
 90
       50
176
     1
 90
       50
176
     1
290
     0
176
     1
 90
       50
176
     1
 62
   256
176
     0
 40
1.0
176
     0
 90
        2
176
     1
  1
strokes_ogs.tif
176
     1
290
     0
176
     1
 40
1.0
176
     1
 40
1.0
176
     1
  0
VISUALSTYLE
  5
69
102
{ACAD_REACTORS
330
16
102
}
330
16
100
AcDbVisualStyle
  2
Modeling
 70
    10
177
     3
291
     0
 70
    58
 90
        2
176
     1
 90
        2
176
     1
 90
        0
176
     1
 90
        0
176
     1
 40
0.6
176
     1
 40
30.0
176
     1
 62
     7
420
 16777215
176
     1
 90
        1
176
     1
 90
        4
176
     1
 62
     7
176
     1
 62
   257
176
     1
 90
        1
176
     1
 90
        1
176
     1
 40
1.0
176
     1
 90
        8
176
     1
 62
     7
176
     1
 40
1.0
176
     1
 90
        1
176
     1
 90
        6
176
     1
 90
        2
176
     1
 62
     7
176
     1
 90
        5
176
     1
 90
        0
176
     1
 90
        0
176
     1
290
     0
176
     1
 90
        1
176
     1
 40
0.0
176
     1
 90
        0
176
     1
290
     0
176
     1
290
     1
176
     1
290
     1
176
     1
290
     0
176
     1
290
     0
176
     1
290
     0
176
     1
290
     0
176
     1
290
     0
176
     1
290
     0
176
     1
 90
       50
176
     1
 40
0.0
176
     1
 40
1.0
176
     1
 90
        0
176
     1
 62
    18
420
        0
176
     1
 90
       50
176
     1
 90
        3
176
     1
 62
     5
420
      255
176
     1
290
     0
176
     1
 90
       50
176
     1
 90
       50
176
     1
 90
       50
176
     1
290
     0
176
     1
 90
       50
176
     1
 62
   256
176
     0
 40
1.0
176
     0
 90
        2
176
     1
  1
strokes_ogs.tif
176
     1
290
     0
176
     1
 40
1.0
176
     1
 40
1.0
176
     1
  0
VISUALSTYLE
  5
6A
102
{ACAD_REACTORS
330
16
102
}
330
16
100
AcDbVisualStyle
  2
OverhangOff
 70
    21
177
     3
291
     0
 70
    58
 90
        2
176
     1
 90
        2
176
     1
 90
        0
176
     1
 90
        0
176
     1
 40
0.6
176
     1
 40
30.0
176
     1
 62
     7
420
 16777215
176
     1
 90
        1
176
     1
 90
        4
176
     1
 62
     7
176
     1
 62
   257
176
     1
 90
        1
176
     1
 90
        1
176
     1
 40
1.0
176
     1
 90
        8
176
     1
 62
     7
176
     1
 40
1.0
176
     1
 90
        1
176
     1
 90
        6
176
     1
 90
        2
176
     1
 62
     7
176
     1
 90
        5
176
     1
 90
        0
176
     1
 90
        0
176
     1
290
     0
176
     1
 90
        1
176
     1
 40
0.0
176
     1
 90
        0
176
     1
290
     0
176
     1
290
     1
176
     1
290
     1
176
     1
290
     0
176
     1
290
     0
176
     1
290
     0
176
     1
290
     0
176
     1
290
     0
176
     1
290
     0
176
     1
 90
       50
176
     1
 40
0.0
176
     1
 40
1.0
176
     1
 90
        0
176
     1
 62
    18
420
        0
176
     1
 90
       50
176
     1
 90
        3
176
     1
 62
     5
420
      255
176
     1
290
     0
176
     1
 90
       50
176
     1
 90
       50
176
     1
 90
       50
176
     1
290
     0
176
     1
 90
       50
176
     1
 62
   256
176
     0
 40
1.0
176
     0
 90
        2
176
     1
  1
strokes_ogs.tif
176
     1
290
     0
176
     1
 40
1.0
176
     1
 40
1.0
176
     1
  0
VISUALSTYLE
  5
6B
102
{ACAD_REACTORS
330
16
102
}
330
16
100
AcDbVisualStyle
  2
Realistic
 70
     8
177
     3
291
     0
 70
    58
 90
        2
176
     1
 90
        2
176
     1
 90
        0
176
     1
 90
        0
176
     1
 40
0.6
176
     1
 40
30.0
176
     1
 62
     7
420
 16777215
176
     1
 90
        1
176
     1
 90
        4
176
     1
 62
     7
176
     1
 62
   257
176
     1
 90
        1
176
     1
 90
        1
176
     1
 40
1.0
176
     1
 90
        8
176
     1
 62
     7
176
     1
 40
1.0
176
     1
 90
        1
176
     1
 90
        6
176
     1
 90
        2
176
     1
 62
     7
176
     1
 90
        5
176
     1
 90
        0
176
     1
 90
        0
176
     1
290
     0
176
     1
 90
        1
176
     1
 40
0.0
176
     1
 90
        0
176
     1
290
     0
176
     1
290
     1
176
     1
290
     1
176
     1
290
     0
176
     1
290
     0
176
     1
290
     0
176
     1
290
     0
176
     1
290
     0
176
     1
290
     0
176
     1
 90
       50
176
     1
 40
0.0
176
     1
 40
1.0
176
     1
 90
        0
176
     1
 62
    18
420
        0
176
     1
 90
       50
176
     1
 90
        3
176
     1
 62
     5
420
      255
176
     1
290
     0
176
     1
 90
       50
176
     1
 90
       50
176
     1
 90
       50
176
     1
290
     0
176
     1
 90
       50
176
     1
 62
   256
176
     0
 40
1.0
176
     0
 90
        2
176
     1
  1
strokes_ogs.tif
176
     1
290
     0
176
     1
 40
1.0
176
     1
 40
1.0
176
     1
  0
VISUALSTYLE
  5
6C
102
{ACAD_REACTORS
330
16
102
}
330
16
100
AcDbVisualStyle
  2
Shaded
 70
    27
177
     3
291
     0
 70
    58
 90
        2
176
     1
 90
        2
176
     1
 90
        0
176
     1
 90
        0
176
     1
 40
0.6
176
     1
 40
30.0
176
     1
 62
     7
420
 16777215
176
     1
 90
        1
176
     1
 90
        4
176
     1
 62
     7
176
     1
 62
   257
176
     1
 90
        1
176
     1
 90
        1
176
     1
 40
1.0
176
     1
 90
        8
176
     1
 62
     7
176
     1
 40
1.0
176
     1
 90
        1
176
     1
 90
        6
176
     1
 90
        2
176
     1
 62
     7
176
     1
 90
        5
176
     1
 90
        0
176
     1
 90
        0
176
     1
290
     0
176
     1
 90
        1
176
     1
 40
0.0
176
     1
 90
        0
176
     1
290
     0
176
     1
290
     1
176
     1
290
     1
176
     1
290
     0
176
     1
290
     0
176
     1
290
     0
176
     1
290
     0
176
     1
290
     0
176
     1
290
     0
176
     1
 90
       50
176
     1
 40
0.0
176
     1
 40
1.0
176
     1
 90
        0
176
     1
 62
    18
420
        0
176
     1
 90
       50
176
     1
 90
        3
176
     1
 62
     5
420
      255
176
     1
290
     0
176
     1
 90
       50
176
     1
 90
       50
176
     1
 90
       50
176
     1
290
     0
176
     1
 90
       50
176
     1
 62
   256
176
     0
 40
1.0
176
     0
 90
        2
176
     1
  1
strokes_ogs.tif
176
     1
290
     0
176
     1
 40
1.0
176
     1
 40
1.0
176
     1
  0
VISUALSTYLE
  5
6D
102
{ACAD_REACTORS
330
16
102
}
330
16
100
AcDbVisualStyle
  2
Shaded with edges
 70
    26
177
     3
291
     0
 70
    58
 90
        2
176
     1
 90
        2
176
     1
 90
        0
176
     1
 90
        0
176
     1
 40
0.6
176
     1
 40
30.0
176
     1
 62
     7
420
 16777215
176
     1
 90
        1
176
     1
 90
        4
176
     1
 62
     7
176
     1
 62
   257
176
     1
 90
        1
176
     1
 90
        1
176
     1
 40
1.0
176
     1
 90
        8
176
     1
 62
     7
176
     1
 40
1.0
176
     1
 90
        1
176
     1
 90
        6
176
     1
 90
        2
176
     1
 62
     7
176
     1
 90
        5
176
     1
 90
        0
176
     1
 90
        0
176
     1
290
     0
176
     1
 90
        1
176
     1
 40
0.0
176
     1
 90
        0
176
     1
290
     0
176
     1
290
     1
176
     1
290
     1
176
     1
290
     0
176
     1
290
     0
176
     1
290
     0
176
     1
290
     0
176
     1
290
     0
176
     1
290
     0
176
     1
 90
       50
176
     1
 40
0.0
176
     1
 40
1.0
176
     1
 90
        0
176
     1
 62
    18
420
        0
176
     1
 90
       50
176
     1
 90
        3
176
     1
 62
     5
420
      255
176
     1
290
     0
176
     1
 90
       50
176
     1
 90
       50
176
     1
 90
       50
176
     1
290
     0
176
     1
 90
       50
176
     1
 62
   256
176
     0
 40
1.0
176
     0
 90
        2
176
     1
  1
strokes_ogs.tif
176
     1
290
     0
176
     1
 40
1.0
176
     1
 40
1.0
176
     1
  0
VISUALSTYLE
  5
6E
102
{ACAD_REACTORS
330
16
102
}
330
16
100
AcDbVisualStyle
  2
Shades of Gray
 70
    23
177
     3
291
     0
 70
    58
 90
        2
176
     1
 90
        2
176
     1
 90
        0
176
     1
 90
        0
176
     1
 40
0.6
176
     1
 40
30.0
176
     1
 62
     7
420
 16777215
176
     1
 90
        1
176
     1
 90
        4
176
     1
 62
     7
176
     1
 62
   257
176
     1
 90
        1
176
     1
 90
        1
176
     1
 40
1.0
176
     1
 90
        8
176
     1
 62
     7
176
     1
 40
1.0
176
     1
 90
        1
176
     1
 90
        6
176
     1
 90
        2
176
     1
 62
     7
176
     1
 90
        5
176
     1
 90
        0
176
     1
 90
        0
176
     1
290
     0
176
     1
 90
        1
176
     1
 40
0.0
176
     1
 90
        0
176
     1
290
     0
176
     1
290
     1
176
     1
290
     1
176
     1
290
     0
176
     1
290
     0
176
     1
290
     0
176
     1
290
     0
176
     1
290
     0
176
     1
290
     0
176
     1
 90
       50
176
     1
 40
0.0
176
     1
 40
1.0
176
     1
 90
        0
176
     1
 62
    18
420
        0
176
     1
 90
       50
176
     1
 90
        3
176
     1
 62
     5
420
      255
176
     1
290
     0
176
     1
 90
       50
176
     1
 90
       50
176
     1
 90
       50
176
     1
290
     0
176
     1
 90
       50
176
     1
 62
   256
176
     0
 40
1.0
176
     0
 90
        2
176
     1
  1
strokes_ogs.tif
176
     1
290
     0
176
     1
 40
1.0
176
     1
 40
1.0
176
     1
  0
VISUALSTYLE
  5
6F
102
{ACAD_REACTORS
330
16
102
}
330
16
100
AcDbVisualStyle
  2
Sketchy
 70
    24
177
     3
291
     0
 70
    58
 90
        2
176
     1
 90
        2
176
     1
 90
        0
176
     1
 90
        0
176
     1
 40
0.6
176
     1
 40
30.0
176
     1
 62
     7
420
 16777215
176
     1
 90
        1
176
     1
 90
        4
176
     1
 62
     7
176
     1
 62
   257
176
     1
 90
        1
176
     1
 90
        1
176
     1
 40
1.0
176
     1
 90
        8
176
     1
 62
     7
176
     1
 40
1.0
176
     1
 90
        1
176
     1
 90
        6
176
     1
 90
        2
176
     1
 62
     7
176
     1
 90
        5
176
     1
 90
        0
176
     1
 90
        0
176
     1
290
     0
176
     1
 90
        1
176
     1
 40
0.0
176
     1
 90
        0
176
     1
290
     0
176
     1
290
     1
176
     1
290
     1
176
     1
290
     0
176
     1
290
     0
176
     1
290
     0
176
     1
290
     0
176
     1
290
     0
176
     1
290
     0
176
     1
 90
       50
176
     1
 40
0.0
176
     1
 40
1.0
176
     1
 90
        0
176
     1
 62
    18
420
        0
176
     1
 90
       50
176
     1
 90
        3
176
     1
 62
     5
420
      255
176
     1
290
     0
176
     1
 90
       50
176
     1
 90
       50
176
     1
 90
       50
176
     1
290
     0
176
     1
 90
       50
176
     1
 62
   256
176
     0
 40
1.0
176
     0
 90
        2
176
     1
  1
strokes_ogs.tif
176
     1
290
     0
176
     1
 40
1.0
176
     1
 40
1.0
176
     1
  0
VISUALSTYLE
  5
70
102
{ACAD_REACTORS
330
16
102
}
330
16
100
AcDbVisualStyle
  2
Thicken
 70
    13
177
     3
291
     0
 70
    58
 90
        2
176
     1
 90
        2
176
     1
 90
        0
176
     1
 90
        0
176
     1
 40
0.6
176
     1
 40
30.0
176
     1
 62
     7
420
 16777215
176
     1
 90
        1
176
     1
 90
        4
176
     1
 62
     7
176
     1
 62
   257
176
     1
 90
        1
176
     1
 90
        1
176
     1
 40
1.0
176
     1
 90
        8
176
     1
 62
     7
176
     1
 40
1.0
176
     1
 90
        1
176
     1
 90
        6
176
     1
 90
        2
176
     1
 62
     7
176
     1
 90
        5
176
     1
 90
        0
176
     1
 90
        0
176
     1
290
     0
176
     1
 90
        1
176
     1
 40
0.0
176
     1
 90
        0
176
     1
290
     0
176
     1
290
     1
176
     1
290
     1
176
     1
290
     0
176
     1
290
     0
176
     1
290
     0
176
     1
290
     0
176
     1
290
     0
176
     1
290
     0
176
     1
 90
       50
176
     1
 40
0.0
176
     1
 40
1.0
176
     1
 90
        0
176
     1
 62
    18
420
        0
176
     1
 90
       50
176
     1
 90
        3
176
     1
 62
     5
420
      255
176
     1
290
     0
176
     1
 90
       50
176
     1
 90
       50
176
     1
 90
       50
176
     1
290
     0
176
     1
 90
       50
176
     1
 62
   256
176
     0
 40
1.0
176
     0
 90
        2
176
     1
  1
strokes_ogs.tif
176
     1
290
     0
176
     1
 40
1.0
176
     1
 40
1.0
176
     1
  0
VISUALSTYLE
  5
71
102
{ACAD_REACTORS
330
16
102
}
330
16
100
AcDbVisualStyle
  2
Wireframe
 70
     5
177
     3
291
     0
 70
    58
 90
        2
176
     1
 90
        2
176
     1
 90
        0
176
     1
 90
        0
176
     1
 40
0.6
176
     1
 40
30.0
176
     1
 62
     7
420
 16777215
176
     1
 90
        1
176
     1
 90
        4
176
     1
 62
     7
176
     1
 62
   257
176
     1
 90
        1
176
     1
 90
        1
176
     1
 40
1.0
176
     1
 90
        8
176
     1
 62
     7
176
     1
 40
1.0
176
     1
 90
        1
176
     1
 90
        6
176
     1
 90
        2
176
     1
 62
     7
176
     1
 90
        5
176
     1
 90
        0
176
     1
 90
        0
176
     1
290
     0
176
     1
 90
        1
176
     1
 40
0.0
176
     1
 90
        0
176
     1
290
     0
176
     1
290
     1
176
     1
290
     1
176
     1
290
     0
176
     1
290
     0
176
     1
290
     0
176
     1
290
     0
176
     1
290
     0
176
     1
290
     0
176
     1
 90
       50
176
     1
 40
0.0
176
     1
 40
1.0
176
     1
 90
        0
176
     1
 62
    18
420
        0
176
     1
 90
       50
176
     1
 90
        3
176
     1
 62
     5
420
      255
176
     1
290
     0
176
     1
 90
       50
176
     1
 90
       50
176
     1
 90
       50
176
     1
290
     0
176
     1
 90
       50
176
     1
 62
   256
176
     0
 40
1.0
176
     0
 90
        2
176
     1
  1
strokes_ogs.tif
176
     1
290
     0
176
     1
 40
1.0
176
     1
 40
1.0
176
     1
  0
VISUALSTYLE
  5
72
102
{ACAD_REACTORS
330
16
102
}
330
16
100
AcDbVisualStyle
  2
X-Ray
 70
    25
177
     3
291
     0
 70
    58
 90
        2
176
     1
 90
        2
176
     1
 90
        0
176
     1
 90
        0
176
     1
 40
0.6
176
     1
 40
30.0
176
     1
 62
     7
420
 16777215
176
     1
 90
        1
176
     1
 90
        4
176
     1
 62
     7
176
     1
 62
   257
176
     1
 90
        1
176
     1
 90
        1
176
     1
 40
1.0
176
     1
 90
        8
176
     1
 62
     7
176
     1
 40
1.0
176
     1
 90
        1
176
     1
 90
        6
176
     1
 90
        2
176
     1
 62
     7
176
     1
 90
        5
176
     1
 90
        0
176
     1
 90
        0
176
     1
290
     0
176
     1
 90
        1
176
     1
 40
0.0
176
     1
 90
        0
176
     1
290
     0
176
     1
290
     1
176
     1
290
     1
176
     1
290
     0
176
     1
290
     0
176
     1
290
     0
176
     1
290
     0
176
     1
290
     0
176
     1
290
     0
176
     1
 90
       50
176
     1
 40
0.0
176
     1
 40
1.0
176
     1
 90
        0
176
     1
 62
    18
420
        0
176
     1
 90
       50
176
     1
 90
        3
176
     1
 62
     5
420
      255
176
     1
290
     0
176
     1
 90
       50
176
     1
 90
       50
176
     1
 90
       50
176
     1
290
     0
176
     1
 90
       50
176
     1
 62
   256
176
     0
 40
1.0
176
     0
 90
        2
176
     1
  1
strokes_ogs.tif
176
     1
290
     0
176
     1
 40
1.0
176
     1
 40
1.0
176
     1
  0
DICTIONARYVAR
  5
1B1
102
{ACAD_REACTORS
330
1AC
102
}
330
1AC
100
DictionaryVariables
280
     0
  1
1:1
  0
DICTIONARYVAR
  5
1AE
102
{ACAD_REACTORS
330
1AC
102
}
330
1AC
100
DictionaryVariables
280
     0
  1
STANDARD
  0
DICTIONARYVAR
  5
1AD
102
{ACAD_REACTORS
330
1AC
102
}
330
1AC
100
DictionaryVariables
280
     0
  1
STANDARD
  0
DICTIONARYVAR
  5
1AF
102
{ACAD_REACTORS
330
1AC
102
}
330
1AC
100
DictionaryVariables
280
     0
  1
Metric50
  0
DICTIONARYVAR
  5
1B0
102
{ACAD_REACTORS
330
1AC
102
}
330
1AC
100
DictionaryVariables
280
     0
  1
Metric50
  0
DICTIONARYVAR
  5
2E
330
2D
100
DictionaryVariables
280
     0
  1
1.4.4 @ 2026-08-06T10:20:27.399298+00:00
  0
DICTIONARYVAR
  5
181
330
2D
100
DictionaryVariables
280
     0
  1
1.4.4 @ 2026-08-06T10:20:27.412420+00:00
  0
DICTIONARY
  5
22F
330
185
100
AcDbDictionary
280
     1
281
     1
  3
ACAD_ROUNDTRIP_2008_TABLESTYLE_CELLSTYLEMAP
360
230
  0
CELLSTYLEMAP
  5
230
102
{ACAD_REACTORS
330
22F
102
}
330
22F
100
AcDbCellStyleMap
 90
        3
300
CELLSTYLE
  1
TABLEFORMAT_BEGIN
 90
        5
170
     1
 91
        0
 92
    32768
 62
   257
 93
        1
300
CONTENTFORMAT
  1
CONTENTFORMAT_BEGIN
 90
        0
 91
        0
 92
      512
 93
        0
300

 40
0.0
140
1.0
 94
        5
 62
     0
340
29
144
6.0
309
CONTENTFORMAT_END
171
     1
301
MARGIN
  1
CELLMARGIN_BEGIN
 40
1.5
 40
1.5
 40
1.5
 40
1.5
 40
4.5
 40
4.5
309
CELLMARGIN_END
 94
        6
 95
        1
302
GRIDFORMAT
  1
GRIDFORMAT_BEGIN
 90
        0
 91
        1
 62
     0
 92
       -2
340
0
 93
        0
 40
1.125
309
GRIDFORMAT_END
 95
        2
302
GRIDFORMAT
  1
GRIDFORMAT_BEGIN
 90
        0
 91
        1
 62
     0
 92
       -2
340
0
 93
        0
 40
1.125
309
GRIDFORMAT_END
 95
        4
302
GRIDFORMAT
  1
GRIDFORMAT_BEGIN
 90
        0
 91
        1
 62
     0
 92
       -2
340
0
 93
        0
 40
1.125
309
GRIDFORMAT_END
 95
        8
302
GRIDFORMAT
  1
GRIDFORMAT_BEGIN
 90
        0
 91
        1
 62
     0
 92
       -2
340
0
 93
        0
 40
1.125
309
GRIDFORMAT_END
 95
       16
302
GRIDFORMAT
  1
GRIDFORMAT_BEGIN
 90
        0
 91
        1
 62
     0
 92
       -2
340
0
 93
        0
 40
1.125
309
GRIDFORMAT_END
 95
       32
302
GRIDFORMAT
  1
GRIDFORMAT_BEGIN
 90
        0
 91
        1
 62
     0
 92
       -2
340
0
 93
        0
 40
1.125
309
GRIDFORMAT_END
309
TABLEFORMAT_END
  1
CELLSTYLE_BEGIN
 90
        1
 91
        1
300
_TITLE
309
CELLSTYLE_END
300
CELLSTYLE
  1
TABLEFORMAT_BEGIN
 90
        5
170
     1
 91
        0
 92
        0
 62
   257
 93
        1
300
CONTENTFORMAT
  1
CONTENTFORMAT_BEGIN
 90
        0
 91
        0
 92
      512
 93
        0
300

 40
0.0
140
1.0
 94
        5
 62
     0
340
29
144
4.5
309
CONTENTFORMAT_END
171
     1
301
MARGIN
  1
CELLMARGIN_BEGIN
 40
1.5
 40
1.5
 40
1.5
 40
1.5
 40
4.5
 40
4.5
309
CELLMARGIN_END
 94
        6
 95
        1
302
GRIDFORMAT
  1
GRIDFORMAT_BEGIN
 90
        0
 91
        1
 62
     0
 92
       -2
340
0
 93
        0
 40
1.125
309
GRIDFORMAT_END
 95
        2
302
GRIDFORMAT
  1
GRIDFORMAT_BEGIN
 90
        0
 91
        1
 62
     0
 92
       -2
340
0
 93
        0
 40
1.125
309
GRIDFORMAT_END
 95
        4
302
GRIDFORMAT
  1
GRIDFORMAT_BEGIN
 90
        0
 91
        1
 62
     0
 92
       -2
340
0
 93
        0
 40
1.125
309
GRIDFORMAT_END
 95
        8
302
GRIDFORMAT
  1
GRIDFORMAT_BEGIN
 90
        0
 91
        1
 62
     0
 92
       -2
340
0
 93
        0
 40
1.125
309
GRIDFORMAT_END
 95
       16
302
GRIDFORMAT
  1
GRIDFORMAT_BEGIN
 90
        0
 91
        1
 62
     0
 92
       -2
340
0
 93
        0
 40
1.125
309
GRIDFORMAT_END
 95
       32
302
GRIDFORMAT
  1
GRIDFORMAT_BEGIN
 90
        0
 91
        1
 62
     0
 92
       -2
340
0
 93
        0
 40
1.125
309
GRIDFORMAT_END
309
TABLEFORMAT_END
  1
CELLSTYLE_BEGIN
 90
        2
 91
        1
300
_HEADER
309
CELLSTYLE_END
300
CELLSTYLE
  1
TABLEFORMAT_BEGIN
 90
        5
170
     1
 91
        0
 92
        0
 62
   257
 93
        1
300
CONTENTFORMAT
  1
CONTENTFORMAT_BEGIN
 90
        0
 91
        0
 92
      512
 93
        0
300

 40
0.0
140
1.0
 94
        2
 62
     0
340
29
144
4.5
309
CONTENTFORMAT_END
171
     1
301
MARGIN
  1
CELLMARGIN_BEGIN
 40
1.5
 40
1.5
 40
1.5
 40
1.5
 40
4.5
 40
4.5
309
CELLMARGIN_END
 94
        6
 95
        1
302
GRIDFORMAT
  1
GRIDFORMAT_BEGIN
 90
        0
 91
        1
 62
     0
 92
       -2
340
0
 93
        0
 40
1.125
309
GRIDFORMAT_END
 95
        2
302
GRIDFORMAT
  1
GRIDFORMAT_BEGIN
 90
        0
 91
        1
 62
     0
 92
       -2
340
0
 93
        0
 40
1.125
309
GRIDFORMAT_END
 95
        4
302
GRIDFORMAT
  1
GRIDFORMAT_BEGIN
 90
        0
 91
        1
 62
     0
 92
       -2
340
0
 93
        0
 40
1.125
309
GRIDFORMAT_END
 95
        8
302
GRIDFORMAT
  1
GRIDFORMAT_BEGIN
 90
        0
 91
        1
 62
     0
 92
       -2
340
0
 93
        0
 40
1.125
309
GRIDFORMAT_END
 95
       16
302
GRIDFORMAT
  1
GRIDFORMAT_BEGIN
 90
        0
 91
        1
 62
     0
 92
       -2
340
0
 93
        0
 40
1.125
309
GRIDFORMAT_END
 95
       32
302
GRIDFORMAT
  1
GRIDFORMAT_BEGIN
 90
        0
 91
        1
 62
     0
 92
       -2
340
0
 93
        0
 40
1.125
309
GRIDFORMAT_END
309
TABLEFORMAT_END
  1
CELLSTYLE_BEGIN
 90
        3
 91
        2
300
_DATA
309
CELLSTYLE_END
  0
ENDSEC
  0
SECTION
  2
ACDSDATA
 70
     2
 71
     8
  0
ACDSSCHEMA
 90
        0
  1
AcDb_Thumbnail_Schema
  2
AcDbDs::ID
280
    10
 91
        8
  2
Thumbnail_Data
280
    15
 91
        0
101
ACDSRECORD
 95
        0
 90
        1
  2
AcDbDs::TreatedAsObjectData
280
     1
291
     1
101
ACDSRECORD
 95
        0
 90
        2
  2
AcDbDs::Legacy
280
     1
291
     1
101
ACDSRECORD
  1
AcDbDs::ID
 90
        3
  2
AcDs:Indexable
280
     1
291
     1
101
ACDSRECORD
  1
AcDbDs::ID
 90
        4
  2
AcDbDs::HandleAttribute
280
     7
282
     1
  0
ACDSSCHEMA
 90
        1
  1
AcDbDs::TreatedAsObjectDataSchema
  2
AcDbDs::TreatedAsObjectData
280
     1
 91
        0
  0
ACDSSCHEMA
 90
        2
  1
AcDbDs::LegacySchema
  2
AcDbDs::Legacy
280
     1
 91
        0
  0
ACDSSCHEMA
 90
        3
  1
AcDbDs::IndexedPropertySchema
  2
AcDs:Indexable
280
     1
 91
        0
  0
ACDSSCHEMA
 90
        4
  1
AcDbDs::HandleAttributeSchema
  2
AcDbDs::HandleAttribute
280
     7
 91
        1
284
     1
  0
ACDSRECORD
 90
        0
  2
AcDbDs::ID
280
    10
320
1A
  2
Thumbnail_Data
280
    15
 94
     1730
310
89504E470D0A1A0A0000000D49484452000001000000006408030000005EBE1EAC00000300504C5445000000FFFFFF0000000000000000000000000000000000000000000000000000000000330000660000990000CC0000FF0033000033330033660033990033CC0033FF0066000066330066660066990066CC0066FF0099
310
000099330099660099990099CC0099FF00CC0000CC3300CC6600CC9900CCCC00CCFF00FF0000FF3300FF6600FF9900FFCC00FFFF3300003300333300663300993300CC3300FF3333003333333333663333993333CC3333FF3366003366333366663366993366CC3366FF3399003399333399663399993399CC3399FF33CC00
310
33CC3333CC6633CC9933CCCC33CCFF33FF0033FF3333FF6633FF9933FFCC33FFFF6600006600336600666600996600CC6600FF6633006633336633666633996633CC6633FF6666006666336666666666996666CC6666FF6699006699336699666699996699CC6699FF66CC0066CC3366CC6666CC9966CCCC66CCFF66FF0066
310
FF3366FF6666FF9966FFCC66FFFF9900009900339900669900999900CC9900FF9933009933339933669933999933CC9933FF9966009966339966669966999966CC9966FF9999009999339999669999999999CC9999FF99CC0099CC3399CC6699CC9999CCCC99CCFF99FF0099FF3399FF6699FF9999FFCC99FFFFCC0000CC00
310
33CC0066CC0099CC00CCCC00FFCC3300CC3333CC3366CC3399CC33CCCC33FFCC6600CC6633CC6666CC6699CC66CCCC66FFCC9900CC9933CC9966CC9999CC99CCCC99FFCCCC00CCCC33CCCC66CCCC99CCCCCCCCCCFFCCFF00CCFF33CCFF66CCFF99CCFFCCCCFFFFFF0000FF0033FF0066FF0099FF00CCFF00FFFF3300FF3333
310
FF3366FF3399FF33CCFF33FFFF6600FF6633FF6666FF6699FF66CCFF66FFFF9900FF9933FF9966FF9999FF99CCFF99FFFFCC00FFCC33FFCC66FFCC99FFCCCCFFCCFFFFFF00FFFF33FFFF66FFFF99FFFFCCFFFFFF0000000D0D0D1A1A1A2828283535354343435050505D5D5D6B6B6B787878868686939393A1A1A1AEAEAEBB
310
BBBBC9C9C9D6D6D6E4E4E4F1F1F1FFFFFF0000000000000000000000000000000000000000000000000000000000003AE5ACE9000002D04944415478DAED9BDD9583201046A703DAF085FE0BB00DDB98F7150C0AE360D04D0CE077F7648F2199A8577E066288000000000000000000000000403205B64DBFE51F05B1143DA2
310
67ED9D7F388578EB6D30A5C29A174062AB3098CE47D6039FE33FC1950AD8178D2ADABB8B831D10D09200A5AC5C80BA9FBA0598B78CA3FBAF093085D42D605F6ED64E7EAB01BA0025D68841C2952902C4E81B8F4853C8326EAF01AFFD9BC96D9EAD0171F0AE0A9D1330DD359EA635C0A40761923E202760BBEE49AC896BD369
310
01F7D5008709C3B449EBF05B012E36048BA0020175F501970484F75E17901B3520A06B016B43F7BD6BE9D4EB4B027C7F35F7DFAF1E3D3E78B39D4446C02B3616203EE350007B014C8F1310650CBF6E01A209642968027920A01901710696F64C0502F2C1750B881321F51CFC3BE6E3F729CF4122A40573F8F8969B00FFA309
310
84990641404302E412DE29015A6CE5025E7900B158E6E1246B99F31537C73DCA03A2288E3F7D991B6605C4F3BF9F2742370AD8CA6B59134C0E7AF742BE09EC6CA9E595F70152005D16C03D08D09E170BC894579E08BD674984ECE56F861AA801C7EF72C769ADECB0CB57B9D6EEBE5101C3380E83B596AF043B2CD9A66BC030
310
0DC3FCA0CB022892172DFD36D3070C0B9FF9767813E05784260955C9678F2C7C5A0535E0B73A9D80811E8C6F580400000000F0B39C6C7F8B4A49442702789E92CCACD3938548CB3A97F1DB5D0A502EAB7297965F2BE5FE9AC07261595CF169CF5C186E8632F54F5EBF29604CA7F03D0890F728AAED9C695A9780FA13C0F262
310
8B0E70A9164B0D708B631D194804708900BB5F1D6E5D00253F9DCA8CF5EE5E2ED9043A1C05441EA0D500FF5D7263BF8CFAB8808EAA8032E28904593681B1AF85DCF3BF1ADBF280874E9FC6872EE5F70ADF479B023EB8A7766B00453AD8FDF912E27327D59480C357E95A0D694100E5CE5F79E1F4094140F502BEBDA74A0574
310
B827E4010000000000003C9B3F8FAC6E30D49CD0BB0000000049454E44AE426082E30200120100030380FE006A761303F0EC3C40012800053037807EBFCDD0202DDE5FE55FCCCBCF3FF808F8B72E637E73540400BFFFF03AECE696CD2F02E008A0D3977A460000F21100373F39F1A300461E03FA01F8FB5BCCB26B3E00C0EF
310
DAC8AECC0880DFFA866142007698630076BC9B1100BF75C6302380838605A0BF26D7517B027A52C5BF09AA52A9542A954AA552A9542A956A10FD07C88895F42E69971F0000000049454E44AE426082
  0
ENDSEC
  0
EOF
